ISO-10303-21;
HEADER;
/* Generated by software containing ST-Developer
 * from STEP Tools, Inc. (www.steptools.com) 
 */

FILE_DESCRIPTION(
/* description */ (''),
/* implementation_level */ '2;1');

FILE_NAME(
/* name */ 'SENTRY_Base_v10.step',
/* time_stamp */ '2026-08-17T15:17:06+01:00',
/* author */ (''),
/* organization */ (''),
/* preprocessor_version */ 'ST-DEVELOPER v20.1',
/* originating_system */ 'Autodesk Translation Framework v15.8.0.0',
/* authorisation */ '');

FILE_SCHEMA (('AUTOMOTIVE_DESIGN { 1 0 10303 214 3 1 1 }'));
ENDSEC;

DATA;
#10=MECHANICAL_DESIGN_GEOMETRIC_PRESENTATION_REPRESENTATION('',(#13),#5521);
#11=SHAPE_REPRESENTATION_RELATIONSHIP('SRR','None',#5528,#12);
#12=ADVANCED_BREP_SHAPE_REPRESENTATION('',(#14),#5520);
#13=STYLED_ITEM('',(#5538),#14);
#14=MANIFOLD_SOLID_BREP('BaseBody',#3401);
#15=CYLINDRICAL_SURFACE('',#3502,0.25);
#16=CYLINDRICAL_SURFACE('',#3505,0.25);
#17=CYLINDRICAL_SURFACE('',#3508,0.25);
#18=CYLINDRICAL_SURFACE('',#3522,0.25);
#19=CYLINDRICAL_SURFACE('',#3580,0.31);
#20=CYLINDRICAL_SURFACE('',#3584,0.31);
#21=CYLINDRICAL_SURFACE('',#3588,0.31);
#22=CYLINDRICAL_SURFACE('',#3592,0.31);
#23=CYLINDRICAL_SURFACE('',#3596,0.17);
#24=CYLINDRICAL_SURFACE('',#3598,0.17);
#25=CYLINDRICAL_SURFACE('',#3600,0.17);
#26=CYLINDRICAL_SURFACE('',#3602,0.17);
#27=CYLINDRICAL_SURFACE('',#3604,0.3);
#28=CYLINDRICAL_SURFACE('',#3607,0.3);
#29=CYLINDRICAL_SURFACE('',#3610,0.3);
#30=CYLINDRICAL_SURFACE('',#3613,0.3);
#31=CYLINDRICAL_SURFACE('',#3616,0.1025);
#32=CYLINDRICAL_SURFACE('',#3620,0.1025);
#33=CYLINDRICAL_SURFACE('',#3624,0.1025);
#34=CYLINDRICAL_SURFACE('',#3628,0.1025);
#35=CYLINDRICAL_SURFACE('',#3632,0.35);
#36=CYLINDRICAL_SURFACE('',#3636,0.35);
#37=CYLINDRICAL_SURFACE('',#3640,0.35);
#38=CYLINDRICAL_SURFACE('',#3644,0.35);
#39=CYLINDRICAL_SURFACE('',#3648,1.08);
#40=CYLINDRICAL_SURFACE('',#3650,1.08);
#41=CYLINDRICAL_SURFACE('',#3656,1.08);
#42=CYLINDRICAL_SURFACE('',#3658,1.08);
#43=CIRCLE('',#3468,0.25);
#44=CIRCLE('',#3469,0.31);
#45=CIRCLE('',#3472,0.25);
#46=CIRCLE('',#3473,0.31);
#47=CIRCLE('',#3476,0.25);
#48=CIRCLE('',#3477,0.31);
#49=CIRCLE('',#3480,0.25);
#50=CIRCLE('',#3481,0.31);
#51=CIRCLE('',#3483,0.25);
#52=CIRCLE('',#3488,0.25);
#53=CIRCLE('',#3493,0.25);
#54=CIRCLE('',#3499,0.25);
#55=CIRCLE('',#3503,0.25);
#56=CIRCLE('',#3504,0.25);
#57=CIRCLE('',#3506,0.25);
#58=CIRCLE('',#3507,0.25);
#59=CIRCLE('',#3509,0.25);
#60=CIRCLE('',#3510,0.25);
#61=CIRCLE('',#3512,0.25);
#62=CIRCLE('',#3513,0.25);
#63=CIRCLE('',#3514,1.08);
#64=CIRCLE('',#3515,1.08);
#65=CIRCLE('',#3516,1.08);
#66=CIRCLE('',#3517,1.08);
#67=CIRCLE('',#3518,0.3);
#68=CIRCLE('',#3519,0.3);
#69=CIRCLE('',#3520,0.3);
#70=CIRCLE('',#3521,0.3);
#71=CIRCLE('',#3581,0.31);
#72=CIRCLE('',#3583,0.17);
#73=CIRCLE('',#3585,0.31);
#74=CIRCLE('',#3587,0.17);
#75=CIRCLE('',#3589,0.31);
#76=CIRCLE('',#3591,0.17);
#77=CIRCLE('',#3593,0.31);
#78=CIRCLE('',#3595,0.17);
#79=CIRCLE('',#3597,0.17);
#80=CIRCLE('',#3599,0.17);
#81=CIRCLE('',#3601,0.17);
#82=CIRCLE('',#3603,0.17);
#83=CIRCLE('',#3605,0.3);
#84=CIRCLE('',#3608,0.3);
#85=CIRCLE('',#3611,0.3);
#86=CIRCLE('',#3614,0.3);
#87=CIRCLE('',#3617,0.1025);
#88=CIRCLE('',#3618,0.1025);
#89=CIRCLE('',#3621,0.1025);
#90=CIRCLE('',#3622,0.1025);
#91=CIRCLE('',#3625,0.1025);
#92=CIRCLE('',#3626,0.1025);
#93=CIRCLE('',#3629,0.1025);
#94=CIRCLE('',#3630,0.1025);
#95=CIRCLE('',#3633,0.35);
#96=CIRCLE('',#3634,0.35);
#97=CIRCLE('',#3637,0.35);
#98=CIRCLE('',#3638,0.35);
#99=CIRCLE('',#3641,0.35);
#100=CIRCLE('',#3642,0.35);
#101=CIRCLE('',#3645,0.35);
#102=CIRCLE('',#3646,0.35);
#103=CIRCLE('',#3649,1.08);
#104=CIRCLE('',#3651,1.08);
#105=CIRCLE('',#3654,1.08);
#106=CIRCLE('',#3655,1.08);
#107=FACE_BOUND('',#327,.T.);
#108=FACE_BOUND('',#329,.T.);
#109=FACE_BOUND('',#380,.T.);
#110=FACE_BOUND('',#383,.T.);
#111=FACE_BOUND('',#386,.T.);
#112=FACE_BOUND('',#389,.T.);
#113=FACE_BOUND('',#410,.T.);
#114=FACE_BOUND('',#411,.T.);
#115=FACE_BOUND('',#412,.T.);
#116=FACE_BOUND('',#413,.T.);
#117=FACE_BOUND('',#414,.T.);
#118=FACE_BOUND('',#417,.T.);
#119=FACE_BOUND('',#423,.T.);
#120=FACE_BOUND('',#439,.T.);
#121=FACE_BOUND('',#478,.T.);
#122=FACE_BOUND('',#481,.T.);
#123=FACE_BOUND('',#484,.T.);
#124=FACE_BOUND('',#487,.T.);
#125=FACE_BOUND('',#494,.T.);
#126=FACE_BOUND('',#497,.T.);
#127=FACE_BOUND('',#500,.T.);
#128=FACE_BOUND('',#503,.T.);
#129=FACE_BOUND('',#514,.T.);
#130=FACE_BOUND('',#517,.T.);
#131=FACE_BOUND('',#520,.T.);
#132=FACE_BOUND('',#523,.T.);
#133=FACE_BOUND('',#528,.T.);
#134=FACE_BOUND('',#529,.T.);
#135=FACE_BOUND('',#530,.T.);
#136=FACE_BOUND('',#531,.T.);
#137=FACE_BOUND('',#532,.T.);
#138=FACE_BOUND('',#533,.T.);
#139=FACE_BOUND('',#534,.T.);
#140=FACE_BOUND('',#535,.T.);
#141=FACE_BOUND('',#536,.T.);
#142=FACE_BOUND('',#537,.T.);
#143=FACE_BOUND('',#540,.T.);
#144=FACE_OUTER_BOUND('',#325,.T.);
#145=FACE_OUTER_BOUND('',#326,.T.);
#146=FACE_OUTER_BOUND('',#328,.T.);
#147=FACE_OUTER_BOUND('',#330,.T.);
#148=FACE_OUTER_BOUND('',#331,.T.);
#149=FACE_OUTER_BOUND('',#332,.T.);
#150=FACE_OUTER_BOUND('',#333,.T.);
#151=FACE_OUTER_BOUND('',#334,.T.);
#152=FACE_OUTER_BOUND('',#335,.T.);
#153=FACE_OUTER_BOUND('',#336,.T.);
#154=FACE_OUTER_BOUND('',#337,.T.);
#155=FACE_OUTER_BOUND('',#338,.T.);
#156=FACE_OUTER_BOUND('',#339,.T.);
#157=FACE_OUTER_BOUND('',#340,.T.);
#158=FACE_OUTER_BOUND('',#341,.T.);
#159=FACE_OUTER_BOUND('',#342,.T.);
#160=FACE_OUTER_BOUND('',#343,.T.);
#161=FACE_OUTER_BOUND('',#344,.T.);
#162=FACE_OUTER_BOUND('',#345,.T.);
#163=FACE_OUTER_BOUND('',#346,.T.);
#164=FACE_OUTER_BOUND('',#347,.T.);
#165=FACE_OUTER_BOUND('',#348,.T.);
#166=FACE_OUTER_BOUND('',#349,.T.);
#167=FACE_OUTER_BOUND('',#350,.T.);
#168=FACE_OUTER_BOUND('',#351,.T.);
#169=FACE_OUTER_BOUND('',#352,.T.);
#170=FACE_OUTER_BOUND('',#353,.T.);
#171=FACE_OUTER_BOUND('',#354,.T.);
#172=FACE_OUTER_BOUND('',#355,.T.);
#173=FACE_OUTER_BOUND('',#356,.T.);
#174=FACE_OUTER_BOUND('',#357,.T.);
#175=FACE_OUTER_BOUND('',#358,.T.);
#176=FACE_OUTER_BOUND('',#359,.T.);
#177=FACE_OUTER_BOUND('',#360,.T.);
#178=FACE_OUTER_BOUND('',#361,.T.);
#179=FACE_OUTER_BOUND('',#362,.T.);
#180=FACE_OUTER_BOUND('',#363,.T.);
#181=FACE_OUTER_BOUND('',#364,.T.);
#182=FACE_OUTER_BOUND('',#365,.T.);
#183=FACE_OUTER_BOUND('',#366,.T.);
#184=FACE_OUTER_BOUND('',#367,.T.);
#185=FACE_OUTER_BOUND('',#368,.T.);
#186=FACE_OUTER_BOUND('',#369,.T.);
#187=FACE_OUTER_BOUND('',#370,.T.);
#188=FACE_OUTER_BOUND('',#371,.T.);
#189=FACE_OUTER_BOUND('',#372,.T.);
#190=FACE_OUTER_BOUND('',#373,.T.);
#191=FACE_OUTER_BOUND('',#374,.T.);
#192=FACE_OUTER_BOUND('',#375,.T.);
#193=FACE_OUTER_BOUND('',#376,.T.);
#194=FACE_OUTER_BOUND('',#377,.T.);
#195=FACE_OUTER_BOUND('',#378,.T.);
#196=FACE_OUTER_BOUND('',#379,.T.);
#197=FACE_OUTER_BOUND('',#381,.T.);
#198=FACE_OUTER_BOUND('',#382,.T.);
#199=FACE_OUTER_BOUND('',#384,.T.);
#200=FACE_OUTER_BOUND('',#385,.T.);
#201=FACE_OUTER_BOUND('',#387,.T.);
#202=FACE_OUTER_BOUND('',#388,.T.);
#203=FACE_OUTER_BOUND('',#390,.T.);
#204=FACE_OUTER_BOUND('',#391,.T.);
#205=FACE_OUTER_BOUND('',#392,.T.);
#206=FACE_OUTER_BOUND('',#393,.T.);
#207=FACE_OUTER_BOUND('',#394,.T.);
#208=FACE_OUTER_BOUND('',#395,.T.);
#209=FACE_OUTER_BOUND('',#396,.T.);
#210=FACE_OUTER_BOUND('',#397,.T.);
#211=FACE_OUTER_BOUND('',#398,.T.);
#212=FACE_OUTER_BOUND('',#399,.T.);
#213=FACE_OUTER_BOUND('',#400,.T.);
#214=FACE_OUTER_BOUND('',#401,.T.);
#215=FACE_OUTER_BOUND('',#402,.T.);
#216=FACE_OUTER_BOUND('',#403,.T.);
#217=FACE_OUTER_BOUND('',#404,.T.);
#218=FACE_OUTER_BOUND('',#405,.T.);
#219=FACE_OUTER_BOUND('',#406,.T.);
#220=FACE_OUTER_BOUND('',#407,.T.);
#221=FACE_OUTER_BOUND('',#408,.T.);
#222=FACE_OUTER_BOUND('',#409,.T.);
#223=FACE_OUTER_BOUND('',#415,.T.);
#224=FACE_OUTER_BOUND('',#416,.T.);
#225=FACE_OUTER_BOUND('',#418,.T.);
#226=FACE_OUTER_BOUND('',#419,.T.);
#227=FACE_OUTER_BOUND('',#420,.T.);
#228=FACE_OUTER_BOUND('',#421,.T.);
#229=FACE_OUTER_BOUND('',#422,.T.);
#230=FACE_OUTER_BOUND('',#424,.T.);
#231=FACE_OUTER_BOUND('',#425,.T.);
#232=FACE_OUTER_BOUND('',#426,.T.);
#233=FACE_OUTER_BOUND('',#427,.T.);
#234=FACE_OUTER_BOUND('',#428,.T.);
#235=FACE_OUTER_BOUND('',#429,.T.);
#236=FACE_OUTER_BOUND('',#430,.T.);
#237=FACE_OUTER_BOUND('',#431,.T.);
#238=FACE_OUTER_BOUND('',#432,.T.);
#239=FACE_OUTER_BOUND('',#433,.T.);
#240=FACE_OUTER_BOUND('',#434,.T.);
#241=FACE_OUTER_BOUND('',#435,.T.);
#242=FACE_OUTER_BOUND('',#436,.T.);
#243=FACE_OUTER_BOUND('',#437,.T.);
#244=FACE_OUTER_BOUND('',#438,.T.);
#245=FACE_OUTER_BOUND('',#440,.T.);
#246=FACE_OUTER_BOUND('',#441,.T.);
#247=FACE_OUTER_BOUND('',#442,.T.);
#248=FACE_OUTER_BOUND('',#443,.T.);
#249=FACE_OUTER_BOUND('',#444,.T.);
#250=FACE_OUTER_BOUND('',#445,.T.);
#251=FACE_OUTER_BOUND('',#446,.T.);
#252=FACE_OUTER_BOUND('',#447,.T.);
#253=FACE_OUTER_BOUND('',#448,.T.);
#254=FACE_OUTER_BOUND('',#449,.T.);
#255=FACE_OUTER_BOUND('',#450,.T.);
#256=FACE_OUTER_BOUND('',#451,.T.);
#257=FACE_OUTER_BOUND('',#452,.T.);
#258=FACE_OUTER_BOUND('',#453,.T.);
#259=FACE_OUTER_BOUND('',#454,.T.);
#260=FACE_OUTER_BOUND('',#455,.T.);
#261=FACE_OUTER_BOUND('',#456,.T.);
#262=FACE_OUTER_BOUND('',#457,.T.);
#263=FACE_OUTER_BOUND('',#458,.T.);
#264=FACE_OUTER_BOUND('',#459,.T.);
#265=FACE_OUTER_BOUND('',#460,.T.);
#266=FACE_OUTER_BOUND('',#461,.T.);
#267=FACE_OUTER_BOUND('',#462,.T.);
#268=FACE_OUTER_BOUND('',#463,.T.);
#269=FACE_OUTER_BOUND('',#464,.T.);
#270=FACE_OUTER_BOUND('',#465,.T.);
#271=FACE_OUTER_BOUND('',#466,.T.);
#272=FACE_OUTER_BOUND('',#467,.T.);
#273=FACE_OUTER_BOUND('',#468,.T.);
#274=FACE_OUTER_BOUND('',#469,.T.);
#275=FACE_OUTER_BOUND('',#470,.T.);
#276=FACE_OUTER_BOUND('',#471,.T.);
#277=FACE_OUTER_BOUND('',#472,.T.);
#278=FACE_OUTER_BOUND('',#473,.T.);
#279=FACE_OUTER_BOUND('',#474,.T.);
#280=FACE_OUTER_BOUND('',#475,.T.);
#281=FACE_OUTER_BOUND('',#476,.T.);
#282=FACE_OUTER_BOUND('',#477,.T.);
#283=FACE_OUTER_BOUND('',#479,.T.);
#284=FACE_OUTER_BOUND('',#480,.T.);
#285=FACE_OUTER_BOUND('',#482,.T.);
#286=FACE_OUTER_BOUND('',#483,.T.);
#287=FACE_OUTER_BOUND('',#485,.T.);
#288=FACE_OUTER_BOUND('',#486,.T.);
#289=FACE_OUTER_BOUND('',#488,.T.);
#290=FACE_OUTER_BOUND('',#489,.T.);
#291=FACE_OUTER_BOUND('',#490,.T.);
#292=FACE_OUTER_BOUND('',#491,.T.);
#293=FACE_OUTER_BOUND('',#492,.T.);
#294=FACE_OUTER_BOUND('',#493,.T.);
#295=FACE_OUTER_BOUND('',#495,.T.);
#296=FACE_OUTER_BOUND('',#496,.T.);
#297=FACE_OUTER_BOUND('',#498,.T.);
#298=FACE_OUTER_BOUND('',#499,.T.);
#299=FACE_OUTER_BOUND('',#501,.T.);
#300=FACE_OUTER_BOUND('',#502,.T.);
#301=FACE_OUTER_BOUND('',#504,.T.);
#302=FACE_OUTER_BOUND('',#505,.T.);
#303=FACE_OUTER_BOUND('',#506,.T.);
#304=FACE_OUTER_BOUND('',#507,.T.);
#305=FACE_OUTER_BOUND('',#508,.T.);
#306=FACE_OUTER_BOUND('',#509,.T.);
#307=FACE_OUTER_BOUND('',#510,.T.);
#308=FACE_OUTER_BOUND('',#511,.T.);
#309=FACE_OUTER_BOUND('',#512,.T.);
#310=FACE_OUTER_BOUND('',#513,.T.);
#311=FACE_OUTER_BOUND('',#515,.T.);
#312=FACE_OUTER_BOUND('',#516,.T.);
#313=FACE_OUTER_BOUND('',#518,.T.);
#314=FACE_OUTER_BOUND('',#519,.T.);
#315=FACE_OUTER_BOUND('',#521,.T.);
#316=FACE_OUTER_BOUND('',#522,.T.);
#317=FACE_OUTER_BOUND('',#524,.T.);
#318=FACE_OUTER_BOUND('',#525,.T.);
#319=FACE_OUTER_BOUND('',#526,.T.);
#320=FACE_OUTER_BOUND('',#527,.T.);
#321=FACE_OUTER_BOUND('',#538,.T.);
#322=FACE_OUTER_BOUND('',#539,.T.);
#323=FACE_OUTER_BOUND('',#541,.T.);
#324=FACE_OUTER_BOUND('',#542,.T.);
#325=EDGE_LOOP('',(#2131,#2132,#2133,#2134,#2135,#2136,#2137,#2138,#2139,
#2140,#2141,#2142,#2143,#2144,#2145,#2146,#2147,#2148,#2149,#2150,#2151,
#2152,#2153,#2154,#2155,#2156,#2157,#2158));
#326=EDGE_LOOP('',(#2159,#2160,#2161,#2162,#2163,#2164,#2165,#2166,#2167,
#2168,#2169,#2170,#2171,#2172,#2173,#2174,#2175,#2176,#2177,#2178));
#327=EDGE_LOOP('',(#2179,#2180,#2181,#2182));
#328=EDGE_LOOP('',(#2183,#2184,#2185,#2186,#2187,#2188,#2189,#2190,#2191,
#2192,#2193,#2194,#2195,#2196,#2197,#2198,#2199,#2200,#2201,#2202));
#329=EDGE_LOOP('',(#2203,#2204,#2205,#2206));
#330=EDGE_LOOP('',(#2207,#2208,#2209,#2210));
#331=EDGE_LOOP('',(#2211,#2212,#2213,#2214));
#332=EDGE_LOOP('',(#2215,#2216,#2217,#2218));
#333=EDGE_LOOP('',(#2219,#2220,#2221,#2222));
#334=EDGE_LOOP('',(#2223,#2224,#2225,#2226));
#335=EDGE_LOOP('',(#2227,#2228,#2229,#2230));
#336=EDGE_LOOP('',(#2231,#2232,#2233,#2234));
#337=EDGE_LOOP('',(#2235,#2236,#2237,#2238));
#338=EDGE_LOOP('',(#2239,#2240,#2241,#2242,#2243,#2244));
#339=EDGE_LOOP('',(#2245,#2246,#2247,#2248,#2249,#2250,#2251,#2252));
#340=EDGE_LOOP('',(#2253,#2254,#2255,#2256,#2257,#2258,#2259,#2260));
#341=EDGE_LOOP('',(#2261,#2262,#2263,#2264,#2265,#2266));
#342=EDGE_LOOP('',(#2267,#2268,#2269,#2270,#2271,#2272));
#343=EDGE_LOOP('',(#2273,#2274,#2275,#2276,#2277,#2278,#2279,#2280));
#344=EDGE_LOOP('',(#2281,#2282,#2283,#2284,#2285,#2286,#2287,#2288));
#345=EDGE_LOOP('',(#2289,#2290,#2291,#2292,#2293,#2294));
#346=EDGE_LOOP('',(#2295,#2296,#2297,#2298));
#347=EDGE_LOOP('',(#2299,#2300,#2301,#2302));
#348=EDGE_LOOP('',(#2303,#2304,#2305,#2306));
#349=EDGE_LOOP('',(#2307,#2308,#2309,#2310));
#350=EDGE_LOOP('',(#2311,#2312,#2313,#2314));
#351=EDGE_LOOP('',(#2315,#2316,#2317,#2318));
#352=EDGE_LOOP('',(#2319,#2320,#2321,#2322));
#353=EDGE_LOOP('',(#2323,#2324,#2325,#2326));
#354=EDGE_LOOP('',(#2327,#2328,#2329,#2330));
#355=EDGE_LOOP('',(#2331,#2332,#2333,#2334));
#356=EDGE_LOOP('',(#2335,#2336,#2337,#2338));
#357=EDGE_LOOP('',(#2339,#2340,#2341,#2342));
#358=EDGE_LOOP('',(#2343,#2344,#2345,#2346));
#359=EDGE_LOOP('',(#2347,#2348,#2349,#2350));
#360=EDGE_LOOP('',(#2351,#2352,#2353,#2354));
#361=EDGE_LOOP('',(#2355,#2356,#2357,#2358));
#362=EDGE_LOOP('',(#2359,#2360,#2361,#2362));
#363=EDGE_LOOP('',(#2363,#2364,#2365,#2366));
#364=EDGE_LOOP('',(#2367,#2368,#2369,#2370));
#365=EDGE_LOOP('',(#2371,#2372,#2373,#2374));
#366=EDGE_LOOP('',(#2375,#2376,#2377,#2378));
#367=EDGE_LOOP('',(#2379,#2380,#2381,#2382));
#368=EDGE_LOOP('',(#2383,#2384,#2385,#2386));
#369=EDGE_LOOP('',(#2387,#2388,#2389,#2390));
#370=EDGE_LOOP('',(#2391,#2392,#2393,#2394));
#371=EDGE_LOOP('',(#2395,#2396,#2397,#2398));
#372=EDGE_LOOP('',(#2399,#2400,#2401,#2402));
#373=EDGE_LOOP('',(#2403,#2404,#2405,#2406));
#374=EDGE_LOOP('',(#2407,#2408,#2409,#2410));
#375=EDGE_LOOP('',(#2411,#2412,#2413,#2414));
#376=EDGE_LOOP('',(#2415,#2416,#2417,#2418));
#377=EDGE_LOOP('',(#2419,#2420,#2421,#2422));
#378=EDGE_LOOP('',(#2423,#2424,#2425,#2426));
#379=EDGE_LOOP('',(#2427,#2428,#2429,#2430,#2431));
#380=EDGE_LOOP('',(#2432));
#381=EDGE_LOOP('',(#2433,#2434,#2435,#2436));
#382=EDGE_LOOP('',(#2437,#2438,#2439,#2440,#2441));
#383=EDGE_LOOP('',(#2442));
#384=EDGE_LOOP('',(#2443,#2444,#2445,#2446));
#385=EDGE_LOOP('',(#2447,#2448,#2449,#2450,#2451));
#386=EDGE_LOOP('',(#2452));
#387=EDGE_LOOP('',(#2453,#2454,#2455,#2456));
#388=EDGE_LOOP('',(#2457,#2458,#2459,#2460,#2461));
#389=EDGE_LOOP('',(#2462));
#390=EDGE_LOOP('',(#2463,#2464,#2465,#2466));
#391=EDGE_LOOP('',(#2467,#2468,#2469,#2470));
#392=EDGE_LOOP('',(#2471,#2472,#2473,#2474));
#393=EDGE_LOOP('',(#2475,#2476,#2477,#2478));
#394=EDGE_LOOP('',(#2479,#2480,#2481,#2482));
#395=EDGE_LOOP('',(#2483,#2484,#2485,#2486));
#396=EDGE_LOOP('',(#2487,#2488,#2489,#2490));
#397=EDGE_LOOP('',(#2491,#2492,#2493,#2494));
#398=EDGE_LOOP('',(#2495,#2496,#2497,#2498));
#399=EDGE_LOOP('',(#2499,#2500,#2501,#2502));
#400=EDGE_LOOP('',(#2503,#2504,#2505,#2506));
#401=EDGE_LOOP('',(#2507,#2508,#2509,#2510));
#402=EDGE_LOOP('',(#2511,#2512,#2513,#2514));
#403=EDGE_LOOP('',(#2515,#2516,#2517,#2518));
#404=EDGE_LOOP('',(#2519,#2520,#2521,#2522));
#405=EDGE_LOOP('',(#2523,#2524,#2525,#2526));
#406=EDGE_LOOP('',(#2527,#2528,#2529,#2530,#2531,#2532,#2533,#2534));
#407=EDGE_LOOP('',(#2535,#2536,#2537,#2538,#2539,#2540,#2541,#2542));
#408=EDGE_LOOP('',(#2543,#2544,#2545,#2546,#2547,#2548,#2549,#2550));
#409=EDGE_LOOP('',(#2551,#2552,#2553,#2554,#2555,#2556,#2557,#2558,#2559,
#2560,#2561,#2562,#2563,#2564,#2565,#2566,#2567,#2568,#2569,#2570,#2571,
#2572,#2573,#2574));
#410=EDGE_LOOP('',(#2575,#2576,#2577,#2578,#2579,#2580,#2581,#2582,#2583,
#2584,#2585,#2586,#2587,#2588,#2589,#2590,#2591,#2592,#2593,#2594));
#411=EDGE_LOOP('',(#2595));
#412=EDGE_LOOP('',(#2596));
#413=EDGE_LOOP('',(#2597));
#414=EDGE_LOOP('',(#2598));
#415=EDGE_LOOP('',(#2599,#2600,#2601,#2602,#2603,#2604,#2605,#2606));
#416=EDGE_LOOP('',(#2607,#2608,#2609,#2610,#2611,#2612,#2613,#2614,#2615,
#2616,#2617,#2618,#2619,#2620,#2621,#2622,#2623,#2624,#2625,#2626));
#417=EDGE_LOOP('',(#2627,#2628,#2629,#2630));
#418=EDGE_LOOP('',(#2631,#2632,#2633,#2634));
#419=EDGE_LOOP('',(#2635,#2636,#2637,#2638));
#420=EDGE_LOOP('',(#2639,#2640,#2641,#2642));
#421=EDGE_LOOP('',(#2643,#2644,#2645,#2646));
#422=EDGE_LOOP('',(#2647,#2648,#2649,#2650));
#423=EDGE_LOOP('',(#2651,#2652,#2653,#2654));
#424=EDGE_LOOP('',(#2655,#2656,#2657,#2658));
#425=EDGE_LOOP('',(#2659,#2660,#2661,#2662));
#426=EDGE_LOOP('',(#2663,#2664,#2665,#2666));
#427=EDGE_LOOP('',(#2667,#2668,#2669,#2670));
#428=EDGE_LOOP('',(#2671,#2672,#2673,#2674));
#429=EDGE_LOOP('',(#2675,#2676,#2677,#2678));
#430=EDGE_LOOP('',(#2679,#2680,#2681,#2682));
#431=EDGE_LOOP('',(#2683,#2684,#2685,#2686,#2687,#2688,#2689,#2690));
#432=EDGE_LOOP('',(#2691,#2692,#2693,#2694));
#433=EDGE_LOOP('',(#2695,#2696,#2697,#2698));
#434=EDGE_LOOP('',(#2699,#2700,#2701,#2702));
#435=EDGE_LOOP('',(#2703,#2704,#2705,#2706));
#436=EDGE_LOOP('',(#2707,#2708,#2709,#2710));
#437=EDGE_LOOP('',(#2711,#2712,#2713,#2714));
#438=EDGE_LOOP('',(#2715,#2716,#2717,#2718));
#439=EDGE_LOOP('',(#2719,#2720,#2721,#2722));
#440=EDGE_LOOP('',(#2723,#2724,#2725,#2726));
#441=EDGE_LOOP('',(#2727,#2728,#2729,#2730,#2731,#2732,#2733,#2734));
#442=EDGE_LOOP('',(#2735,#2736,#2737,#2738));
#443=EDGE_LOOP('',(#2739,#2740,#2741,#2742));
#444=EDGE_LOOP('',(#2743,#2744,#2745,#2746));
#445=EDGE_LOOP('',(#2747,#2748,#2749,#2750));
#446=EDGE_LOOP('',(#2751,#2752,#2753,#2754));
#447=EDGE_LOOP('',(#2755,#2756,#2757,#2758));
#448=EDGE_LOOP('',(#2759,#2760,#2761,#2762));
#449=EDGE_LOOP('',(#2763,#2764,#2765,#2766));
#450=EDGE_LOOP('',(#2767,#2768,#2769,#2770));
#451=EDGE_LOOP('',(#2771,#2772,#2773,#2774));
#452=EDGE_LOOP('',(#2775,#2776,#2777,#2778));
#453=EDGE_LOOP('',(#2779,#2780,#2781,#2782));
#454=EDGE_LOOP('',(#2783,#2784,#2785,#2786));
#455=EDGE_LOOP('',(#2787,#2788,#2789,#2790));
#456=EDGE_LOOP('',(#2791,#2792,#2793,#2794));
#457=EDGE_LOOP('',(#2795,#2796,#2797,#2798));
#458=EDGE_LOOP('',(#2799,#2800,#2801,#2802));
#459=EDGE_LOOP('',(#2803,#2804,#2805,#2806));
#460=EDGE_LOOP('',(#2807,#2808,#2809,#2810));
#461=EDGE_LOOP('',(#2811,#2812,#2813,#2814));
#462=EDGE_LOOP('',(#2815,#2816,#2817,#2818));
#463=EDGE_LOOP('',(#2819,#2820,#2821,#2822));
#464=EDGE_LOOP('',(#2823,#2824,#2825,#2826));
#465=EDGE_LOOP('',(#2827,#2828,#2829,#2830));
#466=EDGE_LOOP('',(#2831,#2832,#2833,#2834));
#467=EDGE_LOOP('',(#2835,#2836,#2837,#2838));
#468=EDGE_LOOP('',(#2839,#2840,#2841,#2842));
#469=EDGE_LOOP('',(#2843,#2844,#2845,#2846));
#470=EDGE_LOOP('',(#2847,#2848,#2849,#2850));
#471=EDGE_LOOP('',(#2851,#2852,#2853,#2854));
#472=EDGE_LOOP('',(#2855,#2856,#2857,#2858));
#473=EDGE_LOOP('',(#2859,#2860,#2861,#2862));
#474=EDGE_LOOP('',(#2863,#2864,#2865,#2866));
#475=EDGE_LOOP('',(#2867,#2868,#2869,#2870));
#476=EDGE_LOOP('',(#2871,#2872,#2873,#2874));
#477=EDGE_LOOP('',(#2875));
#478=EDGE_LOOP('',(#2876));
#479=EDGE_LOOP('',(#2877,#2878,#2879,#2880));
#480=EDGE_LOOP('',(#2881));
#481=EDGE_LOOP('',(#2882));
#482=EDGE_LOOP('',(#2883,#2884,#2885,#2886));
#483=EDGE_LOOP('',(#2887));
#484=EDGE_LOOP('',(#2888));
#485=EDGE_LOOP('',(#2889,#2890,#2891,#2892));
#486=EDGE_LOOP('',(#2893));
#487=EDGE_LOOP('',(#2894));
#488=EDGE_LOOP('',(#2895,#2896,#2897,#2898));
#489=EDGE_LOOP('',(#2899,#2900,#2901,#2902));
#490=EDGE_LOOP('',(#2903,#2904,#2905,#2906));
#491=EDGE_LOOP('',(#2907,#2908,#2909,#2910));
#492=EDGE_LOOP('',(#2911,#2912,#2913,#2914));
#493=EDGE_LOOP('',(#2915));
#494=EDGE_LOOP('',(#2916));
#495=EDGE_LOOP('',(#2917,#2918,#2919,#2920));
#496=EDGE_LOOP('',(#2921));
#497=EDGE_LOOP('',(#2922));
#498=EDGE_LOOP('',(#2923,#2924,#2925,#2926));
#499=EDGE_LOOP('',(#2927));
#500=EDGE_LOOP('',(#2928));
#501=EDGE_LOOP('',(#2929,#2930,#2931,#2932));
#502=EDGE_LOOP('',(#2933));
#503=EDGE_LOOP('',(#2934));
#504=EDGE_LOOP('',(#2935,#2936,#2937,#2938));
#505=EDGE_LOOP('',(#2939));
#506=EDGE_LOOP('',(#2940,#2941,#2942,#2943));
#507=EDGE_LOOP('',(#2944));
#508=EDGE_LOOP('',(#2945,#2946,#2947,#2948));
#509=EDGE_LOOP('',(#2949));
#510=EDGE_LOOP('',(#2950,#2951,#2952,#2953));
#511=EDGE_LOOP('',(#2954));
#512=EDGE_LOOP('',(#2955,#2956,#2957,#2958));
#513=EDGE_LOOP('',(#2959));
#514=EDGE_LOOP('',(#2960));
#515=EDGE_LOOP('',(#2961,#2962,#2963,#2964));
#516=EDGE_LOOP('',(#2965));
#517=EDGE_LOOP('',(#2966));
#518=EDGE_LOOP('',(#2967,#2968,#2969,#2970));
#519=EDGE_LOOP('',(#2971));
#520=EDGE_LOOP('',(#2972));
#521=EDGE_LOOP('',(#2973,#2974,#2975,#2976));
#522=EDGE_LOOP('',(#2977));
#523=EDGE_LOOP('',(#2978));
#524=EDGE_LOOP('',(#2979,#2980,#2981,#2982));
#525=EDGE_LOOP('',(#2983,#2984,#2985,#2986));
#526=EDGE_LOOP('',(#2987,#2988,#2989,#2990,#2991,#2992,#2993,#2994));
#527=EDGE_LOOP('',(#2995,#2996,#2997,#2998,#2999,#3000,#3001,#3002));
#528=EDGE_LOOP('',(#3003,#3004,#3005,#3006));
#529=EDGE_LOOP('',(#3007));
#530=EDGE_LOOP('',(#3008));
#531=EDGE_LOOP('',(#3009));
#532=EDGE_LOOP('',(#3010));
#533=EDGE_LOOP('',(#3011,#3012,#3013,#3014));
#534=EDGE_LOOP('',(#3015,#3016,#3017,#3018));
#535=EDGE_LOOP('',(#3019,#3020,#3021,#3022));
#536=EDGE_LOOP('',(#3023,#3024,#3025,#3026));
#537=EDGE_LOOP('',(#3027,#3028,#3029,#3030));
#538=EDGE_LOOP('',(#3031,#3032,#3033,#3034));
#539=EDGE_LOOP('',(#3035,#3036,#3037,#3038));
#540=EDGE_LOOP('',(#3039,#3040,#3041,#3042));
#541=EDGE_LOOP('',(#3043,#3044,#3045,#3046));
#542=EDGE_LOOP('',(#3047,#3048,#3049,#3050,#3051,#3052,#3053,#3054,#3055,
#3056,#3057,#3058,#3059,#3060,#3061,#3062,#3063,#3064,#3065,#3066));
#543=LINE('',#4560,#947);
#544=LINE('',#4562,#948);
#545=LINE('',#4564,#949);
#546=LINE('',#4566,#950);
#547=LINE('',#4568,#951);
#548=LINE('',#4570,#952);
#549=LINE('',#4572,#953);
#550=LINE('',#4574,#954);
#551=LINE('',#4576,#955);
#552=LINE('',#4578,#956);
#553=LINE('',#4580,#957);
#554=LINE('',#4582,#958);
#555=LINE('',#4584,#959);
#556=LINE('',#4586,#960);
#557=LINE('',#4588,#961);
#558=LINE('',#4590,#962);
#559=LINE('',#4592,#963);
#560=LINE('',#4594,#964);
#561=LINE('',#4596,#965);
#562=LINE('',#4598,#966);
#563=LINE('',#4600,#967);
#564=LINE('',#4602,#968);
#565=LINE('',#4604,#969);
#566=LINE('',#4606,#970);
#567=LINE('',#4608,#971);
#568=LINE('',#4610,#972);
#569=LINE('',#4612,#973);
#570=LINE('',#4613,#974);
#571=LINE('',#4616,#975);
#572=LINE('',#4618,#976);
#573=LINE('',#4620,#977);
#574=LINE('',#4622,#978);
#575=LINE('',#4624,#979);
#576=LINE('',#4626,#980);
#577=LINE('',#4628,#981);
#578=LINE('',#4629,#982);
#579=LINE('',#4631,#983);
#580=LINE('',#4633,#984);
#581=LINE('',#4635,#985);
#582=LINE('',#4637,#986);
#583=LINE('',#4639,#987);
#584=LINE('',#4641,#988);
#585=LINE('',#4643,#989);
#586=LINE('',#4645,#990);
#587=LINE('',#4647,#991);
#588=LINE('',#4648,#992);
#589=LINE('',#4651,#993);
#590=LINE('',#4653,#994);
#591=LINE('',#4655,#995);
#592=LINE('',#4656,#996);
#593=LINE('',#4659,#997);
#594=LINE('',#4661,#998);
#595=LINE('',#4663,#999);
#596=LINE('',#4665,#1000);
#597=LINE('',#4667,#1001);
#598=LINE('',#4669,#1002);
#599=LINE('',#4671,#1003);
#600=LINE('',#4672,#1004);
#601=LINE('',#4674,#1005);
#602=LINE('',#4676,#1006);
#603=LINE('',#4678,#1007);
#604=LINE('',#4680,#1008);
#605=LINE('',#4682,#1009);
#606=LINE('',#4684,#1010);
#607=LINE('',#4686,#1011);
#608=LINE('',#4688,#1012);
#609=LINE('',#4690,#1013);
#610=LINE('',#4691,#1014);
#611=LINE('',#4694,#1015);
#612=LINE('',#4696,#1016);
#613=LINE('',#4698,#1017);
#614=LINE('',#4699,#1018);
#615=LINE('',#4702,#1019);
#616=LINE('',#4704,#1020);
#617=LINE('',#4705,#1021);
#618=LINE('',#4708,#1022);
#619=LINE('',#4709,#1023);
#620=LINE('',#4712,#1024);
#621=LINE('',#4714,#1025);
#622=LINE('',#4715,#1026);
#623=LINE('',#4718,#1027);
#624=LINE('',#4719,#1028);
#625=LINE('',#4722,#1029);
#626=LINE('',#4724,#1030);
#627=LINE('',#4725,#1031);
#628=LINE('',#4728,#1032);
#629=LINE('',#4729,#1033);
#630=LINE('',#4732,#1034);
#631=LINE('',#4734,#1035);
#632=LINE('',#4735,#1036);
#633=LINE('',#4738,#1037);
#634=LINE('',#4739,#1038);
#635=LINE('',#4742,#1039);
#636=LINE('',#4744,#1040);
#637=LINE('',#4746,#1041);
#638=LINE('',#4747,#1042);
#639=LINE('',#4751,#1043);
#640=LINE('',#4753,#1044);
#641=LINE('',#4755,#1045);
#642=LINE('',#4757,#1046);
#643=LINE('',#4758,#1047);
#644=LINE('',#4760,#1048);
#645=LINE('',#4761,#1049);
#646=LINE('',#4764,#1050);
#647=LINE('',#4765,#1051);
#648=LINE('',#4767,#1052);
#649=LINE('',#4769,#1053);
#650=LINE('',#4770,#1054);
#651=LINE('',#4774,#1055);
#652=LINE('',#4776,#1056);
#653=LINE('',#4778,#1057);
#654=LINE('',#4779,#1058);
#655=LINE('',#4780,#1059);
#656=LINE('',#4782,#1060);
#657=LINE('',#4784,#1061);
#658=LINE('',#4785,#1062);
#659=LINE('',#4789,#1063);
#660=LINE('',#4791,#1064);
#661=LINE('',#4793,#1065);
#662=LINE('',#4795,#1066);
#663=LINE('',#4796,#1067);
#664=LINE('',#4798,#1068);
#665=LINE('',#4799,#1069);
#666=LINE('',#4802,#1070);
#667=LINE('',#4803,#1071);
#668=LINE('',#4805,#1072);
#669=LINE('',#4807,#1073);
#670=LINE('',#4808,#1074);
#671=LINE('',#4811,#1075);
#672=LINE('',#4813,#1076);
#673=LINE('',#4814,#1077);
#674=LINE('',#4815,#1078);
#675=LINE('',#4817,#1079);
#676=LINE('',#4821,#1080);
#677=LINE('',#4825,#1081);
#678=LINE('',#4826,#1082);
#679=LINE('',#4829,#1083);
#680=LINE('',#4831,#1084);
#681=LINE('',#4832,#1085);
#682=LINE('',#4835,#1086);
#683=LINE('',#4838,#1087);
#684=LINE('',#4840,#1088);
#685=LINE('',#4841,#1089);
#686=LINE('',#4844,#1090);
#687=LINE('',#4845,#1091);
#688=LINE('',#4848,#1092);
#689=LINE('',#4850,#1093);
#690=LINE('',#4851,#1094);
#691=LINE('',#4854,#1095);
#692=LINE('',#4856,#1096);
#693=LINE('',#4857,#1097);
#694=LINE('',#4860,#1098);
#695=LINE('',#4861,#1099);
#696=LINE('',#4864,#1100);
#697=LINE('',#4865,#1101);
#698=LINE('',#4868,#1102);
#699=LINE('',#4870,#1103);
#700=LINE('',#4871,#1104);
#701=LINE('',#4874,#1105);
#702=LINE('',#4875,#1106);
#703=LINE('',#4877,#1107);
#704=LINE('',#4879,#1108);
#705=LINE('',#4882,#1109);
#706=LINE('',#4883,#1110);
#707=LINE('',#4885,#1111);
#708=LINE('',#4887,#1112);
#709=LINE('',#4890,#1113);
#710=LINE('',#4892,#1114);
#711=LINE('',#4893,#1115);
#712=LINE('',#4895,#1116);
#713=LINE('',#4898,#1117);
#714=LINE('',#4899,#1118);
#715=LINE('',#4902,#1119);
#716=LINE('',#4904,#1120);
#717=LINE('',#4905,#1121);
#718=LINE('',#4907,#1122);
#719=LINE('',#4910,#1123);
#720=LINE('',#4912,#1124);
#721=LINE('',#4913,#1125);
#722=LINE('',#4915,#1126);
#723=LINE('',#4924,#1127);
#724=LINE('',#4929,#1128);
#725=LINE('',#4932,#1129);
#726=LINE('',#4935,#1130);
#727=LINE('',#4939,#1131);
#728=LINE('',#4943,#1132);
#729=LINE('',#4951,#1133);
#730=LINE('',#4953,#1134);
#731=LINE('',#4954,#1135);
#732=LINE('',#4957,#1136);
#733=LINE('',#4959,#1137);
#734=LINE('',#4960,#1138);
#735=LINE('',#4963,#1139);
#736=LINE('',#4964,#1140);
#737=LINE('',#4967,#1141);
#738=LINE('',#4968,#1142);
#739=LINE('',#4974,#1143);
#740=LINE('',#4976,#1144);
#741=LINE('',#4977,#1145);
#742=LINE('',#4980,#1146);
#743=LINE('',#4982,#1147);
#744=LINE('',#4983,#1148);
#745=LINE('',#4986,#1149);
#746=LINE('',#4988,#1150);
#747=LINE('',#4989,#1151);
#748=LINE('',#4991,#1152);
#749=LINE('',#4997,#1153);
#750=LINE('',#4999,#1154);
#751=LINE('',#5000,#1155);
#752=LINE('',#5003,#1156);
#753=LINE('',#5005,#1157);
#754=LINE('',#5006,#1158);
#755=LINE('',#5009,#1159);
#756=LINE('',#5010,#1160);
#757=LINE('',#5013,#1161);
#758=LINE('',#5014,#1162);
#759=LINE('',#5018,#1163);
#760=LINE('',#5020,#1164);
#761=LINE('',#5022,#1165);
#762=LINE('',#5023,#1166);
#763=LINE('',#5028,#1167);
#764=LINE('',#5029,#1168);
#765=LINE('',#5032,#1169);
#766=LINE('',#5033,#1170);
#767=LINE('',#5036,#1171);
#768=LINE('',#5037,#1172);
#769=LINE('',#5041,#1173);
#770=LINE('',#5046,#1174);
#771=LINE('',#5053,#1175);
#772=LINE('',#5057,#1176);
#773=LINE('',#5060,#1177);
#774=LINE('',#5062,#1178);
#775=LINE('',#5064,#1179);
#776=LINE('',#5066,#1180);
#777=LINE('',#5070,#1181);
#778=LINE('',#5074,#1182);
#779=LINE('',#5076,#1183);
#780=LINE('',#5078,#1184);
#781=LINE('',#5080,#1185);
#782=LINE('',#5082,#1186);
#783=LINE('',#5086,#1187);
#784=LINE('',#5088,#1188);
#785=LINE('',#5090,#1189);
#786=LINE('',#5092,#1190);
#787=LINE('',#5094,#1191);
#788=LINE('',#5097,#1192);
#789=LINE('',#5107,#1193);
#790=LINE('',#5108,#1194);
#791=LINE('',#5112,#1195);
#792=LINE('',#5114,#1196);
#793=LINE('',#5116,#1197);
#794=LINE('',#5117,#1198);
#795=LINE('',#5121,#1199);
#796=LINE('',#5122,#1200);
#797=LINE('',#5123,#1201);
#798=LINE('',#5126,#1202);
#799=LINE('',#5127,#1203);
#800=LINE('',#5130,#1204);
#801=LINE('',#5131,#1205);
#802=LINE('',#5133,#1206);
#803=LINE('',#5136,#1207);
#804=LINE('',#5138,#1208);
#805=LINE('',#5139,#1209);
#806=LINE('',#5142,#1210);
#807=LINE('',#5143,#1211);
#808=LINE('',#5146,#1212);
#809=LINE('',#5147,#1213);
#810=LINE('',#5149,#1214);
#811=LINE('',#5152,#1215);
#812=LINE('',#5154,#1216);
#813=LINE('',#5155,#1217);
#814=LINE('',#5158,#1218);
#815=LINE('',#5160,#1219);
#816=LINE('',#5161,#1220);
#817=LINE('',#5163,#1221);
#818=LINE('',#5164,#1222);
#819=LINE('',#5168,#1223);
#820=LINE('',#5170,#1224);
#821=LINE('',#5171,#1225);
#822=LINE('',#5175,#1226);
#823=LINE('',#5176,#1227);
#824=LINE('',#5177,#1228);
#825=LINE('',#5180,#1229);
#826=LINE('',#5181,#1230);
#827=LINE('',#5184,#1231);
#828=LINE('',#5185,#1232);
#829=LINE('',#5187,#1233);
#830=LINE('',#5190,#1234);
#831=LINE('',#5192,#1235);
#832=LINE('',#5193,#1236);
#833=LINE('',#5196,#1237);
#834=LINE('',#5198,#1238);
#835=LINE('',#5199,#1239);
#836=LINE('',#5201,#1240);
#837=LINE('',#5203,#1241);
#838=LINE('',#5206,#1242);
#839=LINE('',#5208,#1243);
#840=LINE('',#5209,#1244);
#841=LINE('',#5213,#1245);
#842=LINE('',#5214,#1246);
#843=LINE('',#5215,#1247);
#844=LINE('',#5218,#1248);
#845=LINE('',#5219,#1249);
#846=LINE('',#5222,#1250);
#847=LINE('',#5223,#1251);
#848=LINE('',#5225,#1252);
#849=LINE('',#5229,#1253);
#850=LINE('',#5231,#1254);
#851=LINE('',#5233,#1255);
#852=LINE('',#5234,#1256);
#853=LINE('',#5237,#1257);
#854=LINE('',#5239,#1258);
#855=LINE('',#5240,#1259);
#856=LINE('',#5243,#1260);
#857=LINE('',#5245,#1261);
#858=LINE('',#5246,#1262);
#859=LINE('',#5248,#1263);
#860=LINE('',#5249,#1264);
#861=LINE('',#5254,#1265);
#862=LINE('',#5256,#1266);
#863=LINE('',#5258,#1267);
#864=LINE('',#5259,#1268);
#865=LINE('',#5262,#1269);
#866=LINE('',#5264,#1270);
#867=LINE('',#5265,#1271);
#868=LINE('',#5268,#1272);
#869=LINE('',#5270,#1273);
#870=LINE('',#5271,#1274);
#871=LINE('',#5273,#1275);
#872=LINE('',#5274,#1276);
#873=LINE('',#5279,#1277);
#874=LINE('',#5281,#1278);
#875=LINE('',#5283,#1279);
#876=LINE('',#5284,#1280);
#877=LINE('',#5287,#1281);
#878=LINE('',#5289,#1282);
#879=LINE('',#5290,#1283);
#880=LINE('',#5293,#1284);
#881=LINE('',#5295,#1285);
#882=LINE('',#5296,#1286);
#883=LINE('',#5298,#1287);
#884=LINE('',#5299,#1288);
#885=LINE('',#5304,#1289);
#886=LINE('',#5306,#1290);
#887=LINE('',#5308,#1291);
#888=LINE('',#5309,#1292);
#889=LINE('',#5312,#1293);
#890=LINE('',#5314,#1294);
#891=LINE('',#5315,#1295);
#892=LINE('',#5318,#1296);
#893=LINE('',#5320,#1297);
#894=LINE('',#5321,#1298);
#895=LINE('',#5323,#1299);
#896=LINE('',#5324,#1300);
#897=LINE('',#5329,#1301);
#898=LINE('',#5331,#1302);
#899=LINE('',#5333,#1303);
#900=LINE('',#5334,#1304);
#901=LINE('',#5337,#1305);
#902=LINE('',#5339,#1306);
#903=LINE('',#5340,#1307);
#904=LINE('',#5343,#1308);
#905=LINE('',#5345,#1309);
#906=LINE('',#5346,#1310);
#907=LINE('',#5348,#1311);
#908=LINE('',#5349,#1312);
#909=LINE('',#5354,#1313);
#910=LINE('',#5356,#1314);
#911=LINE('',#5358,#1315);
#912=LINE('',#5359,#1316);
#913=LINE('',#5362,#1317);
#914=LINE('',#5364,#1318);
#915=LINE('',#5365,#1319);
#916=LINE('',#5368,#1320);
#917=LINE('',#5370,#1321);
#918=LINE('',#5371,#1322);
#919=LINE('',#5373,#1323);
#920=LINE('',#5374,#1324);
#921=LINE('',#5378,#1325);
#922=LINE('',#5385,#1326);
#923=LINE('',#5392,#1327);
#924=LINE('',#5399,#1328);
#925=LINE('',#5406,#1329);
#926=LINE('',#5410,#1330);
#927=LINE('',#5414,#1331);
#928=LINE('',#5418,#1332);
#929=LINE('',#5422,#1333);
#930=LINE('',#5427,#1334);
#931=LINE('',#5432,#1335);
#932=LINE('',#5437,#1336);
#933=LINE('',#5444,#1337);
#934=LINE('',#5451,#1338);
#935=LINE('',#5458,#1339);
#936=LINE('',#5465,#1340);
#937=LINE('',#5472,#1341);
#938=LINE('',#5479,#1342);
#939=LINE('',#5486,#1343);
#940=LINE('',#5493,#1344);
#941=LINE('',#5499,#1345);
#942=LINE('',#5503,#1346);
#943=LINE('',#5506,#1347);
#944=LINE('',#5507,#1348);
#945=LINE('',#5510,#1349);
#946=LINE('',#5514,#1350);
#947=VECTOR('',#3664,1.);
#948=VECTOR('',#3665,1.);
#949=VECTOR('',#3666,1.);
#950=VECTOR('',#3667,1.);
#951=VECTOR('',#3668,1.);
#952=VECTOR('',#3669,1.);
#953=VECTOR('',#3670,1.);
#954=VECTOR('',#3671,1.);
#955=VECTOR('',#3672,1.);
#956=VECTOR('',#3673,1.);
#957=VECTOR('',#3674,1.);
#958=VECTOR('',#3675,1.);
#959=VECTOR('',#3676,1.);
#960=VECTOR('',#3677,1.);
#961=VECTOR('',#3678,1.);
#962=VECTOR('',#3679,1.);
#963=VECTOR('',#3680,1.);
#964=VECTOR('',#3681,1.);
#965=VECTOR('',#3682,1.);
#966=VECTOR('',#3683,1.);
#967=VECTOR('',#3684,1.);
#968=VECTOR('',#3685,1.);
#969=VECTOR('',#3686,1.);
#970=VECTOR('',#3687,1.);
#971=VECTOR('',#3688,1.);
#972=VECTOR('',#3689,1.);
#973=VECTOR('',#3690,1.);
#974=VECTOR('',#3691,1.);
#975=VECTOR('',#3694,1.);
#976=VECTOR('',#3695,1.);
#977=VECTOR('',#3696,1.);
#978=VECTOR('',#3697,1.);
#979=VECTOR('',#3698,1.);
#980=VECTOR('',#3699,1.);
#981=VECTOR('',#3700,1.);
#982=VECTOR('',#3701,1.);
#983=VECTOR('',#3702,1.);
#984=VECTOR('',#3703,1.);
#985=VECTOR('',#3704,1.);
#986=VECTOR('',#3705,1.);
#987=VECTOR('',#3706,1.);
#988=VECTOR('',#3707,1.);
#989=VECTOR('',#3708,1.);
#990=VECTOR('',#3709,1.);
#991=VECTOR('',#3710,1.);
#992=VECTOR('',#3711,1.);
#993=VECTOR('',#3712,1.);
#994=VECTOR('',#3713,1.);
#995=VECTOR('',#3714,1.);
#996=VECTOR('',#3715,1.);
#997=VECTOR('',#3718,1.);
#998=VECTOR('',#3719,1.);
#999=VECTOR('',#3720,1.);
#1000=VECTOR('',#3721,1.);
#1001=VECTOR('',#3722,1.);
#1002=VECTOR('',#3723,1.);
#1003=VECTOR('',#3724,1.);
#1004=VECTOR('',#3725,1.);
#1005=VECTOR('',#3726,1.);
#1006=VECTOR('',#3727,1.);
#1007=VECTOR('',#3728,1.);
#1008=VECTOR('',#3729,1.);
#1009=VECTOR('',#3730,1.);
#1010=VECTOR('',#3731,1.);
#1011=VECTOR('',#3732,1.);
#1012=VECTOR('',#3733,1.);
#1013=VECTOR('',#3734,1.);
#1014=VECTOR('',#3735,1.);
#1015=VECTOR('',#3736,1.);
#1016=VECTOR('',#3737,1.);
#1017=VECTOR('',#3738,1.);
#1018=VECTOR('',#3739,1.);
#1019=VECTOR('',#3742,1.);
#1020=VECTOR('',#3743,1.);
#1021=VECTOR('',#3744,1.);
#1022=VECTOR('',#3747,1.);
#1023=VECTOR('',#3748,1.);
#1024=VECTOR('',#3751,1.);
#1025=VECTOR('',#3752,1.);
#1026=VECTOR('',#3753,1.);
#1027=VECTOR('',#3756,1.);
#1028=VECTOR('',#3757,1.);
#1029=VECTOR('',#3760,1.);
#1030=VECTOR('',#3761,1.);
#1031=VECTOR('',#3762,1.);
#1032=VECTOR('',#3765,1.);
#1033=VECTOR('',#3766,1.);
#1034=VECTOR('',#3769,1.);
#1035=VECTOR('',#3770,1.);
#1036=VECTOR('',#3771,1.);
#1037=VECTOR('',#3774,1.);
#1038=VECTOR('',#3775,1.);
#1039=VECTOR('',#3778,1.);
#1040=VECTOR('',#3779,1.);
#1041=VECTOR('',#3780,1.);
#1042=VECTOR('',#3781,1.);
#1043=VECTOR('',#3784,1.);
#1044=VECTOR('',#3785,1.);
#1045=VECTOR('',#3786,1.);
#1046=VECTOR('',#3787,1.);
#1047=VECTOR('',#3788,1.);
#1048=VECTOR('',#3789,1.);
#1049=VECTOR('',#3790,1.);
#1050=VECTOR('',#3793,1.);
#1051=VECTOR('',#3794,1.);
#1052=VECTOR('',#3795,1.);
#1053=VECTOR('',#3796,1.);
#1054=VECTOR('',#3797,1.);
#1055=VECTOR('',#3800,1.);
#1056=VECTOR('',#3801,1.);
#1057=VECTOR('',#3802,1.);
#1058=VECTOR('',#3803,1.);
#1059=VECTOR('',#3804,1.);
#1060=VECTOR('',#3807,1.);
#1061=VECTOR('',#3808,1.);
#1062=VECTOR('',#3809,1.);
#1063=VECTOR('',#3812,1.);
#1064=VECTOR('',#3813,1.);
#1065=VECTOR('',#3814,1.);
#1066=VECTOR('',#3815,1.);
#1067=VECTOR('',#3816,1.);
#1068=VECTOR('',#3817,1.);
#1069=VECTOR('',#3818,1.);
#1070=VECTOR('',#3821,1.);
#1071=VECTOR('',#3822,1.);
#1072=VECTOR('',#3823,1.);
#1073=VECTOR('',#3824,1.);
#1074=VECTOR('',#3825,1.);
#1075=VECTOR('',#3828,1.);
#1076=VECTOR('',#3829,1.);
#1077=VECTOR('',#3830,1.);
#1078=VECTOR('',#3831,1.);
#1079=VECTOR('',#3834,1.);
#1080=VECTOR('',#3841,1.);
#1081=VECTOR('',#3848,1.);
#1082=VECTOR('',#3849,1.);
#1083=VECTOR('',#3854,1.);
#1084=VECTOR('',#3857,1.);
#1085=VECTOR('',#3858,1.);
#1086=VECTOR('',#3863,1.);
#1087=VECTOR('',#3866,1.);
#1088=VECTOR('',#3867,1.);
#1089=VECTOR('',#3868,1.);
#1090=VECTOR('',#3871,1.);
#1091=VECTOR('',#3872,1.);
#1092=VECTOR('',#3875,1.);
#1093=VECTOR('',#3876,1.);
#1094=VECTOR('',#3877,1.);
#1095=VECTOR('',#3880,1.);
#1096=VECTOR('',#3881,1.);
#1097=VECTOR('',#3882,1.);
#1098=VECTOR('',#3885,1.);
#1099=VECTOR('',#3886,1.);
#1100=VECTOR('',#3889,1.);
#1101=VECTOR('',#3890,1.);
#1102=VECTOR('',#3893,1.);
#1103=VECTOR('',#3894,1.);
#1104=VECTOR('',#3895,1.);
#1105=VECTOR('',#3898,1.);
#1106=VECTOR('',#3899,1.);
#1107=VECTOR('',#3902,1.);
#1108=VECTOR('',#3905,1.);
#1109=VECTOR('',#3908,1.);
#1110=VECTOR('',#3909,1.);
#1111=VECTOR('',#3912,1.);
#1112=VECTOR('',#3915,1.);
#1113=VECTOR('',#3918,1.);
#1114=VECTOR('',#3919,1.);
#1115=VECTOR('',#3920,1.);
#1116=VECTOR('',#3923,1.);
#1117=VECTOR('',#3926,1.);
#1118=VECTOR('',#3927,1.);
#1119=VECTOR('',#3930,1.);
#1120=VECTOR('',#3931,1.);
#1121=VECTOR('',#3932,1.);
#1122=VECTOR('',#3935,1.);
#1123=VECTOR('',#3938,1.);
#1124=VECTOR('',#3939,1.);
#1125=VECTOR('',#3940,1.);
#1126=VECTOR('',#3943,1.);
#1127=VECTOR('',#3956,1.);
#1128=VECTOR('',#3963,1.);
#1129=VECTOR('',#3966,1.);
#1130=VECTOR('',#3969,1.);
#1131=VECTOR('',#3974,1.);
#1132=VECTOR('',#3979,1.);
#1133=VECTOR('',#3986,1.);
#1134=VECTOR('',#3987,1.);
#1135=VECTOR('',#3988,1.);
#1136=VECTOR('',#3991,1.);
#1137=VECTOR('',#3992,1.);
#1138=VECTOR('',#3993,1.);
#1139=VECTOR('',#3996,1.);
#1140=VECTOR('',#3997,1.);
#1141=VECTOR('',#4000,1.);
#1142=VECTOR('',#4001,1.);
#1143=VECTOR('',#4006,1.);
#1144=VECTOR('',#4007,1.);
#1145=VECTOR('',#4008,1.);
#1146=VECTOR('',#4011,1.);
#1147=VECTOR('',#4012,1.);
#1148=VECTOR('',#4013,1.);
#1149=VECTOR('',#4016,1.);
#1150=VECTOR('',#4017,1.);
#1151=VECTOR('',#4018,1.);
#1152=VECTOR('',#4021,1.);
#1153=VECTOR('',#4026,1.);
#1154=VECTOR('',#4027,1.);
#1155=VECTOR('',#4028,1.);
#1156=VECTOR('',#4031,1.);
#1157=VECTOR('',#4032,1.);
#1158=VECTOR('',#4033,1.);
#1159=VECTOR('',#4036,1.);
#1160=VECTOR('',#4037,1.);
#1161=VECTOR('',#4040,1.);
#1162=VECTOR('',#4041,1.);
#1163=VECTOR('',#4044,1.);
#1164=VECTOR('',#4045,1.);
#1165=VECTOR('',#4046,1.);
#1166=VECTOR('',#4047,1.);
#1167=VECTOR('',#4052,1.);
#1168=VECTOR('',#4053,1.);
#1169=VECTOR('',#4056,1.);
#1170=VECTOR('',#4057,1.);
#1171=VECTOR('',#4060,1.);
#1172=VECTOR('',#4061,1.);
#1173=VECTOR('',#4066,1.);
#1174=VECTOR('',#4073,1.);
#1175=VECTOR('',#4084,1.);
#1176=VECTOR('',#4089,1.);
#1177=VECTOR('',#4090,1.);
#1178=VECTOR('',#4091,1.);
#1179=VECTOR('',#4092,1.);
#1180=VECTOR('',#4093,1.);
#1181=VECTOR('',#4096,1.);
#1182=VECTOR('',#4099,1.);
#1183=VECTOR('',#4100,1.);
#1184=VECTOR('',#4101,1.);
#1185=VECTOR('',#4102,1.);
#1186=VECTOR('',#4103,1.);
#1187=VECTOR('',#4106,1.);
#1188=VECTOR('',#4107,1.);
#1189=VECTOR('',#4108,1.);
#1190=VECTOR('',#4109,1.);
#1191=VECTOR('',#4110,1.);
#1192=VECTOR('',#4113,1.);
#1193=VECTOR('',#4124,1.);
#1194=VECTOR('',#4125,1.);
#1195=VECTOR('',#4128,1.);
#1196=VECTOR('',#4129,1.);
#1197=VECTOR('',#4130,1.);
#1198=VECTOR('',#4131,1.);
#1199=VECTOR('',#4134,1.);
#1200=VECTOR('',#4135,1.);
#1201=VECTOR('',#4136,1.);
#1202=VECTOR('',#4139,1.);
#1203=VECTOR('',#4140,1.);
#1204=VECTOR('',#4143,1.);
#1205=VECTOR('',#4144,1.);
#1206=VECTOR('',#4147,1.);
#1207=VECTOR('',#4150,1.);
#1208=VECTOR('',#4151,1.);
#1209=VECTOR('',#4152,1.);
#1210=VECTOR('',#4155,1.);
#1211=VECTOR('',#4156,1.);
#1212=VECTOR('',#4159,1.);
#1213=VECTOR('',#4160,1.);
#1214=VECTOR('',#4163,1.);
#1215=VECTOR('',#4166,1.);
#1216=VECTOR('',#4167,1.);
#1217=VECTOR('',#4168,1.);
#1218=VECTOR('',#4171,1.);
#1219=VECTOR('',#4172,1.);
#1220=VECTOR('',#4173,1.);
#1221=VECTOR('',#4176,1.);
#1222=VECTOR('',#4177,1.);
#1223=VECTOR('',#4182,1.);
#1224=VECTOR('',#4183,1.);
#1225=VECTOR('',#4184,1.);
#1226=VECTOR('',#4187,1.);
#1227=VECTOR('',#4188,1.);
#1228=VECTOR('',#4189,1.);
#1229=VECTOR('',#4192,1.);
#1230=VECTOR('',#4193,1.);
#1231=VECTOR('',#4196,1.);
#1232=VECTOR('',#4197,1.);
#1233=VECTOR('',#4200,1.);
#1234=VECTOR('',#4203,1.);
#1235=VECTOR('',#4204,1.);
#1236=VECTOR('',#4205,1.);
#1237=VECTOR('',#4208,1.);
#1238=VECTOR('',#4209,1.);
#1239=VECTOR('',#4210,1.);
#1240=VECTOR('',#4213,1.);
#1241=VECTOR('',#4216,1.);
#1242=VECTOR('',#4219,1.);
#1243=VECTOR('',#4220,1.);
#1244=VECTOR('',#4221,1.);
#1245=VECTOR('',#4224,1.);
#1246=VECTOR('',#4225,1.);
#1247=VECTOR('',#4226,1.);
#1248=VECTOR('',#4229,1.);
#1249=VECTOR('',#4230,1.);
#1250=VECTOR('',#4233,1.);
#1251=VECTOR('',#4234,1.);
#1252=VECTOR('',#4237,1.);
#1253=VECTOR('',#4240,1.);
#1254=VECTOR('',#4241,1.);
#1255=VECTOR('',#4242,1.);
#1256=VECTOR('',#4243,1.);
#1257=VECTOR('',#4246,1.);
#1258=VECTOR('',#4247,1.);
#1259=VECTOR('',#4248,1.);
#1260=VECTOR('',#4251,1.);
#1261=VECTOR('',#4252,1.);
#1262=VECTOR('',#4253,1.);
#1263=VECTOR('',#4256,1.);
#1264=VECTOR('',#4257,1.);
#1265=VECTOR('',#4262,1.);
#1266=VECTOR('',#4263,1.);
#1267=VECTOR('',#4264,1.);
#1268=VECTOR('',#4265,1.);
#1269=VECTOR('',#4268,1.);
#1270=VECTOR('',#4269,1.);
#1271=VECTOR('',#4270,1.);
#1272=VECTOR('',#4273,1.);
#1273=VECTOR('',#4274,1.);
#1274=VECTOR('',#4275,1.);
#1275=VECTOR('',#4278,1.);
#1276=VECTOR('',#4279,1.);
#1277=VECTOR('',#4284,1.);
#1278=VECTOR('',#4285,1.);
#1279=VECTOR('',#4286,1.);
#1280=VECTOR('',#4287,1.);
#1281=VECTOR('',#4290,1.);
#1282=VECTOR('',#4291,1.);
#1283=VECTOR('',#4292,1.);
#1284=VECTOR('',#4295,1.);
#1285=VECTOR('',#4296,1.);
#1286=VECTOR('',#4297,1.);
#1287=VECTOR('',#4300,1.);
#1288=VECTOR('',#4301,1.);
#1289=VECTOR('',#4306,1.);
#1290=VECTOR('',#4307,1.);
#1291=VECTOR('',#4308,1.);
#1292=VECTOR('',#4309,1.);
#1293=VECTOR('',#4312,1.);
#1294=VECTOR('',#4313,1.);
#1295=VECTOR('',#4314,1.);
#1296=VECTOR('',#4317,1.);
#1297=VECTOR('',#4318,1.);
#1298=VECTOR('',#4319,1.);
#1299=VECTOR('',#4322,1.);
#1300=VECTOR('',#4323,1.);
#1301=VECTOR('',#4328,1.);
#1302=VECTOR('',#4329,1.);
#1303=VECTOR('',#4330,1.);
#1304=VECTOR('',#4331,1.);
#1305=VECTOR('',#4334,1.);
#1306=VECTOR('',#4335,1.);
#1307=VECTOR('',#4336,1.);
#1308=VECTOR('',#4339,1.);
#1309=VECTOR('',#4340,1.);
#1310=VECTOR('',#4341,1.);
#1311=VECTOR('',#4344,1.);
#1312=VECTOR('',#4345,1.);
#1313=VECTOR('',#4350,1.);
#1314=VECTOR('',#4351,1.);
#1315=VECTOR('',#4352,1.);
#1316=VECTOR('',#4353,1.);
#1317=VECTOR('',#4356,1.);
#1318=VECTOR('',#4357,1.);
#1319=VECTOR('',#4358,1.);
#1320=VECTOR('',#4361,1.);
#1321=VECTOR('',#4362,1.);
#1322=VECTOR('',#4363,1.);
#1323=VECTOR('',#4366,1.);
#1324=VECTOR('',#4367,1.);
#1325=VECTOR('',#4372,0.31);
#1326=VECTOR('',#4381,0.31);
#1327=VECTOR('',#4390,0.31);
#1328=VECTOR('',#4399,0.31);
#1329=VECTOR('',#4408,0.17);
#1330=VECTOR('',#4413,0.17);
#1331=VECTOR('',#4418,0.17);
#1332=VECTOR('',#4423,0.17);
#1333=VECTOR('',#4428,0.3);
#1334=VECTOR('',#4435,0.3);
#1335=VECTOR('',#4442,0.3);
#1336=VECTOR('',#4449,0.3);
#1337=VECTOR('',#4458,0.1025);
#1338=VECTOR('',#4467,0.1025);
#1339=VECTOR('',#4476,0.1025);
#1340=VECTOR('',#4485,0.1025);
#1341=VECTOR('',#4494,0.35);
#1342=VECTOR('',#4503,0.35);
#1343=VECTOR('',#4512,0.35);
#1344=VECTOR('',#4521,0.35);
#1345=VECTOR('',#4530,1.);
#1346=VECTOR('',#4535,1.);
#1347=VECTOR('',#4538,1.);
#1348=VECTOR('',#4539,1.);
#1349=VECTOR('',#4542,1.);
#1350=VECTOR('',#4549,1.);
#1351=VERTEX_POINT('',#4558);
#1352=VERTEX_POINT('',#4559);
#1353=VERTEX_POINT('',#4561);
#1354=VERTEX_POINT('',#4563);
#1355=VERTEX_POINT('',#4565);
#1356=VERTEX_POINT('',#4567);
#1357=VERTEX_POINT('',#4569);
#1358=VERTEX_POINT('',#4571);
#1359=VERTEX_POINT('',#4573);
#1360=VERTEX_POINT('',#4575);
#1361=VERTEX_POINT('',#4577);
#1362=VERTEX_POINT('',#4579);
#1363=VERTEX_POINT('',#4581);
#1364=VERTEX_POINT('',#4583);
#1365=VERTEX_POINT('',#4585);
#1366=VERTEX_POINT('',#4587);
#1367=VERTEX_POINT('',#4589);
#1368=VERTEX_POINT('',#4591);
#1369=VERTEX_POINT('',#4593);
#1370=VERTEX_POINT('',#4595);
#1371=VERTEX_POINT('',#4597);
#1372=VERTEX_POINT('',#4599);
#1373=VERTEX_POINT('',#4601);
#1374=VERTEX_POINT('',#4603);
#1375=VERTEX_POINT('',#4605);
#1376=VERTEX_POINT('',#4607);
#1377=VERTEX_POINT('',#4609);
#1378=VERTEX_POINT('',#4611);
#1379=VERTEX_POINT('',#4615);
#1380=VERTEX_POINT('',#4617);
#1381=VERTEX_POINT('',#4619);
#1382=VERTEX_POINT('',#4621);
#1383=VERTEX_POINT('',#4623);
#1384=VERTEX_POINT('',#4625);
#1385=VERTEX_POINT('',#4627);
#1386=VERTEX_POINT('',#4630);
#1387=VERTEX_POINT('',#4632);
#1388=VERTEX_POINT('',#4634);
#1389=VERTEX_POINT('',#4636);
#1390=VERTEX_POINT('',#4638);
#1391=VERTEX_POINT('',#4640);
#1392=VERTEX_POINT('',#4642);
#1393=VERTEX_POINT('',#4644);
#1394=VERTEX_POINT('',#4646);
#1395=VERTEX_POINT('',#4649);
#1396=VERTEX_POINT('',#4650);
#1397=VERTEX_POINT('',#4652);
#1398=VERTEX_POINT('',#4654);
#1399=VERTEX_POINT('',#4658);
#1400=VERTEX_POINT('',#4660);
#1401=VERTEX_POINT('',#4662);
#1402=VERTEX_POINT('',#4664);
#1403=VERTEX_POINT('',#4666);
#1404=VERTEX_POINT('',#4668);
#1405=VERTEX_POINT('',#4670);
#1406=VERTEX_POINT('',#4673);
#1407=VERTEX_POINT('',#4675);
#1408=VERTEX_POINT('',#4677);
#1409=VERTEX_POINT('',#4679);
#1410=VERTEX_POINT('',#4681);
#1411=VERTEX_POINT('',#4683);
#1412=VERTEX_POINT('',#4685);
#1413=VERTEX_POINT('',#4687);
#1414=VERTEX_POINT('',#4689);
#1415=VERTEX_POINT('',#4692);
#1416=VERTEX_POINT('',#4693);
#1417=VERTEX_POINT('',#4695);
#1418=VERTEX_POINT('',#4697);
#1419=VERTEX_POINT('',#4701);
#1420=VERTEX_POINT('',#4703);
#1421=VERTEX_POINT('',#4707);
#1422=VERTEX_POINT('',#4711);
#1423=VERTEX_POINT('',#4713);
#1424=VERTEX_POINT('',#4717);
#1425=VERTEX_POINT('',#4721);
#1426=VERTEX_POINT('',#4723);
#1427=VERTEX_POINT('',#4727);
#1428=VERTEX_POINT('',#4731);
#1429=VERTEX_POINT('',#4733);
#1430=VERTEX_POINT('',#4737);
#1431=VERTEX_POINT('',#4741);
#1432=VERTEX_POINT('',#4743);
#1433=VERTEX_POINT('',#4745);
#1434=VERTEX_POINT('',#4749);
#1435=VERTEX_POINT('',#4750);
#1436=VERTEX_POINT('',#4752);
#1437=VERTEX_POINT('',#4754);
#1438=VERTEX_POINT('',#4756);
#1439=VERTEX_POINT('',#4759);
#1440=VERTEX_POINT('',#4763);
#1441=VERTEX_POINT('',#4766);
#1442=VERTEX_POINT('',#4768);
#1443=VERTEX_POINT('',#4772);
#1444=VERTEX_POINT('',#4773);
#1445=VERTEX_POINT('',#4775);
#1446=VERTEX_POINT('',#4777);
#1447=VERTEX_POINT('',#4783);
#1448=VERTEX_POINT('',#4787);
#1449=VERTEX_POINT('',#4788);
#1450=VERTEX_POINT('',#4790);
#1451=VERTEX_POINT('',#4792);
#1452=VERTEX_POINT('',#4794);
#1453=VERTEX_POINT('',#4797);
#1454=VERTEX_POINT('',#4801);
#1455=VERTEX_POINT('',#4804);
#1456=VERTEX_POINT('',#4806);
#1457=VERTEX_POINT('',#4810);
#1458=VERTEX_POINT('',#4812);
#1459=VERTEX_POINT('',#4837);
#1460=VERTEX_POINT('',#4839);
#1461=VERTEX_POINT('',#4843);
#1462=VERTEX_POINT('',#4847);
#1463=VERTEX_POINT('',#4849);
#1464=VERTEX_POINT('',#4853);
#1465=VERTEX_POINT('',#4855);
#1466=VERTEX_POINT('',#4859);
#1467=VERTEX_POINT('',#4863);
#1468=VERTEX_POINT('',#4867);
#1469=VERTEX_POINT('',#4869);
#1470=VERTEX_POINT('',#4873);
#1471=VERTEX_POINT('',#4881);
#1472=VERTEX_POINT('',#4889);
#1473=VERTEX_POINT('',#4891);
#1474=VERTEX_POINT('',#4897);
#1475=VERTEX_POINT('',#4901);
#1476=VERTEX_POINT('',#4903);
#1477=VERTEX_POINT('',#4909);
#1478=VERTEX_POINT('',#4911);
#1479=VERTEX_POINT('',#4919);
#1480=VERTEX_POINT('',#4923);
#1481=VERTEX_POINT('',#4926);
#1482=VERTEX_POINT('',#4931);
#1483=VERTEX_POINT('',#4933);
#1484=VERTEX_POINT('',#4936);
#1485=VERTEX_POINT('',#4941);
#1486=VERTEX_POINT('',#4944);
#1487=VERTEX_POINT('',#4947);
#1488=VERTEX_POINT('',#4948);
#1489=VERTEX_POINT('',#4950);
#1490=VERTEX_POINT('',#4952);
#1491=VERTEX_POINT('',#4956);
#1492=VERTEX_POINT('',#4958);
#1493=VERTEX_POINT('',#4962);
#1494=VERTEX_POINT('',#4966);
#1495=VERTEX_POINT('',#4970);
#1496=VERTEX_POINT('',#4971);
#1497=VERTEX_POINT('',#4973);
#1498=VERTEX_POINT('',#4975);
#1499=VERTEX_POINT('',#4979);
#1500=VERTEX_POINT('',#4981);
#1501=VERTEX_POINT('',#4985);
#1502=VERTEX_POINT('',#4987);
#1503=VERTEX_POINT('',#4993);
#1504=VERTEX_POINT('',#4994);
#1505=VERTEX_POINT('',#4996);
#1506=VERTEX_POINT('',#4998);
#1507=VERTEX_POINT('',#5002);
#1508=VERTEX_POINT('',#5004);
#1509=VERTEX_POINT('',#5008);
#1510=VERTEX_POINT('',#5012);
#1511=VERTEX_POINT('',#5016);
#1512=VERTEX_POINT('',#5017);
#1513=VERTEX_POINT('',#5019);
#1514=VERTEX_POINT('',#5021);
#1515=VERTEX_POINT('',#5025);
#1516=VERTEX_POINT('',#5027);
#1517=VERTEX_POINT('',#5031);
#1518=VERTEX_POINT('',#5035);
#1519=VERTEX_POINT('',#5040);
#1520=VERTEX_POINT('',#5044);
#1521=VERTEX_POINT('',#5052);
#1522=VERTEX_POINT('',#5055);
#1523=VERTEX_POINT('',#5058);
#1524=VERTEX_POINT('',#5059);
#1525=VERTEX_POINT('',#5061);
#1526=VERTEX_POINT('',#5063);
#1527=VERTEX_POINT('',#5065);
#1528=VERTEX_POINT('',#5067);
#1529=VERTEX_POINT('',#5069);
#1530=VERTEX_POINT('',#5071);
#1531=VERTEX_POINT('',#5073);
#1532=VERTEX_POINT('',#5075);
#1533=VERTEX_POINT('',#5077);
#1534=VERTEX_POINT('',#5079);
#1535=VERTEX_POINT('',#5081);
#1536=VERTEX_POINT('',#5083);
#1537=VERTEX_POINT('',#5085);
#1538=VERTEX_POINT('',#5087);
#1539=VERTEX_POINT('',#5089);
#1540=VERTEX_POINT('',#5091);
#1541=VERTEX_POINT('',#5093);
#1542=VERTEX_POINT('',#5095);
#1543=VERTEX_POINT('',#5098);
#1544=VERTEX_POINT('',#5100);
#1545=VERTEX_POINT('',#5102);
#1546=VERTEX_POINT('',#5104);
#1547=VERTEX_POINT('',#5110);
#1548=VERTEX_POINT('',#5111);
#1549=VERTEX_POINT('',#5113);
#1550=VERTEX_POINT('',#5115);
#1551=VERTEX_POINT('',#5119);
#1552=VERTEX_POINT('',#5120);
#1553=VERTEX_POINT('',#5125);
#1554=VERTEX_POINT('',#5129);
#1555=VERTEX_POINT('',#5135);
#1556=VERTEX_POINT('',#5137);
#1557=VERTEX_POINT('',#5141);
#1558=VERTEX_POINT('',#5145);
#1559=VERTEX_POINT('',#5151);
#1560=VERTEX_POINT('',#5153);
#1561=VERTEX_POINT('',#5157);
#1562=VERTEX_POINT('',#5159);
#1563=VERTEX_POINT('',#5167);
#1564=VERTEX_POINT('',#5169);
#1565=VERTEX_POINT('',#5173);
#1566=VERTEX_POINT('',#5174);
#1567=VERTEX_POINT('',#5179);
#1568=VERTEX_POINT('',#5183);
#1569=VERTEX_POINT('',#5189);
#1570=VERTEX_POINT('',#5191);
#1571=VERTEX_POINT('',#5195);
#1572=VERTEX_POINT('',#5197);
#1573=VERTEX_POINT('',#5205);
#1574=VERTEX_POINT('',#5207);
#1575=VERTEX_POINT('',#5211);
#1576=VERTEX_POINT('',#5212);
#1577=VERTEX_POINT('',#5217);
#1578=VERTEX_POINT('',#5221);
#1579=VERTEX_POINT('',#5227);
#1580=VERTEX_POINT('',#5228);
#1581=VERTEX_POINT('',#5230);
#1582=VERTEX_POINT('',#5232);
#1583=VERTEX_POINT('',#5236);
#1584=VERTEX_POINT('',#5238);
#1585=VERTEX_POINT('',#5242);
#1586=VERTEX_POINT('',#5244);
#1587=VERTEX_POINT('',#5252);
#1588=VERTEX_POINT('',#5253);
#1589=VERTEX_POINT('',#5255);
#1590=VERTEX_POINT('',#5257);
#1591=VERTEX_POINT('',#5261);
#1592=VERTEX_POINT('',#5263);
#1593=VERTEX_POINT('',#5267);
#1594=VERTEX_POINT('',#5269);
#1595=VERTEX_POINT('',#5277);
#1596=VERTEX_POINT('',#5278);
#1597=VERTEX_POINT('',#5280);
#1598=VERTEX_POINT('',#5282);
#1599=VERTEX_POINT('',#5286);
#1600=VERTEX_POINT('',#5288);
#1601=VERTEX_POINT('',#5292);
#1602=VERTEX_POINT('',#5294);
#1603=VERTEX_POINT('',#5302);
#1604=VERTEX_POINT('',#5303);
#1605=VERTEX_POINT('',#5305);
#1606=VERTEX_POINT('',#5307);
#1607=VERTEX_POINT('',#5311);
#1608=VERTEX_POINT('',#5313);
#1609=VERTEX_POINT('',#5317);
#1610=VERTEX_POINT('',#5319);
#1611=VERTEX_POINT('',#5327);
#1612=VERTEX_POINT('',#5328);
#1613=VERTEX_POINT('',#5330);
#1614=VERTEX_POINT('',#5332);
#1615=VERTEX_POINT('',#5336);
#1616=VERTEX_POINT('',#5338);
#1617=VERTEX_POINT('',#5342);
#1618=VERTEX_POINT('',#5344);
#1619=VERTEX_POINT('',#5352);
#1620=VERTEX_POINT('',#5353);
#1621=VERTEX_POINT('',#5355);
#1622=VERTEX_POINT('',#5357);
#1623=VERTEX_POINT('',#5361);
#1624=VERTEX_POINT('',#5363);
#1625=VERTEX_POINT('',#5367);
#1626=VERTEX_POINT('',#5369);
#1627=VERTEX_POINT('',#5377);
#1628=VERTEX_POINT('',#5381);
#1629=VERTEX_POINT('',#5384);
#1630=VERTEX_POINT('',#5388);
#1631=VERTEX_POINT('',#5391);
#1632=VERTEX_POINT('',#5395);
#1633=VERTEX_POINT('',#5398);
#1634=VERTEX_POINT('',#5402);
#1635=VERTEX_POINT('',#5405);
#1636=VERTEX_POINT('',#5409);
#1637=VERTEX_POINT('',#5413);
#1638=VERTEX_POINT('',#5417);
#1639=VERTEX_POINT('',#5421);
#1640=VERTEX_POINT('',#5426);
#1641=VERTEX_POINT('',#5431);
#1642=VERTEX_POINT('',#5436);
#1643=VERTEX_POINT('',#5441);
#1644=VERTEX_POINT('',#5443);
#1645=VERTEX_POINT('',#5448);
#1646=VERTEX_POINT('',#5450);
#1647=VERTEX_POINT('',#5455);
#1648=VERTEX_POINT('',#5457);
#1649=VERTEX_POINT('',#5462);
#1650=VERTEX_POINT('',#5464);
#1651=VERTEX_POINT('',#5469);
#1652=VERTEX_POINT('',#5471);
#1653=VERTEX_POINT('',#5476);
#1654=VERTEX_POINT('',#5478);
#1655=VERTEX_POINT('',#5483);
#1656=VERTEX_POINT('',#5485);
#1657=VERTEX_POINT('',#5490);
#1658=VERTEX_POINT('',#5492);
#1659=VERTEX_POINT('',#5497);
#1660=VERTEX_POINT('',#5501);
#1661=VERTEX_POINT('',#5505);
#1662=VERTEX_POINT('',#5509);
#1663=EDGE_CURVE('',#1351,#1352,#543,.T.);
#1664=EDGE_CURVE('',#1353,#1351,#544,.T.);
#1665=EDGE_CURVE('',#1354,#1353,#545,.T.);
#1666=EDGE_CURVE('',#1355,#1354,#546,.T.);
#1667=EDGE_CURVE('',#1356,#1355,#547,.T.);
#1668=EDGE_CURVE('',#1357,#1356,#548,.T.);
#1669=EDGE_CURVE('',#1358,#1357,#549,.T.);
#1670=EDGE_CURVE('',#1359,#1358,#550,.T.);
#1671=EDGE_CURVE('',#1360,#1359,#551,.T.);
#1672=EDGE_CURVE('',#1361,#1360,#552,.T.);
#1673=EDGE_CURVE('',#1362,#1361,#553,.T.);
#1674=EDGE_CURVE('',#1363,#1362,#554,.T.);
#1675=EDGE_CURVE('',#1364,#1363,#555,.T.);
#1676=EDGE_CURVE('',#1365,#1364,#556,.T.);
#1677=EDGE_CURVE('',#1366,#1365,#557,.T.);
#1678=EDGE_CURVE('',#1367,#1366,#558,.T.);
#1679=EDGE_CURVE('',#1368,#1367,#559,.T.);
#1680=EDGE_CURVE('',#1369,#1368,#560,.T.);
#1681=EDGE_CURVE('',#1370,#1369,#561,.T.);
#1682=EDGE_CURVE('',#1371,#1370,#562,.T.);
#1683=EDGE_CURVE('',#1372,#1371,#563,.T.);
#1684=EDGE_CURVE('',#1373,#1372,#564,.T.);
#1685=EDGE_CURVE('',#1374,#1373,#565,.T.);
#1686=EDGE_CURVE('',#1375,#1374,#566,.T.);
#1687=EDGE_CURVE('',#1376,#1375,#567,.T.);
#1688=EDGE_CURVE('',#1377,#1376,#568,.T.);
#1689=EDGE_CURVE('',#1378,#1377,#569,.T.);
#1690=EDGE_CURVE('',#1352,#1378,#570,.T.);
#1691=EDGE_CURVE('',#1379,#1351,#571,.T.);
#1692=EDGE_CURVE('',#1352,#1380,#572,.T.);
#1693=EDGE_CURVE('',#1380,#1381,#573,.T.);
#1694=EDGE_CURVE('',#1381,#1382,#574,.T.);
#1695=EDGE_CURVE('',#1382,#1383,#575,.T.);
#1696=EDGE_CURVE('',#1383,#1384,#576,.T.);
#1697=EDGE_CURVE('',#1384,#1385,#577,.T.);
#1698=EDGE_CURVE('',#1385,#1376,#578,.T.);
#1699=EDGE_CURVE('',#1375,#1386,#579,.T.);
#1700=EDGE_CURVE('',#1386,#1387,#580,.T.);
#1701=EDGE_CURVE('',#1387,#1388,#581,.T.);
#1702=EDGE_CURVE('',#1388,#1389,#582,.T.);
#1703=EDGE_CURVE('',#1390,#1389,#583,.T.);
#1704=EDGE_CURVE('',#1391,#1390,#584,.T.);
#1705=EDGE_CURVE('',#1392,#1391,#585,.T.);
#1706=EDGE_CURVE('',#1392,#1393,#586,.T.);
#1707=EDGE_CURVE('',#1393,#1394,#587,.T.);
#1708=EDGE_CURVE('',#1394,#1379,#588,.T.);
#1709=EDGE_CURVE('',#1395,#1396,#589,.T.);
#1710=EDGE_CURVE('',#1396,#1397,#590,.T.);
#1711=EDGE_CURVE('',#1397,#1398,#591,.T.);
#1712=EDGE_CURVE('',#1398,#1395,#592,.T.);
#1713=EDGE_CURVE('',#1399,#1373,#593,.T.);
#1714=EDGE_CURVE('',#1372,#1400,#594,.T.);
#1715=EDGE_CURVE('',#1400,#1401,#595,.T.);
#1716=EDGE_CURVE('',#1401,#1402,#596,.T.);
#1717=EDGE_CURVE('',#1402,#1403,#597,.T.);
#1718=EDGE_CURVE('',#1403,#1404,#598,.T.);
#1719=EDGE_CURVE('',#1404,#1405,#599,.T.);
#1720=EDGE_CURVE('',#1405,#1369,#600,.T.);
#1721=EDGE_CURVE('',#1368,#1406,#601,.T.);
#1722=EDGE_CURVE('',#1406,#1407,#602,.T.);
#1723=EDGE_CURVE('',#1407,#1408,#603,.T.);
#1724=EDGE_CURVE('',#1408,#1409,#604,.T.);
#1725=EDGE_CURVE('',#1410,#1409,#605,.T.);
#1726=EDGE_CURVE('',#1411,#1410,#606,.T.);
#1727=EDGE_CURVE('',#1412,#1411,#607,.T.);
#1728=EDGE_CURVE('',#1412,#1413,#608,.T.);
#1729=EDGE_CURVE('',#1413,#1414,#609,.T.);
#1730=EDGE_CURVE('',#1414,#1399,#610,.T.);
#1731=EDGE_CURVE('',#1415,#1416,#611,.T.);
#1732=EDGE_CURVE('',#1416,#1417,#612,.T.);
#1733=EDGE_CURVE('',#1417,#1418,#613,.T.);
#1734=EDGE_CURVE('',#1418,#1415,#614,.T.);
#1735=EDGE_CURVE('',#1354,#1419,#615,.T.);
#1736=EDGE_CURVE('',#1420,#1353,#616,.T.);
#1737=EDGE_CURVE('',#1419,#1420,#617,.T.);
#1738=EDGE_CURVE('',#1421,#1378,#618,.T.);
#1739=EDGE_CURVE('',#1380,#1421,#619,.T.);
#1740=EDGE_CURVE('',#1358,#1422,#620,.T.);
#1741=EDGE_CURVE('',#1423,#1357,#621,.T.);
#1742=EDGE_CURVE('',#1422,#1423,#622,.T.);
#1743=EDGE_CURVE('',#1424,#1374,#623,.T.);
#1744=EDGE_CURVE('',#1386,#1424,#624,.T.);
#1745=EDGE_CURVE('',#1361,#1425,#625,.T.);
#1746=EDGE_CURVE('',#1426,#1360,#626,.T.);
#1747=EDGE_CURVE('',#1425,#1426,#627,.T.);
#1748=EDGE_CURVE('',#1427,#1371,#628,.T.);
#1749=EDGE_CURVE('',#1400,#1427,#629,.T.);
#1750=EDGE_CURVE('',#1365,#1428,#630,.T.);
#1751=EDGE_CURVE('',#1429,#1364,#631,.T.);
#1752=EDGE_CURVE('',#1428,#1429,#632,.T.);
#1753=EDGE_CURVE('',#1430,#1367,#633,.T.);
#1754=EDGE_CURVE('',#1406,#1430,#634,.T.);
#1755=EDGE_CURVE('',#1430,#1431,#635,.T.);
#1756=EDGE_CURVE('',#1432,#1431,#636,.T.);
#1757=EDGE_CURVE('',#1433,#1432,#637,.T.);
#1758=EDGE_CURVE('',#1407,#1433,#638,.T.);
#1759=EDGE_CURVE('',#1434,#1435,#639,.T.);
#1760=EDGE_CURVE('',#1436,#1434,#640,.T.);
#1761=EDGE_CURVE('',#1437,#1436,#641,.T.);
#1762=EDGE_CURVE('',#1438,#1437,#642,.T.);
#1763=EDGE_CURVE('',#1428,#1438,#643,.T.);
#1764=EDGE_CURVE('',#1429,#1439,#644,.T.);
#1765=EDGE_CURVE('',#1439,#1435,#645,.T.);
#1766=EDGE_CURVE('',#1427,#1440,#646,.T.);
#1767=EDGE_CURVE('',#1440,#1405,#647,.T.);
#1768=EDGE_CURVE('',#1441,#1404,#648,.T.);
#1769=EDGE_CURVE('',#1442,#1441,#649,.T.);
#1770=EDGE_CURVE('',#1401,#1442,#650,.T.);
#1771=EDGE_CURVE('',#1443,#1444,#651,.T.);
#1772=EDGE_CURVE('',#1445,#1443,#652,.T.);
#1773=EDGE_CURVE('',#1446,#1445,#653,.T.);
#1774=EDGE_CURVE('',#1425,#1446,#654,.T.);
#1775=EDGE_CURVE('',#1426,#1444,#655,.T.);
#1776=EDGE_CURVE('',#1424,#1399,#656,.T.);
#1777=EDGE_CURVE('',#1447,#1414,#657,.T.);
#1778=EDGE_CURVE('',#1387,#1447,#658,.T.);
#1779=EDGE_CURVE('',#1448,#1449,#659,.T.);
#1780=EDGE_CURVE('',#1450,#1448,#660,.T.);
#1781=EDGE_CURVE('',#1451,#1450,#661,.T.);
#1782=EDGE_CURVE('',#1452,#1451,#662,.T.);
#1783=EDGE_CURVE('',#1422,#1452,#663,.T.);
#1784=EDGE_CURVE('',#1423,#1453,#664,.T.);
#1785=EDGE_CURVE('',#1453,#1449,#665,.T.);
#1786=EDGE_CURVE('',#1421,#1454,#666,.T.);
#1787=EDGE_CURVE('',#1454,#1385,#667,.T.);
#1788=EDGE_CURVE('',#1455,#1384,#668,.T.);
#1789=EDGE_CURVE('',#1456,#1455,#669,.T.);
#1790=EDGE_CURVE('',#1381,#1456,#670,.T.);
#1791=EDGE_CURVE('',#1457,#1394,#671,.T.);
#1792=EDGE_CURVE('',#1458,#1457,#672,.T.);
#1793=EDGE_CURVE('',#1419,#1458,#673,.T.);
#1794=EDGE_CURVE('',#1420,#1379,#674,.T.);
#1795=EDGE_CURVE('',#1440,#1370,#675,.T.);
#1796=EDGE_CURVE('',#1454,#1377,#676,.T.);
#1797=EDGE_CURVE('',#1449,#1355,#677,.T.);
#1798=EDGE_CURVE('',#1453,#1356,#678,.T.);
#1799=EDGE_CURVE('',#1444,#1359,#679,.T.);
#1800=EDGE_CURVE('',#1435,#1362,#680,.T.);
#1801=EDGE_CURVE('',#1439,#1363,#681,.T.);
#1802=EDGE_CURVE('',#1431,#1366,#682,.T.);
#1803=EDGE_CURVE('',#1458,#1459,#683,.T.);
#1804=EDGE_CURVE('',#1460,#1457,#684,.T.);
#1805=EDGE_CURVE('',#1459,#1460,#685,.T.);
#1806=EDGE_CURVE('',#1461,#1456,#686,.T.);
#1807=EDGE_CURVE('',#1382,#1461,#687,.T.);
#1808=EDGE_CURVE('',#1452,#1462,#688,.T.);
#1809=EDGE_CURVE('',#1463,#1451,#689,.T.);
#1810=EDGE_CURVE('',#1462,#1463,#690,.T.);
#1811=EDGE_CURVE('',#1446,#1464,#691,.T.);
#1812=EDGE_CURVE('',#1465,#1445,#692,.T.);
#1813=EDGE_CURVE('',#1464,#1465,#693,.T.);
#1814=EDGE_CURVE('',#1466,#1447,#694,.T.);
#1815=EDGE_CURVE('',#1388,#1466,#695,.T.);
#1816=EDGE_CURVE('',#1467,#1442,#696,.T.);
#1817=EDGE_CURVE('',#1402,#1467,#697,.T.);
#1818=EDGE_CURVE('',#1438,#1468,#698,.T.);
#1819=EDGE_CURVE('',#1469,#1437,#699,.T.);
#1820=EDGE_CURVE('',#1468,#1469,#700,.T.);
#1821=EDGE_CURVE('',#1470,#1403,#701,.T.);
#1822=EDGE_CURVE('',#1470,#1441,#702,.T.);
#1823=EDGE_CURVE('',#1467,#1470,#703,.T.);
#1824=EDGE_CURVE('',#1466,#1413,#704,.T.);
#1825=EDGE_CURVE('',#1471,#1383,#705,.T.);
#1826=EDGE_CURVE('',#1471,#1455,#706,.T.);
#1827=EDGE_CURVE('',#1461,#1471,#707,.T.);
#1828=EDGE_CURVE('',#1460,#1393,#708,.T.);
#1829=EDGE_CURVE('',#1472,#1448,#709,.T.);
#1830=EDGE_CURVE('',#1473,#1472,#710,.T.);
#1831=EDGE_CURVE('',#1473,#1450,#711,.T.);
#1832=EDGE_CURVE('',#1463,#1473,#712,.T.);
#1833=EDGE_CURVE('',#1474,#1443,#713,.T.);
#1834=EDGE_CURVE('',#1465,#1474,#714,.T.);
#1835=EDGE_CURVE('',#1475,#1434,#715,.T.);
#1836=EDGE_CURVE('',#1476,#1475,#716,.T.);
#1837=EDGE_CURVE('',#1476,#1436,#717,.T.);
#1838=EDGE_CURVE('',#1469,#1476,#718,.T.);
#1839=EDGE_CURVE('',#1477,#1432,#719,.T.);
#1840=EDGE_CURVE('',#1478,#1477,#720,.T.);
#1841=EDGE_CURVE('',#1478,#1433,#721,.T.);
#1842=EDGE_CURVE('',#1408,#1478,#722,.T.);
#1843=EDGE_CURVE('',#1389,#1412,#43,.T.);
#1844=EDGE_CURVE('',#1479,#1479,#44,.T.);
#1845=EDGE_CURVE('',#1480,#1477,#723,.T.);
#1846=EDGE_CURVE('',#1409,#1480,#45,.T.);
#1847=EDGE_CURVE('',#1481,#1481,#46,.T.);
#1848=EDGE_CURVE('',#1468,#1475,#724,.T.);
#1849=EDGE_CURVE('',#1482,#1474,#725,.T.);
#1850=EDGE_CURVE('',#1483,#1482,#47,.T.);
#1851=EDGE_CURVE('',#1464,#1483,#726,.T.);
#1852=EDGE_CURVE('',#1484,#1484,#48,.T.);
#1853=EDGE_CURVE('',#1462,#1472,#727,.T.);
#1854=EDGE_CURVE('',#1485,#1392,#49,.T.);
#1855=EDGE_CURVE('',#1459,#1485,#728,.T.);
#1856=EDGE_CURVE('',#1486,#1486,#50,.T.);
#1857=EDGE_CURVE('',#1487,#1488,#51,.T.);
#1858=EDGE_CURVE('',#1487,#1489,#729,.T.);
#1859=EDGE_CURVE('',#1489,#1490,#730,.T.);
#1860=EDGE_CURVE('',#1490,#1488,#731,.T.);
#1861=EDGE_CURVE('',#1488,#1491,#732,.T.);
#1862=EDGE_CURVE('',#1490,#1492,#733,.T.);
#1863=EDGE_CURVE('',#1491,#1492,#734,.T.);
#1864=EDGE_CURVE('',#1489,#1493,#735,.T.);
#1865=EDGE_CURVE('',#1492,#1493,#736,.T.);
#1866=EDGE_CURVE('',#1494,#1487,#737,.T.);
#1867=EDGE_CURVE('',#1493,#1494,#738,.T.);
#1868=EDGE_CURVE('',#1495,#1496,#52,.T.);
#1869=EDGE_CURVE('',#1495,#1497,#739,.T.);
#1870=EDGE_CURVE('',#1497,#1498,#740,.T.);
#1871=EDGE_CURVE('',#1498,#1496,#741,.T.);
#1872=EDGE_CURVE('',#1496,#1499,#742,.T.);
#1873=EDGE_CURVE('',#1498,#1500,#743,.T.);
#1874=EDGE_CURVE('',#1499,#1500,#744,.T.);
#1875=EDGE_CURVE('',#1501,#1495,#745,.T.);
#1876=EDGE_CURVE('',#1502,#1501,#746,.T.);
#1877=EDGE_CURVE('',#1497,#1502,#747,.T.);
#1878=EDGE_CURVE('',#1500,#1502,#748,.T.);
#1879=EDGE_CURVE('',#1503,#1504,#53,.T.);
#1880=EDGE_CURVE('',#1503,#1505,#749,.T.);
#1881=EDGE_CURVE('',#1505,#1506,#750,.T.);
#1882=EDGE_CURVE('',#1506,#1504,#751,.T.);
#1883=EDGE_CURVE('',#1504,#1507,#752,.T.);
#1884=EDGE_CURVE('',#1506,#1508,#753,.T.);
#1885=EDGE_CURVE('',#1507,#1508,#754,.T.);
#1886=EDGE_CURVE('',#1505,#1509,#755,.T.);
#1887=EDGE_CURVE('',#1508,#1509,#756,.T.);
#1888=EDGE_CURVE('',#1510,#1503,#757,.T.);
#1889=EDGE_CURVE('',#1509,#1510,#758,.T.);
#1890=EDGE_CURVE('',#1511,#1512,#759,.T.);
#1891=EDGE_CURVE('',#1513,#1511,#760,.T.);
#1892=EDGE_CURVE('',#1514,#1513,#761,.T.);
#1893=EDGE_CURVE('',#1512,#1514,#762,.T.);
#1894=EDGE_CURVE('',#1512,#1515,#54,.T.);
#1895=EDGE_CURVE('',#1514,#1516,#763,.T.);
#1896=EDGE_CURVE('',#1516,#1515,#764,.T.);
#1897=EDGE_CURVE('',#1517,#1513,#765,.T.);
#1898=EDGE_CURVE('',#1516,#1517,#766,.T.);
#1899=EDGE_CURVE('',#1515,#1518,#767,.T.);
#1900=EDGE_CURVE('',#1518,#1517,#768,.T.);
#1901=EDGE_CURVE('',#1491,#1410,#55,.T.);
#1902=EDGE_CURVE('',#1480,#1519,#769,.T.);
#1903=EDGE_CURVE('',#1519,#1494,#56,.T.);
#1904=EDGE_CURVE('',#1499,#1520,#57,.T.);
#1905=EDGE_CURVE('',#1520,#1485,#770,.T.);
#1906=EDGE_CURVE('',#1391,#1501,#58,.T.);
#1907=EDGE_CURVE('',#1507,#1390,#59,.T.);
#1908=EDGE_CURVE('',#1411,#1510,#60,.T.);
#1909=EDGE_CURVE('',#1519,#1521,#771,.T.);
#1910=EDGE_CURVE('',#1518,#1521,#61,.T.);
#1911=EDGE_CURVE('',#1522,#1511,#62,.T.);
#1912=EDGE_CURVE('',#1522,#1520,#772,.T.);
#1913=EDGE_CURVE('',#1523,#1524,#773,.T.);
#1914=EDGE_CURVE('',#1524,#1525,#774,.T.);
#1915=EDGE_CURVE('',#1525,#1526,#775,.T.);
#1916=EDGE_CURVE('',#1526,#1527,#776,.T.);
#1917=EDGE_CURVE('',#1527,#1528,#63,.T.);
#1918=EDGE_CURVE('',#1528,#1529,#777,.T.);
#1919=EDGE_CURVE('',#1529,#1530,#64,.T.);
#1920=EDGE_CURVE('',#1530,#1531,#778,.T.);
#1921=EDGE_CURVE('',#1531,#1532,#779,.T.);
#1922=EDGE_CURVE('',#1532,#1533,#780,.T.);
#1923=EDGE_CURVE('',#1533,#1534,#781,.T.);
#1924=EDGE_CURVE('',#1534,#1535,#782,.T.);
#1925=EDGE_CURVE('',#1535,#1536,#65,.T.);
#1926=EDGE_CURVE('',#1536,#1537,#783,.T.);
#1927=EDGE_CURVE('',#1537,#1538,#784,.T.);
#1928=EDGE_CURVE('',#1538,#1539,#785,.T.);
#1929=EDGE_CURVE('',#1539,#1540,#786,.T.);
#1930=EDGE_CURVE('',#1540,#1541,#787,.T.);
#1931=EDGE_CURVE('',#1541,#1542,#66,.T.);
#1932=EDGE_CURVE('',#1542,#1523,#788,.T.);
#1933=EDGE_CURVE('',#1543,#1543,#67,.T.);
#1934=EDGE_CURVE('',#1544,#1544,#68,.T.);
#1935=EDGE_CURVE('',#1545,#1545,#69,.T.);
#1936=EDGE_CURVE('',#1546,#1546,#70,.T.);
#1937=EDGE_CURVE('',#1521,#1483,#789,.T.);
#1938=EDGE_CURVE('',#1482,#1522,#790,.T.);
#1939=EDGE_CURVE('',#1547,#1548,#791,.T.);
#1940=EDGE_CURVE('',#1548,#1549,#792,.T.);
#1941=EDGE_CURVE('',#1549,#1550,#793,.T.);
#1942=EDGE_CURVE('',#1550,#1547,#794,.T.);
#1943=EDGE_CURVE('',#1551,#1552,#795,.T.);
#1944=EDGE_CURVE('',#1398,#1551,#796,.T.);
#1945=EDGE_CURVE('',#1397,#1552,#797,.T.);
#1946=EDGE_CURVE('',#1552,#1553,#798,.T.);
#1947=EDGE_CURVE('',#1553,#1396,#799,.T.);
#1948=EDGE_CURVE('',#1553,#1554,#800,.T.);
#1949=EDGE_CURVE('',#1554,#1395,#801,.T.);
#1950=EDGE_CURVE('',#1554,#1551,#802,.T.);
#1951=EDGE_CURVE('',#1555,#1524,#803,.T.);
#1952=EDGE_CURVE('',#1556,#1555,#804,.T.);
#1953=EDGE_CURVE('',#1556,#1525,#805,.T.);
#1954=EDGE_CURVE('',#1557,#1556,#806,.T.);
#1955=EDGE_CURVE('',#1526,#1557,#807,.T.);
#1956=EDGE_CURVE('',#1558,#1523,#808,.T.);
#1957=EDGE_CURVE('',#1555,#1558,#809,.T.);
#1958=EDGE_CURVE('',#1557,#1558,#810,.T.);
#1959=EDGE_CURVE('',#1559,#1533,#811,.T.);
#1960=EDGE_CURVE('',#1560,#1559,#812,.T.);
#1961=EDGE_CURVE('',#1534,#1560,#813,.T.);
#1962=EDGE_CURVE('',#1560,#1561,#814,.T.);
#1963=EDGE_CURVE('',#1559,#1562,#815,.T.);
#1964=EDGE_CURVE('',#1562,#1561,#816,.T.);
#1965=EDGE_CURVE('',#1561,#1531,#817,.T.);
#1966=EDGE_CURVE('',#1562,#1532,#818,.T.);
#1967=EDGE_CURVE('',#1530,#1563,#819,.T.);
#1968=EDGE_CURVE('',#1564,#1563,#820,.T.);
#1969=EDGE_CURVE('',#1564,#1535,#821,.T.);
#1970=EDGE_CURVE('',#1565,#1566,#822,.T.);
#1971=EDGE_CURVE('',#1565,#1418,#823,.T.);
#1972=EDGE_CURVE('',#1566,#1417,#824,.T.);
#1973=EDGE_CURVE('',#1566,#1567,#825,.T.);
#1974=EDGE_CURVE('',#1416,#1567,#826,.T.);
#1975=EDGE_CURVE('',#1567,#1568,#827,.T.);
#1976=EDGE_CURVE('',#1415,#1568,#828,.T.);
#1977=EDGE_CURVE('',#1568,#1565,#829,.T.);
#1978=EDGE_CURVE('',#1569,#1539,#830,.T.);
#1979=EDGE_CURVE('',#1570,#1569,#831,.T.);
#1980=EDGE_CURVE('',#1540,#1570,#832,.T.);
#1981=EDGE_CURVE('',#1570,#1571,#833,.T.);
#1982=EDGE_CURVE('',#1569,#1572,#834,.T.);
#1983=EDGE_CURVE('',#1572,#1571,#835,.T.);
#1984=EDGE_CURVE('',#1572,#1538,#836,.T.);
#1985=EDGE_CURVE('',#1571,#1537,#837,.T.);
#1986=EDGE_CURVE('',#1536,#1573,#838,.T.);
#1987=EDGE_CURVE('',#1574,#1573,#839,.T.);
#1988=EDGE_CURVE('',#1574,#1541,#840,.T.);
#1989=EDGE_CURVE('',#1575,#1576,#841,.T.);
#1990=EDGE_CURVE('',#1550,#1575,#842,.T.);
#1991=EDGE_CURVE('',#1549,#1576,#843,.T.);
#1992=EDGE_CURVE('',#1576,#1577,#844,.T.);
#1993=EDGE_CURVE('',#1577,#1548,#845,.T.);
#1994=EDGE_CURVE('',#1577,#1578,#846,.T.);
#1995=EDGE_CURVE('',#1578,#1547,#847,.T.);
#1996=EDGE_CURVE('',#1578,#1575,#848,.T.);
#1997=EDGE_CURVE('',#1579,#1580,#849,.T.);
#1998=EDGE_CURVE('',#1579,#1581,#850,.T.);
#1999=EDGE_CURVE('',#1582,#1581,#851,.T.);
#2000=EDGE_CURVE('',#1580,#1582,#852,.T.);
#2001=EDGE_CURVE('',#1580,#1583,#853,.T.);
#2002=EDGE_CURVE('',#1584,#1582,#854,.T.);
#2003=EDGE_CURVE('',#1583,#1584,#855,.T.);
#2004=EDGE_CURVE('',#1583,#1585,#856,.T.);
#2005=EDGE_CURVE('',#1586,#1584,#857,.T.);
#2006=EDGE_CURVE('',#1585,#1586,#858,.T.);
#2007=EDGE_CURVE('',#1585,#1579,#859,.T.);
#2008=EDGE_CURVE('',#1581,#1586,#860,.T.);
#2009=EDGE_CURVE('',#1587,#1588,#861,.T.);
#2010=EDGE_CURVE('',#1587,#1589,#862,.T.);
#2011=EDGE_CURVE('',#1590,#1589,#863,.T.);
#2012=EDGE_CURVE('',#1588,#1590,#864,.T.);
#2013=EDGE_CURVE('',#1588,#1591,#865,.T.);
#2014=EDGE_CURVE('',#1592,#1590,#866,.T.);
#2015=EDGE_CURVE('',#1591,#1592,#867,.T.);
#2016=EDGE_CURVE('',#1591,#1593,#868,.T.);
#2017=EDGE_CURVE('',#1594,#1592,#869,.T.);
#2018=EDGE_CURVE('',#1593,#1594,#870,.T.);
#2019=EDGE_CURVE('',#1593,#1587,#871,.T.);
#2020=EDGE_CURVE('',#1589,#1594,#872,.T.);
#2021=EDGE_CURVE('',#1595,#1596,#873,.T.);
#2022=EDGE_CURVE('',#1595,#1597,#874,.T.);
#2023=EDGE_CURVE('',#1598,#1597,#875,.T.);
#2024=EDGE_CURVE('',#1596,#1598,#876,.T.);
#2025=EDGE_CURVE('',#1596,#1599,#877,.T.);
#2026=EDGE_CURVE('',#1600,#1598,#878,.T.);
#2027=EDGE_CURVE('',#1599,#1600,#879,.T.);
#2028=EDGE_CURVE('',#1599,#1601,#880,.T.);
#2029=EDGE_CURVE('',#1602,#1600,#881,.T.);
#2030=EDGE_CURVE('',#1601,#1602,#882,.T.);
#2031=EDGE_CURVE('',#1601,#1595,#883,.T.);
#2032=EDGE_CURVE('',#1597,#1602,#884,.T.);
#2033=EDGE_CURVE('',#1603,#1604,#885,.T.);
#2034=EDGE_CURVE('',#1603,#1605,#886,.T.);
#2035=EDGE_CURVE('',#1606,#1605,#887,.T.);
#2036=EDGE_CURVE('',#1604,#1606,#888,.T.);
#2037=EDGE_CURVE('',#1604,#1607,#889,.T.);
#2038=EDGE_CURVE('',#1608,#1606,#890,.T.);
#2039=EDGE_CURVE('',#1607,#1608,#891,.T.);
#2040=EDGE_CURVE('',#1607,#1609,#892,.T.);
#2041=EDGE_CURVE('',#1610,#1608,#893,.T.);
#2042=EDGE_CURVE('',#1609,#1610,#894,.T.);
#2043=EDGE_CURVE('',#1609,#1603,#895,.T.);
#2044=EDGE_CURVE('',#1605,#1610,#896,.T.);
#2045=EDGE_CURVE('',#1611,#1612,#897,.T.);
#2046=EDGE_CURVE('',#1611,#1613,#898,.T.);
#2047=EDGE_CURVE('',#1614,#1613,#899,.T.);
#2048=EDGE_CURVE('',#1612,#1614,#900,.T.);
#2049=EDGE_CURVE('',#1612,#1615,#901,.T.);
#2050=EDGE_CURVE('',#1616,#1614,#902,.T.);
#2051=EDGE_CURVE('',#1615,#1616,#903,.T.);
#2052=EDGE_CURVE('',#1615,#1617,#904,.T.);
#2053=EDGE_CURVE('',#1618,#1616,#905,.T.);
#2054=EDGE_CURVE('',#1617,#1618,#906,.T.);
#2055=EDGE_CURVE('',#1617,#1611,#907,.T.);
#2056=EDGE_CURVE('',#1613,#1618,#908,.T.);
#2057=EDGE_CURVE('',#1619,#1620,#909,.T.);
#2058=EDGE_CURVE('',#1619,#1621,#910,.T.);
#2059=EDGE_CURVE('',#1622,#1621,#911,.T.);
#2060=EDGE_CURVE('',#1620,#1622,#912,.T.);
#2061=EDGE_CURVE('',#1620,#1623,#913,.T.);
#2062=EDGE_CURVE('',#1624,#1622,#914,.T.);
#2063=EDGE_CURVE('',#1623,#1624,#915,.T.);
#2064=EDGE_CURVE('',#1623,#1625,#916,.T.);
#2065=EDGE_CURVE('',#1626,#1624,#917,.T.);
#2066=EDGE_CURVE('',#1625,#1626,#918,.T.);
#2067=EDGE_CURVE('',#1625,#1619,#919,.T.);
#2068=EDGE_CURVE('',#1621,#1626,#920,.T.);
#2069=EDGE_CURVE('',#1481,#1627,#921,.T.);
#2070=EDGE_CURVE('',#1627,#1627,#71,.T.);
#2071=EDGE_CURVE('',#1628,#1628,#72,.T.);
#2072=EDGE_CURVE('',#1486,#1629,#922,.T.);
#2073=EDGE_CURVE('',#1629,#1629,#73,.T.);
#2074=EDGE_CURVE('',#1630,#1630,#74,.T.);
#2075=EDGE_CURVE('',#1479,#1631,#923,.T.);
#2076=EDGE_CURVE('',#1631,#1631,#75,.T.);
#2077=EDGE_CURVE('',#1632,#1632,#76,.T.);
#2078=EDGE_CURVE('',#1484,#1633,#924,.T.);
#2079=EDGE_CURVE('',#1633,#1633,#77,.T.);
#2080=EDGE_CURVE('',#1634,#1634,#78,.T.);
#2081=EDGE_CURVE('',#1628,#1635,#925,.T.);
#2082=EDGE_CURVE('',#1635,#1635,#79,.T.);
#2083=EDGE_CURVE('',#1630,#1636,#926,.T.);
#2084=EDGE_CURVE('',#1636,#1636,#80,.T.);
#2085=EDGE_CURVE('',#1632,#1637,#927,.T.);
#2086=EDGE_CURVE('',#1637,#1637,#81,.T.);
#2087=EDGE_CURVE('',#1634,#1638,#928,.T.);
#2088=EDGE_CURVE('',#1638,#1638,#82,.T.);
#2089=EDGE_CURVE('',#1546,#1639,#929,.T.);
#2090=EDGE_CURVE('',#1639,#1639,#83,.T.);
#2091=EDGE_CURVE('',#1545,#1640,#930,.T.);
#2092=EDGE_CURVE('',#1640,#1640,#84,.T.);
#2093=EDGE_CURVE('',#1544,#1641,#931,.T.);
#2094=EDGE_CURVE('',#1641,#1641,#85,.T.);
#2095=EDGE_CURVE('',#1543,#1642,#932,.T.);
#2096=EDGE_CURVE('',#1642,#1642,#86,.T.);
#2097=EDGE_CURVE('',#1643,#1643,#87,.T.);
#2098=EDGE_CURVE('',#1643,#1644,#933,.T.);
#2099=EDGE_CURVE('',#1644,#1644,#88,.T.);
#2100=EDGE_CURVE('',#1645,#1645,#89,.T.);
#2101=EDGE_CURVE('',#1645,#1646,#934,.T.);
#2102=EDGE_CURVE('',#1646,#1646,#90,.T.);
#2103=EDGE_CURVE('',#1647,#1647,#91,.T.);
#2104=EDGE_CURVE('',#1647,#1648,#935,.T.);
#2105=EDGE_CURVE('',#1648,#1648,#92,.T.);
#2106=EDGE_CURVE('',#1649,#1649,#93,.T.);
#2107=EDGE_CURVE('',#1649,#1650,#936,.T.);
#2108=EDGE_CURVE('',#1650,#1650,#94,.T.);
#2109=EDGE_CURVE('',#1651,#1651,#95,.T.);
#2110=EDGE_CURVE('',#1651,#1652,#937,.T.);
#2111=EDGE_CURVE('',#1652,#1652,#96,.T.);
#2112=EDGE_CURVE('',#1653,#1653,#97,.T.);
#2113=EDGE_CURVE('',#1653,#1654,#938,.T.);
#2114=EDGE_CURVE('',#1654,#1654,#98,.T.);
#2115=EDGE_CURVE('',#1655,#1655,#99,.T.);
#2116=EDGE_CURVE('',#1655,#1656,#939,.T.);
#2117=EDGE_CURVE('',#1656,#1656,#100,.T.);
#2118=EDGE_CURVE('',#1657,#1657,#101,.T.);
#2119=EDGE_CURVE('',#1657,#1658,#940,.T.);
#2120=EDGE_CURVE('',#1658,#1658,#102,.T.);
#2121=EDGE_CURVE('',#1563,#1659,#103,.T.);
#2122=EDGE_CURVE('',#1659,#1529,#941,.T.);
#2123=EDGE_CURVE('',#1660,#1574,#104,.T.);
#2124=EDGE_CURVE('',#1542,#1660,#942,.T.);
#2125=EDGE_CURVE('',#1661,#1660,#943,.T.);
#2126=EDGE_CURVE('',#1661,#1527,#944,.T.);
#2127=EDGE_CURVE('',#1659,#1662,#945,.T.);
#2128=EDGE_CURVE('',#1662,#1661,#105,.T.);
#2129=EDGE_CURVE('',#1573,#1564,#106,.T.);
#2130=EDGE_CURVE('',#1528,#1662,#946,.T.);
#2131=ORIENTED_EDGE('',*,*,#1663,.F.);
#2132=ORIENTED_EDGE('',*,*,#1664,.F.);
#2133=ORIENTED_EDGE('',*,*,#1665,.F.);
#2134=ORIENTED_EDGE('',*,*,#1666,.F.);
#2135=ORIENTED_EDGE('',*,*,#1667,.F.);
#2136=ORIENTED_EDGE('',*,*,#1668,.F.);
#2137=ORIENTED_EDGE('',*,*,#1669,.F.);
#2138=ORIENTED_EDGE('',*,*,#1670,.F.);
#2139=ORIENTED_EDGE('',*,*,#1671,.F.);
#2140=ORIENTED_EDGE('',*,*,#1672,.F.);
#2141=ORIENTED_EDGE('',*,*,#1673,.F.);
#2142=ORIENTED_EDGE('',*,*,#1674,.F.);
#2143=ORIENTED_EDGE('',*,*,#1675,.F.);
#2144=ORIENTED_EDGE('',*,*,#1676,.F.);
#2145=ORIENTED_EDGE('',*,*,#1677,.F.);
#2146=ORIENTED_EDGE('',*,*,#1678,.F.);
#2147=ORIENTED_EDGE('',*,*,#1679,.F.);
#2148=ORIENTED_EDGE('',*,*,#1680,.F.);
#2149=ORIENTED_EDGE('',*,*,#1681,.F.);
#2150=ORIENTED_EDGE('',*,*,#1682,.F.);
#2151=ORIENTED_EDGE('',*,*,#1683,.F.);
#2152=ORIENTED_EDGE('',*,*,#1684,.F.);
#2153=ORIENTED_EDGE('',*,*,#1685,.F.);
#2154=ORIENTED_EDGE('',*,*,#1686,.F.);
#2155=ORIENTED_EDGE('',*,*,#1687,.F.);
#2156=ORIENTED_EDGE('',*,*,#1688,.F.);
#2157=ORIENTED_EDGE('',*,*,#1689,.F.);
#2158=ORIENTED_EDGE('',*,*,#1690,.F.);
#2159=ORIENTED_EDGE('',*,*,#1691,.T.);
#2160=ORIENTED_EDGE('',*,*,#1663,.T.);
#2161=ORIENTED_EDGE('',*,*,#1692,.T.);
#2162=ORIENTED_EDGE('',*,*,#1693,.T.);
#2163=ORIENTED_EDGE('',*,*,#1694,.T.);
#2164=ORIENTED_EDGE('',*,*,#1695,.T.);
#2165=ORIENTED_EDGE('',*,*,#1696,.T.);
#2166=ORIENTED_EDGE('',*,*,#1697,.T.);
#2167=ORIENTED_EDGE('',*,*,#1698,.T.);
#2168=ORIENTED_EDGE('',*,*,#1687,.T.);
#2169=ORIENTED_EDGE('',*,*,#1699,.T.);
#2170=ORIENTED_EDGE('',*,*,#1700,.T.);
#2171=ORIENTED_EDGE('',*,*,#1701,.T.);
#2172=ORIENTED_EDGE('',*,*,#1702,.T.);
#2173=ORIENTED_EDGE('',*,*,#1703,.F.);
#2174=ORIENTED_EDGE('',*,*,#1704,.F.);
#2175=ORIENTED_EDGE('',*,*,#1705,.F.);
#2176=ORIENTED_EDGE('',*,*,#1706,.T.);
#2177=ORIENTED_EDGE('',*,*,#1707,.T.);
#2178=ORIENTED_EDGE('',*,*,#1708,.T.);
#2179=ORIENTED_EDGE('',*,*,#1709,.T.);
#2180=ORIENTED_EDGE('',*,*,#1710,.T.);
#2181=ORIENTED_EDGE('',*,*,#1711,.T.);
#2182=ORIENTED_EDGE('',*,*,#1712,.T.);
#2183=ORIENTED_EDGE('',*,*,#1713,.T.);
#2184=ORIENTED_EDGE('',*,*,#1684,.T.);
#2185=ORIENTED_EDGE('',*,*,#1714,.T.);
#2186=ORIENTED_EDGE('',*,*,#1715,.T.);
#2187=ORIENTED_EDGE('',*,*,#1716,.T.);
#2188=ORIENTED_EDGE('',*,*,#1717,.T.);
#2189=ORIENTED_EDGE('',*,*,#1718,.T.);
#2190=ORIENTED_EDGE('',*,*,#1719,.T.);
#2191=ORIENTED_EDGE('',*,*,#1720,.T.);
#2192=ORIENTED_EDGE('',*,*,#1680,.T.);
#2193=ORIENTED_EDGE('',*,*,#1721,.T.);
#2194=ORIENTED_EDGE('',*,*,#1722,.T.);
#2195=ORIENTED_EDGE('',*,*,#1723,.T.);
#2196=ORIENTED_EDGE('',*,*,#1724,.T.);
#2197=ORIENTED_EDGE('',*,*,#1725,.F.);
#2198=ORIENTED_EDGE('',*,*,#1726,.F.);
#2199=ORIENTED_EDGE('',*,*,#1727,.F.);
#2200=ORIENTED_EDGE('',*,*,#1728,.T.);
#2201=ORIENTED_EDGE('',*,*,#1729,.T.);
#2202=ORIENTED_EDGE('',*,*,#1730,.T.);
#2203=ORIENTED_EDGE('',*,*,#1731,.T.);
#2204=ORIENTED_EDGE('',*,*,#1732,.T.);
#2205=ORIENTED_EDGE('',*,*,#1733,.T.);
#2206=ORIENTED_EDGE('',*,*,#1734,.T.);
#2207=ORIENTED_EDGE('',*,*,#1735,.F.);
#2208=ORIENTED_EDGE('',*,*,#1665,.T.);
#2209=ORIENTED_EDGE('',*,*,#1736,.F.);
#2210=ORIENTED_EDGE('',*,*,#1737,.F.);
#2211=ORIENTED_EDGE('',*,*,#1692,.F.);
#2212=ORIENTED_EDGE('',*,*,#1690,.T.);
#2213=ORIENTED_EDGE('',*,*,#1738,.F.);
#2214=ORIENTED_EDGE('',*,*,#1739,.F.);
#2215=ORIENTED_EDGE('',*,*,#1740,.F.);
#2216=ORIENTED_EDGE('',*,*,#1669,.T.);
#2217=ORIENTED_EDGE('',*,*,#1741,.F.);
#2218=ORIENTED_EDGE('',*,*,#1742,.F.);
#2219=ORIENTED_EDGE('',*,*,#1699,.F.);
#2220=ORIENTED_EDGE('',*,*,#1686,.T.);
#2221=ORIENTED_EDGE('',*,*,#1743,.F.);
#2222=ORIENTED_EDGE('',*,*,#1744,.F.);
#2223=ORIENTED_EDGE('',*,*,#1745,.F.);
#2224=ORIENTED_EDGE('',*,*,#1672,.T.);
#2225=ORIENTED_EDGE('',*,*,#1746,.F.);
#2226=ORIENTED_EDGE('',*,*,#1747,.F.);
#2227=ORIENTED_EDGE('',*,*,#1714,.F.);
#2228=ORIENTED_EDGE('',*,*,#1683,.T.);
#2229=ORIENTED_EDGE('',*,*,#1748,.F.);
#2230=ORIENTED_EDGE('',*,*,#1749,.F.);
#2231=ORIENTED_EDGE('',*,*,#1750,.F.);
#2232=ORIENTED_EDGE('',*,*,#1676,.T.);
#2233=ORIENTED_EDGE('',*,*,#1751,.F.);
#2234=ORIENTED_EDGE('',*,*,#1752,.F.);
#2235=ORIENTED_EDGE('',*,*,#1721,.F.);
#2236=ORIENTED_EDGE('',*,*,#1679,.T.);
#2237=ORIENTED_EDGE('',*,*,#1753,.F.);
#2238=ORIENTED_EDGE('',*,*,#1754,.F.);
#2239=ORIENTED_EDGE('',*,*,#1722,.F.);
#2240=ORIENTED_EDGE('',*,*,#1754,.T.);
#2241=ORIENTED_EDGE('',*,*,#1755,.T.);
#2242=ORIENTED_EDGE('',*,*,#1756,.F.);
#2243=ORIENTED_EDGE('',*,*,#1757,.F.);
#2244=ORIENTED_EDGE('',*,*,#1758,.F.);
#2245=ORIENTED_EDGE('',*,*,#1759,.F.);
#2246=ORIENTED_EDGE('',*,*,#1760,.F.);
#2247=ORIENTED_EDGE('',*,*,#1761,.F.);
#2248=ORIENTED_EDGE('',*,*,#1762,.F.);
#2249=ORIENTED_EDGE('',*,*,#1763,.F.);
#2250=ORIENTED_EDGE('',*,*,#1752,.T.);
#2251=ORIENTED_EDGE('',*,*,#1764,.T.);
#2252=ORIENTED_EDGE('',*,*,#1765,.T.);
#2253=ORIENTED_EDGE('',*,*,#1715,.F.);
#2254=ORIENTED_EDGE('',*,*,#1749,.T.);
#2255=ORIENTED_EDGE('',*,*,#1766,.T.);
#2256=ORIENTED_EDGE('',*,*,#1767,.T.);
#2257=ORIENTED_EDGE('',*,*,#1719,.F.);
#2258=ORIENTED_EDGE('',*,*,#1768,.F.);
#2259=ORIENTED_EDGE('',*,*,#1769,.F.);
#2260=ORIENTED_EDGE('',*,*,#1770,.F.);
#2261=ORIENTED_EDGE('',*,*,#1771,.F.);
#2262=ORIENTED_EDGE('',*,*,#1772,.F.);
#2263=ORIENTED_EDGE('',*,*,#1773,.F.);
#2264=ORIENTED_EDGE('',*,*,#1774,.F.);
#2265=ORIENTED_EDGE('',*,*,#1747,.T.);
#2266=ORIENTED_EDGE('',*,*,#1775,.T.);
#2267=ORIENTED_EDGE('',*,*,#1700,.F.);
#2268=ORIENTED_EDGE('',*,*,#1744,.T.);
#2269=ORIENTED_EDGE('',*,*,#1776,.T.);
#2270=ORIENTED_EDGE('',*,*,#1730,.F.);
#2271=ORIENTED_EDGE('',*,*,#1777,.F.);
#2272=ORIENTED_EDGE('',*,*,#1778,.F.);
#2273=ORIENTED_EDGE('',*,*,#1779,.F.);
#2274=ORIENTED_EDGE('',*,*,#1780,.F.);
#2275=ORIENTED_EDGE('',*,*,#1781,.F.);
#2276=ORIENTED_EDGE('',*,*,#1782,.F.);
#2277=ORIENTED_EDGE('',*,*,#1783,.F.);
#2278=ORIENTED_EDGE('',*,*,#1742,.T.);
#2279=ORIENTED_EDGE('',*,*,#1784,.T.);
#2280=ORIENTED_EDGE('',*,*,#1785,.T.);
#2281=ORIENTED_EDGE('',*,*,#1693,.F.);
#2282=ORIENTED_EDGE('',*,*,#1739,.T.);
#2283=ORIENTED_EDGE('',*,*,#1786,.T.);
#2284=ORIENTED_EDGE('',*,*,#1787,.T.);
#2285=ORIENTED_EDGE('',*,*,#1697,.F.);
#2286=ORIENTED_EDGE('',*,*,#1788,.F.);
#2287=ORIENTED_EDGE('',*,*,#1789,.F.);
#2288=ORIENTED_EDGE('',*,*,#1790,.F.);
#2289=ORIENTED_EDGE('',*,*,#1708,.F.);
#2290=ORIENTED_EDGE('',*,*,#1791,.F.);
#2291=ORIENTED_EDGE('',*,*,#1792,.F.);
#2292=ORIENTED_EDGE('',*,*,#1793,.F.);
#2293=ORIENTED_EDGE('',*,*,#1737,.T.);
#2294=ORIENTED_EDGE('',*,*,#1794,.T.);
#2295=ORIENTED_EDGE('',*,*,#1720,.F.);
#2296=ORIENTED_EDGE('',*,*,#1767,.F.);
#2297=ORIENTED_EDGE('',*,*,#1795,.T.);
#2298=ORIENTED_EDGE('',*,*,#1681,.T.);
#2299=ORIENTED_EDGE('',*,*,#1766,.F.);
#2300=ORIENTED_EDGE('',*,*,#1748,.T.);
#2301=ORIENTED_EDGE('',*,*,#1682,.T.);
#2302=ORIENTED_EDGE('',*,*,#1795,.F.);
#2303=ORIENTED_EDGE('',*,*,#1713,.F.);
#2304=ORIENTED_EDGE('',*,*,#1776,.F.);
#2305=ORIENTED_EDGE('',*,*,#1743,.T.);
#2306=ORIENTED_EDGE('',*,*,#1685,.T.);
#2307=ORIENTED_EDGE('',*,*,#1698,.F.);
#2308=ORIENTED_EDGE('',*,*,#1787,.F.);
#2309=ORIENTED_EDGE('',*,*,#1796,.T.);
#2310=ORIENTED_EDGE('',*,*,#1688,.T.);
#2311=ORIENTED_EDGE('',*,*,#1786,.F.);
#2312=ORIENTED_EDGE('',*,*,#1738,.T.);
#2313=ORIENTED_EDGE('',*,*,#1689,.T.);
#2314=ORIENTED_EDGE('',*,*,#1796,.F.);
#2315=ORIENTED_EDGE('',*,*,#1691,.F.);
#2316=ORIENTED_EDGE('',*,*,#1794,.F.);
#2317=ORIENTED_EDGE('',*,*,#1736,.T.);
#2318=ORIENTED_EDGE('',*,*,#1664,.T.);
#2319=ORIENTED_EDGE('',*,*,#1797,.F.);
#2320=ORIENTED_EDGE('',*,*,#1785,.F.);
#2321=ORIENTED_EDGE('',*,*,#1798,.T.);
#2322=ORIENTED_EDGE('',*,*,#1667,.T.);
#2323=ORIENTED_EDGE('',*,*,#1784,.F.);
#2324=ORIENTED_EDGE('',*,*,#1741,.T.);
#2325=ORIENTED_EDGE('',*,*,#1668,.T.);
#2326=ORIENTED_EDGE('',*,*,#1798,.F.);
#2327=ORIENTED_EDGE('',*,*,#1799,.F.);
#2328=ORIENTED_EDGE('',*,*,#1775,.F.);
#2329=ORIENTED_EDGE('',*,*,#1746,.T.);
#2330=ORIENTED_EDGE('',*,*,#1671,.T.);
#2331=ORIENTED_EDGE('',*,*,#1800,.F.);
#2332=ORIENTED_EDGE('',*,*,#1765,.F.);
#2333=ORIENTED_EDGE('',*,*,#1801,.T.);
#2334=ORIENTED_EDGE('',*,*,#1674,.T.);
#2335=ORIENTED_EDGE('',*,*,#1764,.F.);
#2336=ORIENTED_EDGE('',*,*,#1751,.T.);
#2337=ORIENTED_EDGE('',*,*,#1675,.T.);
#2338=ORIENTED_EDGE('',*,*,#1801,.F.);
#2339=ORIENTED_EDGE('',*,*,#1802,.F.);
#2340=ORIENTED_EDGE('',*,*,#1755,.F.);
#2341=ORIENTED_EDGE('',*,*,#1753,.T.);
#2342=ORIENTED_EDGE('',*,*,#1678,.T.);
#2343=ORIENTED_EDGE('',*,*,#1803,.F.);
#2344=ORIENTED_EDGE('',*,*,#1792,.T.);
#2345=ORIENTED_EDGE('',*,*,#1804,.F.);
#2346=ORIENTED_EDGE('',*,*,#1805,.F.);
#2347=ORIENTED_EDGE('',*,*,#1694,.F.);
#2348=ORIENTED_EDGE('',*,*,#1790,.T.);
#2349=ORIENTED_EDGE('',*,*,#1806,.F.);
#2350=ORIENTED_EDGE('',*,*,#1807,.F.);
#2351=ORIENTED_EDGE('',*,*,#1808,.F.);
#2352=ORIENTED_EDGE('',*,*,#1782,.T.);
#2353=ORIENTED_EDGE('',*,*,#1809,.F.);
#2354=ORIENTED_EDGE('',*,*,#1810,.F.);
#2355=ORIENTED_EDGE('',*,*,#1811,.F.);
#2356=ORIENTED_EDGE('',*,*,#1773,.T.);
#2357=ORIENTED_EDGE('',*,*,#1812,.F.);
#2358=ORIENTED_EDGE('',*,*,#1813,.F.);
#2359=ORIENTED_EDGE('',*,*,#1701,.F.);
#2360=ORIENTED_EDGE('',*,*,#1778,.T.);
#2361=ORIENTED_EDGE('',*,*,#1814,.F.);
#2362=ORIENTED_EDGE('',*,*,#1815,.F.);
#2363=ORIENTED_EDGE('',*,*,#1716,.F.);
#2364=ORIENTED_EDGE('',*,*,#1770,.T.);
#2365=ORIENTED_EDGE('',*,*,#1816,.F.);
#2366=ORIENTED_EDGE('',*,*,#1817,.F.);
#2367=ORIENTED_EDGE('',*,*,#1818,.F.);
#2368=ORIENTED_EDGE('',*,*,#1762,.T.);
#2369=ORIENTED_EDGE('',*,*,#1819,.F.);
#2370=ORIENTED_EDGE('',*,*,#1820,.F.);
#2371=ORIENTED_EDGE('',*,*,#1718,.F.);
#2372=ORIENTED_EDGE('',*,*,#1821,.F.);
#2373=ORIENTED_EDGE('',*,*,#1822,.T.);
#2374=ORIENTED_EDGE('',*,*,#1768,.T.);
#2375=ORIENTED_EDGE('',*,*,#1823,.F.);
#2376=ORIENTED_EDGE('',*,*,#1816,.T.);
#2377=ORIENTED_EDGE('',*,*,#1769,.T.);
#2378=ORIENTED_EDGE('',*,*,#1822,.F.);
#2379=ORIENTED_EDGE('',*,*,#1729,.F.);
#2380=ORIENTED_EDGE('',*,*,#1824,.F.);
#2381=ORIENTED_EDGE('',*,*,#1814,.T.);
#2382=ORIENTED_EDGE('',*,*,#1777,.T.);
#2383=ORIENTED_EDGE('',*,*,#1696,.F.);
#2384=ORIENTED_EDGE('',*,*,#1825,.F.);
#2385=ORIENTED_EDGE('',*,*,#1826,.T.);
#2386=ORIENTED_EDGE('',*,*,#1788,.T.);
#2387=ORIENTED_EDGE('',*,*,#1827,.F.);
#2388=ORIENTED_EDGE('',*,*,#1806,.T.);
#2389=ORIENTED_EDGE('',*,*,#1789,.T.);
#2390=ORIENTED_EDGE('',*,*,#1826,.F.);
#2391=ORIENTED_EDGE('',*,*,#1707,.F.);
#2392=ORIENTED_EDGE('',*,*,#1828,.F.);
#2393=ORIENTED_EDGE('',*,*,#1804,.T.);
#2394=ORIENTED_EDGE('',*,*,#1791,.T.);
#2395=ORIENTED_EDGE('',*,*,#1829,.F.);
#2396=ORIENTED_EDGE('',*,*,#1830,.F.);
#2397=ORIENTED_EDGE('',*,*,#1831,.T.);
#2398=ORIENTED_EDGE('',*,*,#1780,.T.);
#2399=ORIENTED_EDGE('',*,*,#1832,.F.);
#2400=ORIENTED_EDGE('',*,*,#1809,.T.);
#2401=ORIENTED_EDGE('',*,*,#1781,.T.);
#2402=ORIENTED_EDGE('',*,*,#1831,.F.);
#2403=ORIENTED_EDGE('',*,*,#1833,.F.);
#2404=ORIENTED_EDGE('',*,*,#1834,.F.);
#2405=ORIENTED_EDGE('',*,*,#1812,.T.);
#2406=ORIENTED_EDGE('',*,*,#1772,.T.);
#2407=ORIENTED_EDGE('',*,*,#1835,.F.);
#2408=ORIENTED_EDGE('',*,*,#1836,.F.);
#2409=ORIENTED_EDGE('',*,*,#1837,.T.);
#2410=ORIENTED_EDGE('',*,*,#1760,.T.);
#2411=ORIENTED_EDGE('',*,*,#1838,.F.);
#2412=ORIENTED_EDGE('',*,*,#1819,.T.);
#2413=ORIENTED_EDGE('',*,*,#1761,.T.);
#2414=ORIENTED_EDGE('',*,*,#1837,.F.);
#2415=ORIENTED_EDGE('',*,*,#1839,.F.);
#2416=ORIENTED_EDGE('',*,*,#1840,.F.);
#2417=ORIENTED_EDGE('',*,*,#1841,.T.);
#2418=ORIENTED_EDGE('',*,*,#1757,.T.);
#2419=ORIENTED_EDGE('',*,*,#1723,.F.);
#2420=ORIENTED_EDGE('',*,*,#1758,.T.);
#2421=ORIENTED_EDGE('',*,*,#1841,.F.);
#2422=ORIENTED_EDGE('',*,*,#1842,.F.);
#2423=ORIENTED_EDGE('',*,*,#1807,.T.);
#2424=ORIENTED_EDGE('',*,*,#1827,.T.);
#2425=ORIENTED_EDGE('',*,*,#1825,.T.);
#2426=ORIENTED_EDGE('',*,*,#1695,.F.);
#2427=ORIENTED_EDGE('',*,*,#1815,.T.);
#2428=ORIENTED_EDGE('',*,*,#1824,.T.);
#2429=ORIENTED_EDGE('',*,*,#1728,.F.);
#2430=ORIENTED_EDGE('',*,*,#1843,.F.);
#2431=ORIENTED_EDGE('',*,*,#1702,.F.);
#2432=ORIENTED_EDGE('',*,*,#1844,.T.);
#2433=ORIENTED_EDGE('',*,*,#1817,.T.);
#2434=ORIENTED_EDGE('',*,*,#1823,.T.);
#2435=ORIENTED_EDGE('',*,*,#1821,.T.);
#2436=ORIENTED_EDGE('',*,*,#1717,.F.);
#2437=ORIENTED_EDGE('',*,*,#1840,.T.);
#2438=ORIENTED_EDGE('',*,*,#1845,.F.);
#2439=ORIENTED_EDGE('',*,*,#1846,.F.);
#2440=ORIENTED_EDGE('',*,*,#1724,.F.);
#2441=ORIENTED_EDGE('',*,*,#1842,.T.);
#2442=ORIENTED_EDGE('',*,*,#1847,.T.);
#2443=ORIENTED_EDGE('',*,*,#1836,.T.);
#2444=ORIENTED_EDGE('',*,*,#1848,.F.);
#2445=ORIENTED_EDGE('',*,*,#1820,.T.);
#2446=ORIENTED_EDGE('',*,*,#1838,.T.);
#2447=ORIENTED_EDGE('',*,*,#1834,.T.);
#2448=ORIENTED_EDGE('',*,*,#1849,.F.);
#2449=ORIENTED_EDGE('',*,*,#1850,.F.);
#2450=ORIENTED_EDGE('',*,*,#1851,.F.);
#2451=ORIENTED_EDGE('',*,*,#1813,.T.);
#2452=ORIENTED_EDGE('',*,*,#1852,.T.);
#2453=ORIENTED_EDGE('',*,*,#1830,.T.);
#2454=ORIENTED_EDGE('',*,*,#1853,.F.);
#2455=ORIENTED_EDGE('',*,*,#1810,.T.);
#2456=ORIENTED_EDGE('',*,*,#1832,.T.);
#2457=ORIENTED_EDGE('',*,*,#1805,.T.);
#2458=ORIENTED_EDGE('',*,*,#1828,.T.);
#2459=ORIENTED_EDGE('',*,*,#1706,.F.);
#2460=ORIENTED_EDGE('',*,*,#1854,.F.);
#2461=ORIENTED_EDGE('',*,*,#1855,.F.);
#2462=ORIENTED_EDGE('',*,*,#1856,.T.);
#2463=ORIENTED_EDGE('',*,*,#1857,.F.);
#2464=ORIENTED_EDGE('',*,*,#1858,.T.);
#2465=ORIENTED_EDGE('',*,*,#1859,.T.);
#2466=ORIENTED_EDGE('',*,*,#1860,.T.);
#2467=ORIENTED_EDGE('',*,*,#1861,.F.);
#2468=ORIENTED_EDGE('',*,*,#1860,.F.);
#2469=ORIENTED_EDGE('',*,*,#1862,.T.);
#2470=ORIENTED_EDGE('',*,*,#1863,.F.);
#2471=ORIENTED_EDGE('',*,*,#1859,.F.);
#2472=ORIENTED_EDGE('',*,*,#1864,.T.);
#2473=ORIENTED_EDGE('',*,*,#1865,.F.);
#2474=ORIENTED_EDGE('',*,*,#1862,.F.);
#2475=ORIENTED_EDGE('',*,*,#1866,.F.);
#2476=ORIENTED_EDGE('',*,*,#1867,.F.);
#2477=ORIENTED_EDGE('',*,*,#1864,.F.);
#2478=ORIENTED_EDGE('',*,*,#1858,.F.);
#2479=ORIENTED_EDGE('',*,*,#1868,.F.);
#2480=ORIENTED_EDGE('',*,*,#1869,.T.);
#2481=ORIENTED_EDGE('',*,*,#1870,.T.);
#2482=ORIENTED_EDGE('',*,*,#1871,.T.);
#2483=ORIENTED_EDGE('',*,*,#1872,.F.);
#2484=ORIENTED_EDGE('',*,*,#1871,.F.);
#2485=ORIENTED_EDGE('',*,*,#1873,.T.);
#2486=ORIENTED_EDGE('',*,*,#1874,.F.);
#2487=ORIENTED_EDGE('',*,*,#1875,.F.);
#2488=ORIENTED_EDGE('',*,*,#1876,.F.);
#2489=ORIENTED_EDGE('',*,*,#1877,.F.);
#2490=ORIENTED_EDGE('',*,*,#1869,.F.);
#2491=ORIENTED_EDGE('',*,*,#1870,.F.);
#2492=ORIENTED_EDGE('',*,*,#1877,.T.);
#2493=ORIENTED_EDGE('',*,*,#1878,.F.);
#2494=ORIENTED_EDGE('',*,*,#1873,.F.);
#2495=ORIENTED_EDGE('',*,*,#1879,.F.);
#2496=ORIENTED_EDGE('',*,*,#1880,.T.);
#2497=ORIENTED_EDGE('',*,*,#1881,.T.);
#2498=ORIENTED_EDGE('',*,*,#1882,.T.);
#2499=ORIENTED_EDGE('',*,*,#1883,.F.);
#2500=ORIENTED_EDGE('',*,*,#1882,.F.);
#2501=ORIENTED_EDGE('',*,*,#1884,.T.);
#2502=ORIENTED_EDGE('',*,*,#1885,.F.);
#2503=ORIENTED_EDGE('',*,*,#1881,.F.);
#2504=ORIENTED_EDGE('',*,*,#1886,.T.);
#2505=ORIENTED_EDGE('',*,*,#1887,.F.);
#2506=ORIENTED_EDGE('',*,*,#1884,.F.);
#2507=ORIENTED_EDGE('',*,*,#1888,.F.);
#2508=ORIENTED_EDGE('',*,*,#1889,.F.);
#2509=ORIENTED_EDGE('',*,*,#1886,.F.);
#2510=ORIENTED_EDGE('',*,*,#1880,.F.);
#2511=ORIENTED_EDGE('',*,*,#1890,.F.);
#2512=ORIENTED_EDGE('',*,*,#1891,.F.);
#2513=ORIENTED_EDGE('',*,*,#1892,.F.);
#2514=ORIENTED_EDGE('',*,*,#1893,.F.);
#2515=ORIENTED_EDGE('',*,*,#1894,.F.);
#2516=ORIENTED_EDGE('',*,*,#1893,.T.);
#2517=ORIENTED_EDGE('',*,*,#1895,.T.);
#2518=ORIENTED_EDGE('',*,*,#1896,.T.);
#2519=ORIENTED_EDGE('',*,*,#1895,.F.);
#2520=ORIENTED_EDGE('',*,*,#1892,.T.);
#2521=ORIENTED_EDGE('',*,*,#1897,.F.);
#2522=ORIENTED_EDGE('',*,*,#1898,.F.);
#2523=ORIENTED_EDGE('',*,*,#1899,.F.);
#2524=ORIENTED_EDGE('',*,*,#1896,.F.);
#2525=ORIENTED_EDGE('',*,*,#1898,.T.);
#2526=ORIENTED_EDGE('',*,*,#1900,.F.);
#2527=ORIENTED_EDGE('',*,*,#1866,.T.);
#2528=ORIENTED_EDGE('',*,*,#1857,.T.);
#2529=ORIENTED_EDGE('',*,*,#1861,.T.);
#2530=ORIENTED_EDGE('',*,*,#1901,.T.);
#2531=ORIENTED_EDGE('',*,*,#1725,.T.);
#2532=ORIENTED_EDGE('',*,*,#1846,.T.);
#2533=ORIENTED_EDGE('',*,*,#1902,.T.);
#2534=ORIENTED_EDGE('',*,*,#1903,.T.);
#2535=ORIENTED_EDGE('',*,*,#1875,.T.);
#2536=ORIENTED_EDGE('',*,*,#1868,.T.);
#2537=ORIENTED_EDGE('',*,*,#1872,.T.);
#2538=ORIENTED_EDGE('',*,*,#1904,.T.);
#2539=ORIENTED_EDGE('',*,*,#1905,.T.);
#2540=ORIENTED_EDGE('',*,*,#1854,.T.);
#2541=ORIENTED_EDGE('',*,*,#1705,.T.);
#2542=ORIENTED_EDGE('',*,*,#1906,.T.);
#2543=ORIENTED_EDGE('',*,*,#1888,.T.);
#2544=ORIENTED_EDGE('',*,*,#1879,.T.);
#2545=ORIENTED_EDGE('',*,*,#1883,.T.);
#2546=ORIENTED_EDGE('',*,*,#1907,.T.);
#2547=ORIENTED_EDGE('',*,*,#1703,.T.);
#2548=ORIENTED_EDGE('',*,*,#1843,.T.);
#2549=ORIENTED_EDGE('',*,*,#1727,.T.);
#2550=ORIENTED_EDGE('',*,*,#1908,.T.);
#2551=ORIENTED_EDGE('',*,*,#1867,.T.);
#2552=ORIENTED_EDGE('',*,*,#1903,.F.);
#2553=ORIENTED_EDGE('',*,*,#1909,.T.);
#2554=ORIENTED_EDGE('',*,*,#1910,.F.);
#2555=ORIENTED_EDGE('',*,*,#1900,.T.);
#2556=ORIENTED_EDGE('',*,*,#1897,.T.);
#2557=ORIENTED_EDGE('',*,*,#1891,.T.);
#2558=ORIENTED_EDGE('',*,*,#1911,.F.);
#2559=ORIENTED_EDGE('',*,*,#1912,.T.);
#2560=ORIENTED_EDGE('',*,*,#1904,.F.);
#2561=ORIENTED_EDGE('',*,*,#1874,.T.);
#2562=ORIENTED_EDGE('',*,*,#1878,.T.);
#2563=ORIENTED_EDGE('',*,*,#1876,.T.);
#2564=ORIENTED_EDGE('',*,*,#1906,.F.);
#2565=ORIENTED_EDGE('',*,*,#1704,.T.);
#2566=ORIENTED_EDGE('',*,*,#1907,.F.);
#2567=ORIENTED_EDGE('',*,*,#1885,.T.);
#2568=ORIENTED_EDGE('',*,*,#1887,.T.);
#2569=ORIENTED_EDGE('',*,*,#1889,.T.);
#2570=ORIENTED_EDGE('',*,*,#1908,.F.);
#2571=ORIENTED_EDGE('',*,*,#1726,.T.);
#2572=ORIENTED_EDGE('',*,*,#1901,.F.);
#2573=ORIENTED_EDGE('',*,*,#1863,.T.);
#2574=ORIENTED_EDGE('',*,*,#1865,.T.);
#2575=ORIENTED_EDGE('',*,*,#1913,.T.);
#2576=ORIENTED_EDGE('',*,*,#1914,.T.);
#2577=ORIENTED_EDGE('',*,*,#1915,.T.);
#2578=ORIENTED_EDGE('',*,*,#1916,.T.);
#2579=ORIENTED_EDGE('',*,*,#1917,.T.);
#2580=ORIENTED_EDGE('',*,*,#1918,.T.);
#2581=ORIENTED_EDGE('',*,*,#1919,.T.);
#2582=ORIENTED_EDGE('',*,*,#1920,.T.);
#2583=ORIENTED_EDGE('',*,*,#1921,.T.);
#2584=ORIENTED_EDGE('',*,*,#1922,.T.);
#2585=ORIENTED_EDGE('',*,*,#1923,.T.);
#2586=ORIENTED_EDGE('',*,*,#1924,.T.);
#2587=ORIENTED_EDGE('',*,*,#1925,.T.);
#2588=ORIENTED_EDGE('',*,*,#1926,.T.);
#2589=ORIENTED_EDGE('',*,*,#1927,.T.);
#2590=ORIENTED_EDGE('',*,*,#1928,.T.);
#2591=ORIENTED_EDGE('',*,*,#1929,.T.);
#2592=ORIENTED_EDGE('',*,*,#1930,.T.);
#2593=ORIENTED_EDGE('',*,*,#1931,.T.);
#2594=ORIENTED_EDGE('',*,*,#1932,.T.);
#2595=ORIENTED_EDGE('',*,*,#1933,.T.);
#2596=ORIENTED_EDGE('',*,*,#1934,.T.);
#2597=ORIENTED_EDGE('',*,*,#1935,.T.);
#2598=ORIENTED_EDGE('',*,*,#1936,.T.);
#2599=ORIENTED_EDGE('',*,*,#1890,.T.);
#2600=ORIENTED_EDGE('',*,*,#1894,.T.);
#2601=ORIENTED_EDGE('',*,*,#1899,.T.);
#2602=ORIENTED_EDGE('',*,*,#1910,.T.);
#2603=ORIENTED_EDGE('',*,*,#1937,.T.);
#2604=ORIENTED_EDGE('',*,*,#1850,.T.);
#2605=ORIENTED_EDGE('',*,*,#1938,.T.);
#2606=ORIENTED_EDGE('',*,*,#1911,.T.);
#2607=ORIENTED_EDGE('',*,*,#1735,.T.);
#2608=ORIENTED_EDGE('',*,*,#1793,.T.);
#2609=ORIENTED_EDGE('',*,*,#1803,.T.);
#2610=ORIENTED_EDGE('',*,*,#1855,.T.);
#2611=ORIENTED_EDGE('',*,*,#1905,.F.);
#2612=ORIENTED_EDGE('',*,*,#1912,.F.);
#2613=ORIENTED_EDGE('',*,*,#1938,.F.);
#2614=ORIENTED_EDGE('',*,*,#1849,.T.);
#2615=ORIENTED_EDGE('',*,*,#1833,.T.);
#2616=ORIENTED_EDGE('',*,*,#1771,.T.);
#2617=ORIENTED_EDGE('',*,*,#1799,.T.);
#2618=ORIENTED_EDGE('',*,*,#1670,.T.);
#2619=ORIENTED_EDGE('',*,*,#1740,.T.);
#2620=ORIENTED_EDGE('',*,*,#1783,.T.);
#2621=ORIENTED_EDGE('',*,*,#1808,.T.);
#2622=ORIENTED_EDGE('',*,*,#1853,.T.);
#2623=ORIENTED_EDGE('',*,*,#1829,.T.);
#2624=ORIENTED_EDGE('',*,*,#1779,.T.);
#2625=ORIENTED_EDGE('',*,*,#1797,.T.);
#2626=ORIENTED_EDGE('',*,*,#1666,.T.);
#2627=ORIENTED_EDGE('',*,*,#1939,.T.);
#2628=ORIENTED_EDGE('',*,*,#1940,.T.);
#2629=ORIENTED_EDGE('',*,*,#1941,.T.);
#2630=ORIENTED_EDGE('',*,*,#1942,.T.);
#2631=ORIENTED_EDGE('',*,*,#1943,.F.);
#2632=ORIENTED_EDGE('',*,*,#1944,.F.);
#2633=ORIENTED_EDGE('',*,*,#1711,.F.);
#2634=ORIENTED_EDGE('',*,*,#1945,.T.);
#2635=ORIENTED_EDGE('',*,*,#1946,.F.);
#2636=ORIENTED_EDGE('',*,*,#1945,.F.);
#2637=ORIENTED_EDGE('',*,*,#1710,.F.);
#2638=ORIENTED_EDGE('',*,*,#1947,.F.);
#2639=ORIENTED_EDGE('',*,*,#1948,.F.);
#2640=ORIENTED_EDGE('',*,*,#1947,.T.);
#2641=ORIENTED_EDGE('',*,*,#1709,.F.);
#2642=ORIENTED_EDGE('',*,*,#1949,.F.);
#2643=ORIENTED_EDGE('',*,*,#1950,.F.);
#2644=ORIENTED_EDGE('',*,*,#1949,.T.);
#2645=ORIENTED_EDGE('',*,*,#1712,.F.);
#2646=ORIENTED_EDGE('',*,*,#1944,.T.);
#2647=ORIENTED_EDGE('',*,*,#1914,.F.);
#2648=ORIENTED_EDGE('',*,*,#1951,.F.);
#2649=ORIENTED_EDGE('',*,*,#1952,.F.);
#2650=ORIENTED_EDGE('',*,*,#1953,.T.);
#2651=ORIENTED_EDGE('',*,*,#1948,.T.);
#2652=ORIENTED_EDGE('',*,*,#1950,.T.);
#2653=ORIENTED_EDGE('',*,*,#1943,.T.);
#2654=ORIENTED_EDGE('',*,*,#1946,.T.);
#2655=ORIENTED_EDGE('',*,*,#1915,.F.);
#2656=ORIENTED_EDGE('',*,*,#1953,.F.);
#2657=ORIENTED_EDGE('',*,*,#1954,.F.);
#2658=ORIENTED_EDGE('',*,*,#1955,.F.);
#2659=ORIENTED_EDGE('',*,*,#1913,.F.);
#2660=ORIENTED_EDGE('',*,*,#1956,.F.);
#2661=ORIENTED_EDGE('',*,*,#1957,.F.);
#2662=ORIENTED_EDGE('',*,*,#1951,.T.);
#2663=ORIENTED_EDGE('',*,*,#1958,.F.);
#2664=ORIENTED_EDGE('',*,*,#1954,.T.);
#2665=ORIENTED_EDGE('',*,*,#1952,.T.);
#2666=ORIENTED_EDGE('',*,*,#1957,.T.);
#2667=ORIENTED_EDGE('',*,*,#1923,.F.);
#2668=ORIENTED_EDGE('',*,*,#1959,.F.);
#2669=ORIENTED_EDGE('',*,*,#1960,.F.);
#2670=ORIENTED_EDGE('',*,*,#1961,.F.);
#2671=ORIENTED_EDGE('',*,*,#1962,.F.);
#2672=ORIENTED_EDGE('',*,*,#1960,.T.);
#2673=ORIENTED_EDGE('',*,*,#1963,.T.);
#2674=ORIENTED_EDGE('',*,*,#1964,.T.);
#2675=ORIENTED_EDGE('',*,*,#1921,.F.);
#2676=ORIENTED_EDGE('',*,*,#1965,.F.);
#2677=ORIENTED_EDGE('',*,*,#1964,.F.);
#2678=ORIENTED_EDGE('',*,*,#1966,.T.);
#2679=ORIENTED_EDGE('',*,*,#1922,.F.);
#2680=ORIENTED_EDGE('',*,*,#1966,.F.);
#2681=ORIENTED_EDGE('',*,*,#1963,.F.);
#2682=ORIENTED_EDGE('',*,*,#1959,.T.);
#2683=ORIENTED_EDGE('',*,*,#1961,.T.);
#2684=ORIENTED_EDGE('',*,*,#1962,.T.);
#2685=ORIENTED_EDGE('',*,*,#1965,.T.);
#2686=ORIENTED_EDGE('',*,*,#1920,.F.);
#2687=ORIENTED_EDGE('',*,*,#1967,.T.);
#2688=ORIENTED_EDGE('',*,*,#1968,.F.);
#2689=ORIENTED_EDGE('',*,*,#1969,.T.);
#2690=ORIENTED_EDGE('',*,*,#1924,.F.);
#2691=ORIENTED_EDGE('',*,*,#1970,.F.);
#2692=ORIENTED_EDGE('',*,*,#1971,.T.);
#2693=ORIENTED_EDGE('',*,*,#1733,.F.);
#2694=ORIENTED_EDGE('',*,*,#1972,.F.);
#2695=ORIENTED_EDGE('',*,*,#1973,.F.);
#2696=ORIENTED_EDGE('',*,*,#1972,.T.);
#2697=ORIENTED_EDGE('',*,*,#1732,.F.);
#2698=ORIENTED_EDGE('',*,*,#1974,.T.);
#2699=ORIENTED_EDGE('',*,*,#1975,.F.);
#2700=ORIENTED_EDGE('',*,*,#1974,.F.);
#2701=ORIENTED_EDGE('',*,*,#1731,.F.);
#2702=ORIENTED_EDGE('',*,*,#1976,.T.);
#2703=ORIENTED_EDGE('',*,*,#1977,.F.);
#2704=ORIENTED_EDGE('',*,*,#1976,.F.);
#2705=ORIENTED_EDGE('',*,*,#1734,.F.);
#2706=ORIENTED_EDGE('',*,*,#1971,.F.);
#2707=ORIENTED_EDGE('',*,*,#1929,.F.);
#2708=ORIENTED_EDGE('',*,*,#1978,.F.);
#2709=ORIENTED_EDGE('',*,*,#1979,.F.);
#2710=ORIENTED_EDGE('',*,*,#1980,.F.);
#2711=ORIENTED_EDGE('',*,*,#1981,.F.);
#2712=ORIENTED_EDGE('',*,*,#1979,.T.);
#2713=ORIENTED_EDGE('',*,*,#1982,.T.);
#2714=ORIENTED_EDGE('',*,*,#1983,.T.);
#2715=ORIENTED_EDGE('',*,*,#1928,.F.);
#2716=ORIENTED_EDGE('',*,*,#1984,.F.);
#2717=ORIENTED_EDGE('',*,*,#1982,.F.);
#2718=ORIENTED_EDGE('',*,*,#1978,.T.);
#2719=ORIENTED_EDGE('',*,*,#1975,.T.);
#2720=ORIENTED_EDGE('',*,*,#1977,.T.);
#2721=ORIENTED_EDGE('',*,*,#1970,.T.);
#2722=ORIENTED_EDGE('',*,*,#1973,.T.);
#2723=ORIENTED_EDGE('',*,*,#1927,.F.);
#2724=ORIENTED_EDGE('',*,*,#1985,.F.);
#2725=ORIENTED_EDGE('',*,*,#1983,.F.);
#2726=ORIENTED_EDGE('',*,*,#1984,.T.);
#2727=ORIENTED_EDGE('',*,*,#1980,.T.);
#2728=ORIENTED_EDGE('',*,*,#1981,.T.);
#2729=ORIENTED_EDGE('',*,*,#1985,.T.);
#2730=ORIENTED_EDGE('',*,*,#1926,.F.);
#2731=ORIENTED_EDGE('',*,*,#1986,.T.);
#2732=ORIENTED_EDGE('',*,*,#1987,.F.);
#2733=ORIENTED_EDGE('',*,*,#1988,.T.);
#2734=ORIENTED_EDGE('',*,*,#1930,.F.);
#2735=ORIENTED_EDGE('',*,*,#1989,.F.);
#2736=ORIENTED_EDGE('',*,*,#1990,.F.);
#2737=ORIENTED_EDGE('',*,*,#1941,.F.);
#2738=ORIENTED_EDGE('',*,*,#1991,.T.);
#2739=ORIENTED_EDGE('',*,*,#1992,.F.);
#2740=ORIENTED_EDGE('',*,*,#1991,.F.);
#2741=ORIENTED_EDGE('',*,*,#1940,.F.);
#2742=ORIENTED_EDGE('',*,*,#1993,.F.);
#2743=ORIENTED_EDGE('',*,*,#1994,.F.);
#2744=ORIENTED_EDGE('',*,*,#1993,.T.);
#2745=ORIENTED_EDGE('',*,*,#1939,.F.);
#2746=ORIENTED_EDGE('',*,*,#1995,.F.);
#2747=ORIENTED_EDGE('',*,*,#1996,.F.);
#2748=ORIENTED_EDGE('',*,*,#1995,.T.);
#2749=ORIENTED_EDGE('',*,*,#1942,.F.);
#2750=ORIENTED_EDGE('',*,*,#1990,.T.);
#2751=ORIENTED_EDGE('',*,*,#1997,.F.);
#2752=ORIENTED_EDGE('',*,*,#1998,.T.);
#2753=ORIENTED_EDGE('',*,*,#1999,.F.);
#2754=ORIENTED_EDGE('',*,*,#2000,.F.);
#2755=ORIENTED_EDGE('',*,*,#2001,.F.);
#2756=ORIENTED_EDGE('',*,*,#2000,.T.);
#2757=ORIENTED_EDGE('',*,*,#2002,.F.);
#2758=ORIENTED_EDGE('',*,*,#2003,.F.);
#2759=ORIENTED_EDGE('',*,*,#2004,.F.);
#2760=ORIENTED_EDGE('',*,*,#2003,.T.);
#2761=ORIENTED_EDGE('',*,*,#2005,.F.);
#2762=ORIENTED_EDGE('',*,*,#2006,.F.);
#2763=ORIENTED_EDGE('',*,*,#2007,.F.);
#2764=ORIENTED_EDGE('',*,*,#2006,.T.);
#2765=ORIENTED_EDGE('',*,*,#2008,.F.);
#2766=ORIENTED_EDGE('',*,*,#1998,.F.);
#2767=ORIENTED_EDGE('',*,*,#2008,.T.);
#2768=ORIENTED_EDGE('',*,*,#2005,.T.);
#2769=ORIENTED_EDGE('',*,*,#2002,.T.);
#2770=ORIENTED_EDGE('',*,*,#1999,.T.);
#2771=ORIENTED_EDGE('',*,*,#2009,.F.);
#2772=ORIENTED_EDGE('',*,*,#2010,.T.);
#2773=ORIENTED_EDGE('',*,*,#2011,.F.);
#2774=ORIENTED_EDGE('',*,*,#2012,.F.);
#2775=ORIENTED_EDGE('',*,*,#2013,.F.);
#2776=ORIENTED_EDGE('',*,*,#2012,.T.);
#2777=ORIENTED_EDGE('',*,*,#2014,.F.);
#2778=ORIENTED_EDGE('',*,*,#2015,.F.);
#2779=ORIENTED_EDGE('',*,*,#2016,.F.);
#2780=ORIENTED_EDGE('',*,*,#2015,.T.);
#2781=ORIENTED_EDGE('',*,*,#2017,.F.);
#2782=ORIENTED_EDGE('',*,*,#2018,.F.);
#2783=ORIENTED_EDGE('',*,*,#2019,.F.);
#2784=ORIENTED_EDGE('',*,*,#2018,.T.);
#2785=ORIENTED_EDGE('',*,*,#2020,.F.);
#2786=ORIENTED_EDGE('',*,*,#2010,.F.);
#2787=ORIENTED_EDGE('',*,*,#2020,.T.);
#2788=ORIENTED_EDGE('',*,*,#2017,.T.);
#2789=ORIENTED_EDGE('',*,*,#2014,.T.);
#2790=ORIENTED_EDGE('',*,*,#2011,.T.);
#2791=ORIENTED_EDGE('',*,*,#2021,.F.);
#2792=ORIENTED_EDGE('',*,*,#2022,.T.);
#2793=ORIENTED_EDGE('',*,*,#2023,.F.);
#2794=ORIENTED_EDGE('',*,*,#2024,.F.);
#2795=ORIENTED_EDGE('',*,*,#2025,.F.);
#2796=ORIENTED_EDGE('',*,*,#2024,.T.);
#2797=ORIENTED_EDGE('',*,*,#2026,.F.);
#2798=ORIENTED_EDGE('',*,*,#2027,.F.);
#2799=ORIENTED_EDGE('',*,*,#2028,.F.);
#2800=ORIENTED_EDGE('',*,*,#2027,.T.);
#2801=ORIENTED_EDGE('',*,*,#2029,.F.);
#2802=ORIENTED_EDGE('',*,*,#2030,.F.);
#2803=ORIENTED_EDGE('',*,*,#2031,.F.);
#2804=ORIENTED_EDGE('',*,*,#2030,.T.);
#2805=ORIENTED_EDGE('',*,*,#2032,.F.);
#2806=ORIENTED_EDGE('',*,*,#2022,.F.);
#2807=ORIENTED_EDGE('',*,*,#2032,.T.);
#2808=ORIENTED_EDGE('',*,*,#2029,.T.);
#2809=ORIENTED_EDGE('',*,*,#2026,.T.);
#2810=ORIENTED_EDGE('',*,*,#2023,.T.);
#2811=ORIENTED_EDGE('',*,*,#2033,.F.);
#2812=ORIENTED_EDGE('',*,*,#2034,.T.);
#2813=ORIENTED_EDGE('',*,*,#2035,.F.);
#2814=ORIENTED_EDGE('',*,*,#2036,.F.);
#2815=ORIENTED_EDGE('',*,*,#2037,.F.);
#2816=ORIENTED_EDGE('',*,*,#2036,.T.);
#2817=ORIENTED_EDGE('',*,*,#2038,.F.);
#2818=ORIENTED_EDGE('',*,*,#2039,.F.);
#2819=ORIENTED_EDGE('',*,*,#2040,.F.);
#2820=ORIENTED_EDGE('',*,*,#2039,.T.);
#2821=ORIENTED_EDGE('',*,*,#2041,.F.);
#2822=ORIENTED_EDGE('',*,*,#2042,.F.);
#2823=ORIENTED_EDGE('',*,*,#2043,.F.);
#2824=ORIENTED_EDGE('',*,*,#2042,.T.);
#2825=ORIENTED_EDGE('',*,*,#2044,.F.);
#2826=ORIENTED_EDGE('',*,*,#2034,.F.);
#2827=ORIENTED_EDGE('',*,*,#2044,.T.);
#2828=ORIENTED_EDGE('',*,*,#2041,.T.);
#2829=ORIENTED_EDGE('',*,*,#2038,.T.);
#2830=ORIENTED_EDGE('',*,*,#2035,.T.);
#2831=ORIENTED_EDGE('',*,*,#2045,.F.);
#2832=ORIENTED_EDGE('',*,*,#2046,.T.);
#2833=ORIENTED_EDGE('',*,*,#2047,.F.);
#2834=ORIENTED_EDGE('',*,*,#2048,.F.);
#2835=ORIENTED_EDGE('',*,*,#2049,.F.);
#2836=ORIENTED_EDGE('',*,*,#2048,.T.);
#2837=ORIENTED_EDGE('',*,*,#2050,.F.);
#2838=ORIENTED_EDGE('',*,*,#2051,.F.);
#2839=ORIENTED_EDGE('',*,*,#2052,.F.);
#2840=ORIENTED_EDGE('',*,*,#2051,.T.);
#2841=ORIENTED_EDGE('',*,*,#2053,.F.);
#2842=ORIENTED_EDGE('',*,*,#2054,.F.);
#2843=ORIENTED_EDGE('',*,*,#2055,.F.);
#2844=ORIENTED_EDGE('',*,*,#2054,.T.);
#2845=ORIENTED_EDGE('',*,*,#2056,.F.);
#2846=ORIENTED_EDGE('',*,*,#2046,.F.);
#2847=ORIENTED_EDGE('',*,*,#2056,.T.);
#2848=ORIENTED_EDGE('',*,*,#2053,.T.);
#2849=ORIENTED_EDGE('',*,*,#2050,.T.);
#2850=ORIENTED_EDGE('',*,*,#2047,.T.);
#2851=ORIENTED_EDGE('',*,*,#2057,.F.);
#2852=ORIENTED_EDGE('',*,*,#2058,.T.);
#2853=ORIENTED_EDGE('',*,*,#2059,.F.);
#2854=ORIENTED_EDGE('',*,*,#2060,.F.);
#2855=ORIENTED_EDGE('',*,*,#2061,.F.);
#2856=ORIENTED_EDGE('',*,*,#2060,.T.);
#2857=ORIENTED_EDGE('',*,*,#2062,.F.);
#2858=ORIENTED_EDGE('',*,*,#2063,.F.);
#2859=ORIENTED_EDGE('',*,*,#2064,.F.);
#2860=ORIENTED_EDGE('',*,*,#2063,.T.);
#2861=ORIENTED_EDGE('',*,*,#2065,.F.);
#2862=ORIENTED_EDGE('',*,*,#2066,.F.);
#2863=ORIENTED_EDGE('',*,*,#2067,.F.);
#2864=ORIENTED_EDGE('',*,*,#2066,.T.);
#2865=ORIENTED_EDGE('',*,*,#2068,.F.);
#2866=ORIENTED_EDGE('',*,*,#2058,.F.);
#2867=ORIENTED_EDGE('',*,*,#2068,.T.);
#2868=ORIENTED_EDGE('',*,*,#2065,.T.);
#2869=ORIENTED_EDGE('',*,*,#2062,.T.);
#2870=ORIENTED_EDGE('',*,*,#2059,.T.);
#2871=ORIENTED_EDGE('',*,*,#1847,.F.);
#2872=ORIENTED_EDGE('',*,*,#2069,.T.);
#2873=ORIENTED_EDGE('',*,*,#2070,.T.);
#2874=ORIENTED_EDGE('',*,*,#2069,.F.);
#2875=ORIENTED_EDGE('',*,*,#2070,.F.);
#2876=ORIENTED_EDGE('',*,*,#2071,.F.);
#2877=ORIENTED_EDGE('',*,*,#1856,.F.);
#2878=ORIENTED_EDGE('',*,*,#2072,.T.);
#2879=ORIENTED_EDGE('',*,*,#2073,.T.);
#2880=ORIENTED_EDGE('',*,*,#2072,.F.);
#2881=ORIENTED_EDGE('',*,*,#2073,.F.);
#2882=ORIENTED_EDGE('',*,*,#2074,.F.);
#2883=ORIENTED_EDGE('',*,*,#1844,.F.);
#2884=ORIENTED_EDGE('',*,*,#2075,.T.);
#2885=ORIENTED_EDGE('',*,*,#2076,.T.);
#2886=ORIENTED_EDGE('',*,*,#2075,.F.);
#2887=ORIENTED_EDGE('',*,*,#2076,.F.);
#2888=ORIENTED_EDGE('',*,*,#2077,.F.);
#2889=ORIENTED_EDGE('',*,*,#1852,.F.);
#2890=ORIENTED_EDGE('',*,*,#2078,.T.);
#2891=ORIENTED_EDGE('',*,*,#2079,.T.);
#2892=ORIENTED_EDGE('',*,*,#2078,.F.);
#2893=ORIENTED_EDGE('',*,*,#2079,.F.);
#2894=ORIENTED_EDGE('',*,*,#2080,.F.);
#2895=ORIENTED_EDGE('',*,*,#2071,.T.);
#2896=ORIENTED_EDGE('',*,*,#2081,.T.);
#2897=ORIENTED_EDGE('',*,*,#2082,.F.);
#2898=ORIENTED_EDGE('',*,*,#2081,.F.);
#2899=ORIENTED_EDGE('',*,*,#2074,.T.);
#2900=ORIENTED_EDGE('',*,*,#2083,.T.);
#2901=ORIENTED_EDGE('',*,*,#2084,.F.);
#2902=ORIENTED_EDGE('',*,*,#2083,.F.);
#2903=ORIENTED_EDGE('',*,*,#2077,.T.);
#2904=ORIENTED_EDGE('',*,*,#2085,.T.);
#2905=ORIENTED_EDGE('',*,*,#2086,.F.);
#2906=ORIENTED_EDGE('',*,*,#2085,.F.);
#2907=ORIENTED_EDGE('',*,*,#2080,.T.);
#2908=ORIENTED_EDGE('',*,*,#2087,.T.);
#2909=ORIENTED_EDGE('',*,*,#2088,.F.);
#2910=ORIENTED_EDGE('',*,*,#2087,.F.);
#2911=ORIENTED_EDGE('',*,*,#1936,.F.);
#2912=ORIENTED_EDGE('',*,*,#2089,.T.);
#2913=ORIENTED_EDGE('',*,*,#2090,.T.);
#2914=ORIENTED_EDGE('',*,*,#2089,.F.);
#2915=ORIENTED_EDGE('',*,*,#2090,.F.);
#2916=ORIENTED_EDGE('',*,*,#2082,.T.);
#2917=ORIENTED_EDGE('',*,*,#1935,.F.);
#2918=ORIENTED_EDGE('',*,*,#2091,.T.);
#2919=ORIENTED_EDGE('',*,*,#2092,.T.);
#2920=ORIENTED_EDGE('',*,*,#2091,.F.);
#2921=ORIENTED_EDGE('',*,*,#2092,.F.);
#2922=ORIENTED_EDGE('',*,*,#2084,.T.);
#2923=ORIENTED_EDGE('',*,*,#1934,.F.);
#2924=ORIENTED_EDGE('',*,*,#2093,.T.);
#2925=ORIENTED_EDGE('',*,*,#2094,.T.);
#2926=ORIENTED_EDGE('',*,*,#2093,.F.);
#2927=ORIENTED_EDGE('',*,*,#2094,.F.);
#2928=ORIENTED_EDGE('',*,*,#2086,.T.);
#2929=ORIENTED_EDGE('',*,*,#1933,.F.);
#2930=ORIENTED_EDGE('',*,*,#2095,.T.);
#2931=ORIENTED_EDGE('',*,*,#2096,.T.);
#2932=ORIENTED_EDGE('',*,*,#2095,.F.);
#2933=ORIENTED_EDGE('',*,*,#2096,.F.);
#2934=ORIENTED_EDGE('',*,*,#2088,.T.);
#2935=ORIENTED_EDGE('',*,*,#2097,.F.);
#2936=ORIENTED_EDGE('',*,*,#2098,.T.);
#2937=ORIENTED_EDGE('',*,*,#2099,.T.);
#2938=ORIENTED_EDGE('',*,*,#2098,.F.);
#2939=ORIENTED_EDGE('',*,*,#2099,.F.);
#2940=ORIENTED_EDGE('',*,*,#2100,.F.);
#2941=ORIENTED_EDGE('',*,*,#2101,.T.);
#2942=ORIENTED_EDGE('',*,*,#2102,.T.);
#2943=ORIENTED_EDGE('',*,*,#2101,.F.);
#2944=ORIENTED_EDGE('',*,*,#2102,.F.);
#2945=ORIENTED_EDGE('',*,*,#2103,.F.);
#2946=ORIENTED_EDGE('',*,*,#2104,.T.);
#2947=ORIENTED_EDGE('',*,*,#2105,.T.);
#2948=ORIENTED_EDGE('',*,*,#2104,.F.);
#2949=ORIENTED_EDGE('',*,*,#2105,.F.);
#2950=ORIENTED_EDGE('',*,*,#2106,.F.);
#2951=ORIENTED_EDGE('',*,*,#2107,.T.);
#2952=ORIENTED_EDGE('',*,*,#2108,.T.);
#2953=ORIENTED_EDGE('',*,*,#2107,.F.);
#2954=ORIENTED_EDGE('',*,*,#2108,.F.);
#2955=ORIENTED_EDGE('',*,*,#2109,.F.);
#2956=ORIENTED_EDGE('',*,*,#2110,.T.);
#2957=ORIENTED_EDGE('',*,*,#2111,.F.);
#2958=ORIENTED_EDGE('',*,*,#2110,.F.);
#2959=ORIENTED_EDGE('',*,*,#2109,.T.);
#2960=ORIENTED_EDGE('',*,*,#2106,.T.);
#2961=ORIENTED_EDGE('',*,*,#2112,.F.);
#2962=ORIENTED_EDGE('',*,*,#2113,.T.);
#2963=ORIENTED_EDGE('',*,*,#2114,.F.);
#2964=ORIENTED_EDGE('',*,*,#2113,.F.);
#2965=ORIENTED_EDGE('',*,*,#2112,.T.);
#2966=ORIENTED_EDGE('',*,*,#2103,.T.);
#2967=ORIENTED_EDGE('',*,*,#2115,.F.);
#2968=ORIENTED_EDGE('',*,*,#2116,.T.);
#2969=ORIENTED_EDGE('',*,*,#2117,.F.);
#2970=ORIENTED_EDGE('',*,*,#2116,.F.);
#2971=ORIENTED_EDGE('',*,*,#2115,.T.);
#2972=ORIENTED_EDGE('',*,*,#2100,.T.);
#2973=ORIENTED_EDGE('',*,*,#2118,.F.);
#2974=ORIENTED_EDGE('',*,*,#2119,.T.);
#2975=ORIENTED_EDGE('',*,*,#2120,.F.);
#2976=ORIENTED_EDGE('',*,*,#2119,.F.);
#2977=ORIENTED_EDGE('',*,*,#2118,.T.);
#2978=ORIENTED_EDGE('',*,*,#2097,.T.);
#2979=ORIENTED_EDGE('',*,*,#2121,.F.);
#2980=ORIENTED_EDGE('',*,*,#1967,.F.);
#2981=ORIENTED_EDGE('',*,*,#1919,.F.);
#2982=ORIENTED_EDGE('',*,*,#2122,.F.);
#2983=ORIENTED_EDGE('',*,*,#2123,.F.);
#2984=ORIENTED_EDGE('',*,*,#2124,.F.);
#2985=ORIENTED_EDGE('',*,*,#1931,.F.);
#2986=ORIENTED_EDGE('',*,*,#1988,.F.);
#2987=ORIENTED_EDGE('',*,*,#1956,.T.);
#2988=ORIENTED_EDGE('',*,*,#1932,.F.);
#2989=ORIENTED_EDGE('',*,*,#2124,.T.);
#2990=ORIENTED_EDGE('',*,*,#2125,.F.);
#2991=ORIENTED_EDGE('',*,*,#2126,.T.);
#2992=ORIENTED_EDGE('',*,*,#1916,.F.);
#2993=ORIENTED_EDGE('',*,*,#1955,.T.);
#2994=ORIENTED_EDGE('',*,*,#1958,.T.);
#2995=ORIENTED_EDGE('',*,*,#2121,.T.);
#2996=ORIENTED_EDGE('',*,*,#2127,.T.);
#2997=ORIENTED_EDGE('',*,*,#2128,.T.);
#2998=ORIENTED_EDGE('',*,*,#2125,.T.);
#2999=ORIENTED_EDGE('',*,*,#2123,.T.);
#3000=ORIENTED_EDGE('',*,*,#1987,.T.);
#3001=ORIENTED_EDGE('',*,*,#2129,.T.);
#3002=ORIENTED_EDGE('',*,*,#1968,.T.);
#3003=ORIENTED_EDGE('',*,*,#2009,.T.);
#3004=ORIENTED_EDGE('',*,*,#2013,.T.);
#3005=ORIENTED_EDGE('',*,*,#2016,.T.);
#3006=ORIENTED_EDGE('',*,*,#2019,.T.);
#3007=ORIENTED_EDGE('',*,*,#2120,.T.);
#3008=ORIENTED_EDGE('',*,*,#2117,.T.);
#3009=ORIENTED_EDGE('',*,*,#2114,.T.);
#3010=ORIENTED_EDGE('',*,*,#2111,.T.);
#3011=ORIENTED_EDGE('',*,*,#2057,.T.);
#3012=ORIENTED_EDGE('',*,*,#2061,.T.);
#3013=ORIENTED_EDGE('',*,*,#2064,.T.);
#3014=ORIENTED_EDGE('',*,*,#2067,.T.);
#3015=ORIENTED_EDGE('',*,*,#2045,.T.);
#3016=ORIENTED_EDGE('',*,*,#2049,.T.);
#3017=ORIENTED_EDGE('',*,*,#2052,.T.);
#3018=ORIENTED_EDGE('',*,*,#2055,.T.);
#3019=ORIENTED_EDGE('',*,*,#2033,.T.);
#3020=ORIENTED_EDGE('',*,*,#2037,.T.);
#3021=ORIENTED_EDGE('',*,*,#2040,.T.);
#3022=ORIENTED_EDGE('',*,*,#2043,.T.);
#3023=ORIENTED_EDGE('',*,*,#2021,.T.);
#3024=ORIENTED_EDGE('',*,*,#2025,.T.);
#3025=ORIENTED_EDGE('',*,*,#2028,.T.);
#3026=ORIENTED_EDGE('',*,*,#2031,.T.);
#3027=ORIENTED_EDGE('',*,*,#1997,.T.);
#3028=ORIENTED_EDGE('',*,*,#2001,.T.);
#3029=ORIENTED_EDGE('',*,*,#2004,.T.);
#3030=ORIENTED_EDGE('',*,*,#2007,.T.);
#3031=ORIENTED_EDGE('',*,*,#2128,.F.);
#3032=ORIENTED_EDGE('',*,*,#2130,.F.);
#3033=ORIENTED_EDGE('',*,*,#1917,.F.);
#3034=ORIENTED_EDGE('',*,*,#2126,.F.);
#3035=ORIENTED_EDGE('',*,*,#2122,.T.);
#3036=ORIENTED_EDGE('',*,*,#1918,.F.);
#3037=ORIENTED_EDGE('',*,*,#2130,.T.);
#3038=ORIENTED_EDGE('',*,*,#2127,.F.);
#3039=ORIENTED_EDGE('',*,*,#1994,.T.);
#3040=ORIENTED_EDGE('',*,*,#1996,.T.);
#3041=ORIENTED_EDGE('',*,*,#1989,.T.);
#3042=ORIENTED_EDGE('',*,*,#1992,.T.);
#3043=ORIENTED_EDGE('',*,*,#2129,.F.);
#3044=ORIENTED_EDGE('',*,*,#1986,.F.);
#3045=ORIENTED_EDGE('',*,*,#1925,.F.);
#3046=ORIENTED_EDGE('',*,*,#1969,.F.);
#3047=ORIENTED_EDGE('',*,*,#1745,.T.);
#3048=ORIENTED_EDGE('',*,*,#1774,.T.);
#3049=ORIENTED_EDGE('',*,*,#1811,.T.);
#3050=ORIENTED_EDGE('',*,*,#1851,.T.);
#3051=ORIENTED_EDGE('',*,*,#1937,.F.);
#3052=ORIENTED_EDGE('',*,*,#1909,.F.);
#3053=ORIENTED_EDGE('',*,*,#1902,.F.);
#3054=ORIENTED_EDGE('',*,*,#1845,.T.);
#3055=ORIENTED_EDGE('',*,*,#1839,.T.);
#3056=ORIENTED_EDGE('',*,*,#1756,.T.);
#3057=ORIENTED_EDGE('',*,*,#1802,.T.);
#3058=ORIENTED_EDGE('',*,*,#1677,.T.);
#3059=ORIENTED_EDGE('',*,*,#1750,.T.);
#3060=ORIENTED_EDGE('',*,*,#1763,.T.);
#3061=ORIENTED_EDGE('',*,*,#1818,.T.);
#3062=ORIENTED_EDGE('',*,*,#1848,.T.);
#3063=ORIENTED_EDGE('',*,*,#1835,.T.);
#3064=ORIENTED_EDGE('',*,*,#1759,.T.);
#3065=ORIENTED_EDGE('',*,*,#1800,.T.);
#3066=ORIENTED_EDGE('',*,*,#1673,.T.);
#3067=PLANE('',#3415);
#3068=PLANE('',#3416);
#3069=PLANE('',#3417);
#3070=PLANE('',#3418);
#3071=PLANE('',#3419);
#3072=PLANE('',#3420);
#3073=PLANE('',#3421);
#3074=PLANE('',#3422);
#3075=PLANE('',#3423);
#3076=PLANE('',#3424);
#3077=PLANE('',#3425);
#3078=PLANE('',#3426);
#3079=PLANE('',#3427);
#3080=PLANE('',#3428);
#3081=PLANE('',#3429);
#3082=PLANE('',#3430);
#3083=PLANE('',#3431);
#3084=PLANE('',#3432);
#3085=PLANE('',#3433);
#3086=PLANE('',#3434);
#3087=PLANE('',#3435);
#3088=PLANE('',#3436);
#3089=PLANE('',#3437);
#3090=PLANE('',#3438);
#3091=PLANE('',#3439);
#3092=PLANE('',#3440);
#3093=PLANE('',#3441);
#3094=PLANE('',#3442);
#3095=PLANE('',#3443);
#3096=PLANE('',#3444);
#3097=PLANE('',#3445);
#3098=PLANE('',#3446);
#3099=PLANE('',#3447);
#3100=PLANE('',#3448);
#3101=PLANE('',#3449);
#3102=PLANE('',#3450);
#3103=PLANE('',#3451);
#3104=PLANE('',#3452);
#3105=PLANE('',#3453);
#3106=PLANE('',#3454);
#3107=PLANE('',#3455);
#3108=PLANE('',#3456);
#3109=PLANE('',#3457);
#3110=PLANE('',#3458);
#3111=PLANE('',#3459);
#3112=PLANE('',#3460);
#3113=PLANE('',#3461);
#3114=PLANE('',#3462);
#3115=PLANE('',#3463);
#3116=PLANE('',#3464);
#3117=PLANE('',#3465);
#3118=PLANE('',#3466);
#3119=PLANE('',#3467);
#3120=PLANE('',#3470);
#3121=PLANE('',#3471);
#3122=PLANE('',#3474);
#3123=PLANE('',#3475);
#3124=PLANE('',#3478);
#3125=PLANE('',#3479);
#3126=PLANE('',#3482);
#3127=PLANE('',#3484);
#3128=PLANE('',#3485);
#3129=PLANE('',#3486);
#3130=PLANE('',#3487);
#3131=PLANE('',#3489);
#3132=PLANE('',#3490);
#3133=PLANE('',#3491);
#3134=PLANE('',#3492);
#3135=PLANE('',#3494);
#3136=PLANE('',#3495);
#3137=PLANE('',#3496);
#3138=PLANE('',#3497);
#3139=PLANE('',#3498);
#3140=PLANE('',#3500);
#3141=PLANE('',#3501);
#3142=PLANE('',#3511);
#3143=PLANE('',#3523);
#3144=PLANE('',#3524);
#3145=PLANE('',#3525);
#3146=PLANE('',#3526);
#3147=PLANE('',#3527);
#3148=PLANE('',#3528);
#3149=PLANE('',#3529);
#3150=PLANE('',#3530);
#3151=PLANE('',#3531);
#3152=PLANE('',#3532);
#3153=PLANE('',#3533);
#3154=PLANE('',#3534);
#3155=PLANE('',#3535);
#3156=PLANE('',#3536);
#3157=PLANE('',#3537);
#3158=PLANE('',#3538);
#3159=PLANE('',#3539);
#3160=PLANE('',#3540);
#3161=PLANE('',#3541);
#3162=PLANE('',#3542);
#3163=PLANE('',#3543);
#3164=PLANE('',#3544);
#3165=PLANE('',#3545);
#3166=PLANE('',#3546);
#3167=PLANE('',#3547);
#3168=PLANE('',#3548);
#3169=PLANE('',#3549);
#3170=PLANE('',#3550);
#3171=PLANE('',#3551);
#3172=PLANE('',#3552);
#3173=PLANE('',#3553);
#3174=PLANE('',#3554);
#3175=PLANE('',#3555);
#3176=PLANE('',#3556);
#3177=PLANE('',#3557);
#3178=PLANE('',#3558);
#3179=PLANE('',#3559);
#3180=PLANE('',#3560);
#3181=PLANE('',#3561);
#3182=PLANE('',#3562);
#3183=PLANE('',#3563);
#3184=PLANE('',#3564);
#3185=PLANE('',#3565);
#3186=PLANE('',#3566);
#3187=PLANE('',#3567);
#3188=PLANE('',#3568);
#3189=PLANE('',#3569);
#3190=PLANE('',#3570);
#3191=PLANE('',#3571);
#3192=PLANE('',#3572);
#3193=PLANE('',#3573);
#3194=PLANE('',#3574);
#3195=PLANE('',#3575);
#3196=PLANE('',#3576);
#3197=PLANE('',#3577);
#3198=PLANE('',#3578);
#3199=PLANE('',#3579);
#3200=PLANE('',#3582);
#3201=PLANE('',#3586);
#3202=PLANE('',#3590);
#3203=PLANE('',#3594);
#3204=PLANE('',#3606);
#3205=PLANE('',#3609);
#3206=PLANE('',#3612);
#3207=PLANE('',#3615);
#3208=PLANE('',#3619);
#3209=PLANE('',#3623);
#3210=PLANE('',#3627);
#3211=PLANE('',#3631);
#3212=PLANE('',#3635);
#3213=PLANE('',#3639);
#3214=PLANE('',#3643);
#3215=PLANE('',#3647);
#3216=PLANE('',#3652);
#3217=PLANE('',#3653);
#3218=PLANE('',#3657);
#3219=PLANE('',#3659);
#3220=ADVANCED_FACE('',(#144),#3067,.F.);
#3221=ADVANCED_FACE('',(#145,#107),#3068,.T.);
#3222=ADVANCED_FACE('',(#146,#108),#3069,.T.);
#3223=ADVANCED_FACE('',(#147),#3070,.F.);
#3224=ADVANCED_FACE('',(#148),#3071,.F.);
#3225=ADVANCED_FACE('',(#149),#3072,.F.);
#3226=ADVANCED_FACE('',(#150),#3073,.F.);
#3227=ADVANCED_FACE('',(#151),#3074,.F.);
#3228=ADVANCED_FACE('',(#152),#3075,.F.);
#3229=ADVANCED_FACE('',(#153),#3076,.F.);
#3230=ADVANCED_FACE('',(#154),#3077,.F.);
#3231=ADVANCED_FACE('',(#155),#3078,.T.);
#3232=ADVANCED_FACE('',(#156),#3079,.T.);
#3233=ADVANCED_FACE('',(#157),#3080,.T.);
#3234=ADVANCED_FACE('',(#158),#3081,.T.);
#3235=ADVANCED_FACE('',(#159),#3082,.T.);
#3236=ADVANCED_FACE('',(#160),#3083,.T.);
#3237=ADVANCED_FACE('',(#161),#3084,.T.);
#3238=ADVANCED_FACE('',(#162),#3085,.T.);
#3239=ADVANCED_FACE('',(#163),#3086,.F.);
#3240=ADVANCED_FACE('',(#164),#3087,.F.);
#3241=ADVANCED_FACE('',(#165),#3088,.F.);
#3242=ADVANCED_FACE('',(#166),#3089,.F.);
#3243=ADVANCED_FACE('',(#167),#3090,.F.);
#3244=ADVANCED_FACE('',(#168),#3091,.F.);
#3245=ADVANCED_FACE('',(#169),#3092,.F.);
#3246=ADVANCED_FACE('',(#170),#3093,.F.);
#3247=ADVANCED_FACE('',(#171),#3094,.F.);
#3248=ADVANCED_FACE('',(#172),#3095,.F.);
#3249=ADVANCED_FACE('',(#173),#3096,.F.);
#3250=ADVANCED_FACE('',(#174),#3097,.F.);
#3251=ADVANCED_FACE('',(#175),#3098,.F.);
#3252=ADVANCED_FACE('',(#176),#3099,.F.);
#3253=ADVANCED_FACE('',(#177),#3100,.F.);
#3254=ADVANCED_FACE('',(#178),#3101,.F.);
#3255=ADVANCED_FACE('',(#179),#3102,.F.);
#3256=ADVANCED_FACE('',(#180),#3103,.F.);
#3257=ADVANCED_FACE('',(#181),#3104,.F.);
#3258=ADVANCED_FACE('',(#182),#3105,.F.);
#3259=ADVANCED_FACE('',(#183),#3106,.F.);
#3260=ADVANCED_FACE('',(#184),#3107,.F.);
#3261=ADVANCED_FACE('',(#185),#3108,.F.);
#3262=ADVANCED_FACE('',(#186),#3109,.F.);
#3263=ADVANCED_FACE('',(#187),#3110,.F.);
#3264=ADVANCED_FACE('',(#188),#3111,.F.);
#3265=ADVANCED_FACE('',(#189),#3112,.F.);
#3266=ADVANCED_FACE('',(#190),#3113,.F.);
#3267=ADVANCED_FACE('',(#191),#3114,.F.);
#3268=ADVANCED_FACE('',(#192),#3115,.F.);
#3269=ADVANCED_FACE('',(#193),#3116,.F.);
#3270=ADVANCED_FACE('',(#194),#3117,.F.);
#3271=ADVANCED_FACE('',(#195),#3118,.F.);
#3272=ADVANCED_FACE('',(#196,#109),#3119,.F.);
#3273=ADVANCED_FACE('',(#197),#3120,.F.);
#3274=ADVANCED_FACE('',(#198,#110),#3121,.F.);
#3275=ADVANCED_FACE('',(#199),#3122,.F.);
#3276=ADVANCED_FACE('',(#200,#111),#3123,.F.);
#3277=ADVANCED_FACE('',(#201),#3124,.F.);
#3278=ADVANCED_FACE('',(#202,#112),#3125,.F.);
#3279=ADVANCED_FACE('',(#203),#3126,.T.);
#3280=ADVANCED_FACE('',(#204),#3127,.F.);
#3281=ADVANCED_FACE('',(#205),#3128,.F.);
#3282=ADVANCED_FACE('',(#206),#3129,.F.);
#3283=ADVANCED_FACE('',(#207),#3130,.T.);
#3284=ADVANCED_FACE('',(#208),#3131,.F.);
#3285=ADVANCED_FACE('',(#209),#3132,.F.);
#3286=ADVANCED_FACE('',(#210),#3133,.F.);
#3287=ADVANCED_FACE('',(#211),#3134,.T.);
#3288=ADVANCED_FACE('',(#212),#3135,.F.);
#3289=ADVANCED_FACE('',(#213),#3136,.F.);
#3290=ADVANCED_FACE('',(#214),#3137,.F.);
#3291=ADVANCED_FACE('',(#215),#3138,.F.);
#3292=ADVANCED_FACE('',(#216),#3139,.T.);
#3293=ADVANCED_FACE('',(#217),#3140,.F.);
#3294=ADVANCED_FACE('',(#218),#3141,.F.);
#3295=ADVANCED_FACE('',(#219),#15,.T.);
#3296=ADVANCED_FACE('',(#220),#16,.T.);
#3297=ADVANCED_FACE('',(#221),#17,.T.);
#3298=ADVANCED_FACE('',(#222,#113,#114,#115,#116,#117),#3142,.T.);
#3299=ADVANCED_FACE('',(#223),#18,.T.);
#3300=ADVANCED_FACE('',(#224,#118),#3143,.T.);
#3301=ADVANCED_FACE('',(#225),#3144,.F.);
#3302=ADVANCED_FACE('',(#226),#3145,.F.);
#3303=ADVANCED_FACE('',(#227),#3146,.F.);
#3304=ADVANCED_FACE('',(#228),#3147,.T.);
#3305=ADVANCED_FACE('',(#229,#119),#3148,.F.);
#3306=ADVANCED_FACE('',(#230),#3149,.F.);
#3307=ADVANCED_FACE('',(#231),#3150,.F.);
#3308=ADVANCED_FACE('',(#232),#3151,.T.);
#3309=ADVANCED_FACE('',(#233),#3152,.F.);
#3310=ADVANCED_FACE('',(#234),#3153,.T.);
#3311=ADVANCED_FACE('',(#235),#3154,.F.);
#3312=ADVANCED_FACE('',(#236),#3155,.F.);
#3313=ADVANCED_FACE('',(#237),#3156,.F.);
#3314=ADVANCED_FACE('',(#238),#3157,.F.);
#3315=ADVANCED_FACE('',(#239),#3158,.T.);
#3316=ADVANCED_FACE('',(#240),#3159,.F.);
#3317=ADVANCED_FACE('',(#241),#3160,.F.);
#3318=ADVANCED_FACE('',(#242),#3161,.F.);
#3319=ADVANCED_FACE('',(#243),#3162,.T.);
#3320=ADVANCED_FACE('',(#244,#120),#3163,.F.);
#3321=ADVANCED_FACE('',(#245),#3164,.F.);
#3322=ADVANCED_FACE('',(#246),#3165,.F.);
#3323=ADVANCED_FACE('',(#247),#3166,.F.);
#3324=ADVANCED_FACE('',(#248),#3167,.F.);
#3325=ADVANCED_FACE('',(#249),#3168,.F.);
#3326=ADVANCED_FACE('',(#250),#3169,.T.);
#3327=ADVANCED_FACE('',(#251),#3170,.T.);
#3328=ADVANCED_FACE('',(#252),#3171,.T.);
#3329=ADVANCED_FACE('',(#253),#3172,.T.);
#3330=ADVANCED_FACE('',(#254),#3173,.T.);
#3331=ADVANCED_FACE('',(#255),#3174,.T.);
#3332=ADVANCED_FACE('',(#256),#3175,.T.);
#3333=ADVANCED_FACE('',(#257),#3176,.T.);
#3334=ADVANCED_FACE('',(#258),#3177,.T.);
#3335=ADVANCED_FACE('',(#259),#3178,.T.);
#3336=ADVANCED_FACE('',(#260),#3179,.T.);
#3337=ADVANCED_FACE('',(#261),#3180,.T.);
#3338=ADVANCED_FACE('',(#262),#3181,.T.);
#3339=ADVANCED_FACE('',(#263),#3182,.T.);
#3340=ADVANCED_FACE('',(#264),#3183,.T.);
#3341=ADVANCED_FACE('',(#265),#3184,.T.);
#3342=ADVANCED_FACE('',(#266),#3185,.T.);
#3343=ADVANCED_FACE('',(#267),#3186,.T.);
#3344=ADVANCED_FACE('',(#268),#3187,.T.);
#3345=ADVANCED_FACE('',(#269),#3188,.T.);
#3346=ADVANCED_FACE('',(#270),#3189,.T.);
#3347=ADVANCED_FACE('',(#271),#3190,.T.);
#3348=ADVANCED_FACE('',(#272),#3191,.T.);
#3349=ADVANCED_FACE('',(#273),#3192,.T.);
#3350=ADVANCED_FACE('',(#274),#3193,.T.);
#3351=ADVANCED_FACE('',(#275),#3194,.T.);
#3352=ADVANCED_FACE('',(#276),#3195,.T.);
#3353=ADVANCED_FACE('',(#277),#3196,.T.);
#3354=ADVANCED_FACE('',(#278),#3197,.T.);
#3355=ADVANCED_FACE('',(#279),#3198,.T.);
#3356=ADVANCED_FACE('',(#280),#3199,.T.);
#3357=ADVANCED_FACE('',(#281),#19,.F.);
#3358=ADVANCED_FACE('',(#282,#121),#3200,.F.);
#3359=ADVANCED_FACE('',(#283),#20,.F.);
#3360=ADVANCED_FACE('',(#284,#122),#3201,.F.);
#3361=ADVANCED_FACE('',(#285),#21,.F.);
#3362=ADVANCED_FACE('',(#286,#123),#3202,.F.);
#3363=ADVANCED_FACE('',(#287),#22,.F.);
#3364=ADVANCED_FACE('',(#288,#124),#3203,.F.);
#3365=ADVANCED_FACE('',(#289),#23,.F.);
#3366=ADVANCED_FACE('',(#290),#24,.F.);
#3367=ADVANCED_FACE('',(#291),#25,.F.);
#3368=ADVANCED_FACE('',(#292),#26,.F.);
#3369=ADVANCED_FACE('',(#293),#27,.F.);
#3370=ADVANCED_FACE('',(#294,#125),#3204,.T.);
#3371=ADVANCED_FACE('',(#295),#28,.F.);
#3372=ADVANCED_FACE('',(#296,#126),#3205,.T.);
#3373=ADVANCED_FACE('',(#297),#29,.F.);
#3374=ADVANCED_FACE('',(#298,#127),#3206,.T.);
#3375=ADVANCED_FACE('',(#299),#30,.F.);
#3376=ADVANCED_FACE('',(#300,#128),#3207,.T.);
#3377=ADVANCED_FACE('',(#301),#31,.F.);
#3378=ADVANCED_FACE('',(#302),#3208,.T.);
#3379=ADVANCED_FACE('',(#303),#32,.F.);
#3380=ADVANCED_FACE('',(#304),#3209,.T.);
#3381=ADVANCED_FACE('',(#305),#33,.F.);
#3382=ADVANCED_FACE('',(#306),#3210,.T.);
#3383=ADVANCED_FACE('',(#307),#34,.F.);
#3384=ADVANCED_FACE('',(#308),#3211,.T.);
#3385=ADVANCED_FACE('',(#309),#35,.T.);
#3386=ADVANCED_FACE('',(#310,#129),#3212,.T.);
#3387=ADVANCED_FACE('',(#311),#36,.T.);
#3388=ADVANCED_FACE('',(#312,#130),#3213,.T.);
#3389=ADVANCED_FACE('',(#313),#37,.T.);
#3390=ADVANCED_FACE('',(#314,#131),#3214,.T.);
#3391=ADVANCED_FACE('',(#315),#38,.T.);
#3392=ADVANCED_FACE('',(#316,#132),#3215,.T.);
#3393=ADVANCED_FACE('',(#317),#39,.F.);
#3394=ADVANCED_FACE('',(#318),#40,.F.);
#3395=ADVANCED_FACE('',(#319),#3216,.F.);
#3396=ADVANCED_FACE('',(#320,#133,#134,#135,#136,#137,#138,#139,#140,#141,
#142),#3217,.T.);
#3397=ADVANCED_FACE('',(#321),#41,.F.);
#3398=ADVANCED_FACE('',(#322,#143),#3218,.F.);
#3399=ADVANCED_FACE('',(#323),#42,.F.);
#3400=ADVANCED_FACE('',(#324),#3219,.T.);
#3401=CLOSED_SHELL('',(#3220,#3221,#3222,#3223,#3224,#3225,#3226,#3227,
#3228,#3229,#3230,#3231,#3232,#3233,#3234,#3235,#3236,#3237,#3238,#3239,
#3240,#3241,#3242,#3243,#3244,#3245,#3246,#3247,#3248,#3249,#3250,#3251,
#3252,#3253,#3254,#3255,#3256,#3257,#3258,#3259,#3260,#3261,#3262,#3263,
#3264,#3265,#3266,#3267,#3268,#3269,#3270,#3271,#3272,#3273,#3274,#3275,
#3276,#3277,#3278,#3279,#3280,#3281,#3282,#3283,#3284,#3285,#3286,#3287,
#3288,#3289,#3290,#3291,#3292,#3293,#3294,#3295,#3296,#3297,#3298,#3299,
#3300,#3301,#3302,#3303,#3304,#3305,#3306,#3307,#3308,#3309,#3310,#3311,
#3312,#3313,#3314,#3315,#3316,#3317,#3318,#3319,#3320,#3321,#3322,#3323,
#3324,#3325,#3326,#3327,#3328,#3329,#3330,#3331,#3332,#3333,#3334,#3335,
#3336,#3337,#3338,#3339,#3340,#3341,#3342,#3343,#3344,#3345,#3346,#3347,
#3348,#3349,#3350,#3351,#3352,#3353,#3354,#3355,#3356,#3357,#3358,#3359,
#3360,#3361,#3362,#3363,#3364,#3365,#3366,#3367,#3368,#3369,#3370,#3371,
#3372,#3373,#3374,#3375,#3376,#3377,#3378,#3379,#3380,#3381,#3382,#3383,
#3384,#3385,#3386,#3387,#3388,#3389,#3390,#3391,#3392,#3393,#3394,#3395,
#3396,#3397,#3398,#3399,#3400));
#3402=DERIVED_UNIT_ELEMENT(#3404,1.);
#3403=DERIVED_UNIT_ELEMENT(#5523,-3.);
#3404=(
MASS_UNIT()
NAMED_UNIT(*)
SI_UNIT(.KILO.,.GRAM.)
);
#3405=DERIVED_UNIT((#3402,#3403));
#3406=MEASURE_REPRESENTATION_ITEM('density measure',
POSITIVE_RATIO_MEASURE(7850.),#3405);
#3407=PROPERTY_DEFINITION_REPRESENTATION(#3412,#3409);
#3408=PROPERTY_DEFINITION_REPRESENTATION(#3413,#3410);
#3409=REPRESENTATION('material name',(#3411),#5520);
#3410=REPRESENTATION('density',(#3406),#5520);
#3411=DESCRIPTIVE_REPRESENTATION_ITEM('Steel','Steel');
#3412=PROPERTY_DEFINITION('material property','material name',#5530);
#3413=PROPERTY_DEFINITION('material property','density of part',#5530);
#3414=AXIS2_PLACEMENT_3D('',#4556,#3660,#3661);
#3415=AXIS2_PLACEMENT_3D('',#4557,#3662,#3663);
#3416=AXIS2_PLACEMENT_3D('',#4614,#3692,#3693);
#3417=AXIS2_PLACEMENT_3D('',#4657,#3716,#3717);
#3418=AXIS2_PLACEMENT_3D('',#4700,#3740,#3741);
#3419=AXIS2_PLACEMENT_3D('',#4706,#3745,#3746);
#3420=AXIS2_PLACEMENT_3D('',#4710,#3749,#3750);
#3421=AXIS2_PLACEMENT_3D('',#4716,#3754,#3755);
#3422=AXIS2_PLACEMENT_3D('',#4720,#3758,#3759);
#3423=AXIS2_PLACEMENT_3D('',#4726,#3763,#3764);
#3424=AXIS2_PLACEMENT_3D('',#4730,#3767,#3768);
#3425=AXIS2_PLACEMENT_3D('',#4736,#3772,#3773);
#3426=AXIS2_PLACEMENT_3D('',#4740,#3776,#3777);
#3427=AXIS2_PLACEMENT_3D('',#4748,#3782,#3783);
#3428=AXIS2_PLACEMENT_3D('',#4762,#3791,#3792);
#3429=AXIS2_PLACEMENT_3D('',#4771,#3798,#3799);
#3430=AXIS2_PLACEMENT_3D('',#4781,#3805,#3806);
#3431=AXIS2_PLACEMENT_3D('',#4786,#3810,#3811);
#3432=AXIS2_PLACEMENT_3D('',#4800,#3819,#3820);
#3433=AXIS2_PLACEMENT_3D('',#4809,#3826,#3827);
#3434=AXIS2_PLACEMENT_3D('',#4816,#3832,#3833);
#3435=AXIS2_PLACEMENT_3D('',#4818,#3835,#3836);
#3436=AXIS2_PLACEMENT_3D('',#4819,#3837,#3838);
#3437=AXIS2_PLACEMENT_3D('',#4820,#3839,#3840);
#3438=AXIS2_PLACEMENT_3D('',#4822,#3842,#3843);
#3439=AXIS2_PLACEMENT_3D('',#4823,#3844,#3845);
#3440=AXIS2_PLACEMENT_3D('',#4824,#3846,#3847);
#3441=AXIS2_PLACEMENT_3D('',#4827,#3850,#3851);
#3442=AXIS2_PLACEMENT_3D('',#4828,#3852,#3853);
#3443=AXIS2_PLACEMENT_3D('',#4830,#3855,#3856);
#3444=AXIS2_PLACEMENT_3D('',#4833,#3859,#3860);
#3445=AXIS2_PLACEMENT_3D('',#4834,#3861,#3862);
#3446=AXIS2_PLACEMENT_3D('',#4836,#3864,#3865);
#3447=AXIS2_PLACEMENT_3D('',#4842,#3869,#3870);
#3448=AXIS2_PLACEMENT_3D('',#4846,#3873,#3874);
#3449=AXIS2_PLACEMENT_3D('',#4852,#3878,#3879);
#3450=AXIS2_PLACEMENT_3D('',#4858,#3883,#3884);
#3451=AXIS2_PLACEMENT_3D('',#4862,#3887,#3888);
#3452=AXIS2_PLACEMENT_3D('',#4866,#3891,#3892);
#3453=AXIS2_PLACEMENT_3D('',#4872,#3896,#3897);
#3454=AXIS2_PLACEMENT_3D('',#4876,#3900,#3901);
#3455=AXIS2_PLACEMENT_3D('',#4878,#3903,#3904);
#3456=AXIS2_PLACEMENT_3D('',#4880,#3906,#3907);
#3457=AXIS2_PLACEMENT_3D('',#4884,#3910,#3911);
#3458=AXIS2_PLACEMENT_3D('',#4886,#3913,#3914);
#3459=AXIS2_PLACEMENT_3D('',#4888,#3916,#3917);
#3460=AXIS2_PLACEMENT_3D('',#4894,#3921,#3922);
#3461=AXIS2_PLACEMENT_3D('',#4896,#3924,#3925);
#3462=AXIS2_PLACEMENT_3D('',#4900,#3928,#3929);
#3463=AXIS2_PLACEMENT_3D('',#4906,#3933,#3934);
#3464=AXIS2_PLACEMENT_3D('',#4908,#3936,#3937);
#3465=AXIS2_PLACEMENT_3D('',#4914,#3941,#3942);
#3466=AXIS2_PLACEMENT_3D('',#4916,#3944,#3945);
#3467=AXIS2_PLACEMENT_3D('',#4917,#3946,#3947);
#3468=AXIS2_PLACEMENT_3D('',#4918,#3948,#3949);
#3469=AXIS2_PLACEMENT_3D('',#4920,#3950,#3951);
#3470=AXIS2_PLACEMENT_3D('',#4921,#3952,#3953);
#3471=AXIS2_PLACEMENT_3D('',#4922,#3954,#3955);
#3472=AXIS2_PLACEMENT_3D('',#4925,#3957,#3958);
#3473=AXIS2_PLACEMENT_3D('',#4927,#3959,#3960);
#3474=AXIS2_PLACEMENT_3D('',#4928,#3961,#3962);
#3475=AXIS2_PLACEMENT_3D('',#4930,#3964,#3965);
#3476=AXIS2_PLACEMENT_3D('',#4934,#3967,#3968);
#3477=AXIS2_PLACEMENT_3D('',#4937,#3970,#3971);
#3478=AXIS2_PLACEMENT_3D('',#4938,#3972,#3973);
#3479=AXIS2_PLACEMENT_3D('',#4940,#3975,#3976);
#3480=AXIS2_PLACEMENT_3D('',#4942,#3977,#3978);
#3481=AXIS2_PLACEMENT_3D('',#4945,#3980,#3981);
#3482=AXIS2_PLACEMENT_3D('',#4946,#3982,#3983);
#3483=AXIS2_PLACEMENT_3D('',#4949,#3984,#3985);
#3484=AXIS2_PLACEMENT_3D('',#4955,#3989,#3990);
#3485=AXIS2_PLACEMENT_3D('',#4961,#3994,#3995);
#3486=AXIS2_PLACEMENT_3D('',#4965,#3998,#3999);
#3487=AXIS2_PLACEMENT_3D('',#4969,#4002,#4003);
#3488=AXIS2_PLACEMENT_3D('',#4972,#4004,#4005);
#3489=AXIS2_PLACEMENT_3D('',#4978,#4009,#4010);
#3490=AXIS2_PLACEMENT_3D('',#4984,#4014,#4015);
#3491=AXIS2_PLACEMENT_3D('',#4990,#4019,#4020);
#3492=AXIS2_PLACEMENT_3D('',#4992,#4022,#4023);
#3493=AXIS2_PLACEMENT_3D('',#4995,#4024,#4025);
#3494=AXIS2_PLACEMENT_3D('',#5001,#4029,#4030);
#3495=AXIS2_PLACEMENT_3D('',#5007,#4034,#4035);
#3496=AXIS2_PLACEMENT_3D('',#5011,#4038,#4039);
#3497=AXIS2_PLACEMENT_3D('',#5015,#4042,#4043);
#3498=AXIS2_PLACEMENT_3D('',#5024,#4048,#4049);
#3499=AXIS2_PLACEMENT_3D('',#5026,#4050,#4051);
#3500=AXIS2_PLACEMENT_3D('',#5030,#4054,#4055);
#3501=AXIS2_PLACEMENT_3D('',#5034,#4058,#4059);
#3502=AXIS2_PLACEMENT_3D('',#5038,#4062,#4063);
#3503=AXIS2_PLACEMENT_3D('',#5039,#4064,#4065);
#3504=AXIS2_PLACEMENT_3D('',#5042,#4067,#4068);
#3505=AXIS2_PLACEMENT_3D('',#5043,#4069,#4070);
#3506=AXIS2_PLACEMENT_3D('',#5045,#4071,#4072);
#3507=AXIS2_PLACEMENT_3D('',#5047,#4074,#4075);
#3508=AXIS2_PLACEMENT_3D('',#5048,#4076,#4077);
#3509=AXIS2_PLACEMENT_3D('',#5049,#4078,#4079);
#3510=AXIS2_PLACEMENT_3D('',#5050,#4080,#4081);
#3511=AXIS2_PLACEMENT_3D('',#5051,#4082,#4083);
#3512=AXIS2_PLACEMENT_3D('',#5054,#4085,#4086);
#3513=AXIS2_PLACEMENT_3D('',#5056,#4087,#4088);
#3514=AXIS2_PLACEMENT_3D('',#5068,#4094,#4095);
#3515=AXIS2_PLACEMENT_3D('',#5072,#4097,#4098);
#3516=AXIS2_PLACEMENT_3D('',#5084,#4104,#4105);
#3517=AXIS2_PLACEMENT_3D('',#5096,#4111,#4112);
#3518=AXIS2_PLACEMENT_3D('',#5099,#4114,#4115);
#3519=AXIS2_PLACEMENT_3D('',#5101,#4116,#4117);
#3520=AXIS2_PLACEMENT_3D('',#5103,#4118,#4119);
#3521=AXIS2_PLACEMENT_3D('',#5105,#4120,#4121);
#3522=AXIS2_PLACEMENT_3D('',#5106,#4122,#4123);
#3523=AXIS2_PLACEMENT_3D('',#5109,#4126,#4127);
#3524=AXIS2_PLACEMENT_3D('',#5118,#4132,#4133);
#3525=AXIS2_PLACEMENT_3D('',#5124,#4137,#4138);
#3526=AXIS2_PLACEMENT_3D('',#5128,#4141,#4142);
#3527=AXIS2_PLACEMENT_3D('',#5132,#4145,#4146);
#3528=AXIS2_PLACEMENT_3D('',#5134,#4148,#4149);
#3529=AXIS2_PLACEMENT_3D('',#5140,#4153,#4154);
#3530=AXIS2_PLACEMENT_3D('',#5144,#4157,#4158);
#3531=AXIS2_PLACEMENT_3D('',#5148,#4161,#4162);
#3532=AXIS2_PLACEMENT_3D('',#5150,#4164,#4165);
#3533=AXIS2_PLACEMENT_3D('',#5156,#4169,#4170);
#3534=AXIS2_PLACEMENT_3D('',#5162,#4174,#4175);
#3535=AXIS2_PLACEMENT_3D('',#5165,#4178,#4179);
#3536=AXIS2_PLACEMENT_3D('',#5166,#4180,#4181);
#3537=AXIS2_PLACEMENT_3D('',#5172,#4185,#4186);
#3538=AXIS2_PLACEMENT_3D('',#5178,#4190,#4191);
#3539=AXIS2_PLACEMENT_3D('',#5182,#4194,#4195);
#3540=AXIS2_PLACEMENT_3D('',#5186,#4198,#4199);
#3541=AXIS2_PLACEMENT_3D('',#5188,#4201,#4202);
#3542=AXIS2_PLACEMENT_3D('',#5194,#4206,#4207);
#3543=AXIS2_PLACEMENT_3D('',#5200,#4211,#4212);
#3544=AXIS2_PLACEMENT_3D('',#5202,#4214,#4215);
#3545=AXIS2_PLACEMENT_3D('',#5204,#4217,#4218);
#3546=AXIS2_PLACEMENT_3D('',#5210,#4222,#4223);
#3547=AXIS2_PLACEMENT_3D('',#5216,#4227,#4228);
#3548=AXIS2_PLACEMENT_3D('',#5220,#4231,#4232);
#3549=AXIS2_PLACEMENT_3D('',#5224,#4235,#4236);
#3550=AXIS2_PLACEMENT_3D('',#5226,#4238,#4239);
#3551=AXIS2_PLACEMENT_3D('',#5235,#4244,#4245);
#3552=AXIS2_PLACEMENT_3D('',#5241,#4249,#4250);
#3553=AXIS2_PLACEMENT_3D('',#5247,#4254,#4255);
#3554=AXIS2_PLACEMENT_3D('',#5250,#4258,#4259);
#3555=AXIS2_PLACEMENT_3D('',#5251,#4260,#4261);
#3556=AXIS2_PLACEMENT_3D('',#5260,#4266,#4267);
#3557=AXIS2_PLACEMENT_3D('',#5266,#4271,#4272);
#3558=AXIS2_PLACEMENT_3D('',#5272,#4276,#4277);
#3559=AXIS2_PLACEMENT_3D('',#5275,#4280,#4281);
#3560=AXIS2_PLACEMENT_3D('',#5276,#4282,#4283);
#3561=AXIS2_PLACEMENT_3D('',#5285,#4288,#4289);
#3562=AXIS2_PLACEMENT_3D('',#5291,#4293,#4294);
#3563=AXIS2_PLACEMENT_3D('',#5297,#4298,#4299);
#3564=AXIS2_PLACEMENT_3D('',#5300,#4302,#4303);
#3565=AXIS2_PLACEMENT_3D('',#5301,#4304,#4305);
#3566=AXIS2_PLACEMENT_3D('',#5310,#4310,#4311);
#3567=AXIS2_PLACEMENT_3D('',#5316,#4315,#4316);
#3568=AXIS2_PLACEMENT_3D('',#5322,#4320,#4321);
#3569=AXIS2_PLACEMENT_3D('',#5325,#4324,#4325);
#3570=AXIS2_PLACEMENT_3D('',#5326,#4326,#4327);
#3571=AXIS2_PLACEMENT_3D('',#5335,#4332,#4333);
#3572=AXIS2_PLACEMENT_3D('',#5341,#4337,#4338);
#3573=AXIS2_PLACEMENT_3D('',#5347,#4342,#4343);
#3574=AXIS2_PLACEMENT_3D('',#5350,#4346,#4347);
#3575=AXIS2_PLACEMENT_3D('',#5351,#4348,#4349);
#3576=AXIS2_PLACEMENT_3D('',#5360,#4354,#4355);
#3577=AXIS2_PLACEMENT_3D('',#5366,#4359,#4360);
#3578=AXIS2_PLACEMENT_3D('',#5372,#4364,#4365);
#3579=AXIS2_PLACEMENT_3D('',#5375,#4368,#4369);
#3580=AXIS2_PLACEMENT_3D('',#5376,#4370,#4371);
#3581=AXIS2_PLACEMENT_3D('',#5379,#4373,#4374);
#3582=AXIS2_PLACEMENT_3D('',#5380,#4375,#4376);
#3583=AXIS2_PLACEMENT_3D('',#5382,#4377,#4378);
#3584=AXIS2_PLACEMENT_3D('',#5383,#4379,#4380);
#3585=AXIS2_PLACEMENT_3D('',#5386,#4382,#4383);
#3586=AXIS2_PLACEMENT_3D('',#5387,#4384,#4385);
#3587=AXIS2_PLACEMENT_3D('',#5389,#4386,#4387);
#3588=AXIS2_PLACEMENT_3D('',#5390,#4388,#4389);
#3589=AXIS2_PLACEMENT_3D('',#5393,#4391,#4392);
#3590=AXIS2_PLACEMENT_3D('',#5394,#4393,#4394);
#3591=AXIS2_PLACEMENT_3D('',#5396,#4395,#4396);
#3592=AXIS2_PLACEMENT_3D('',#5397,#4397,#4398);
#3593=AXIS2_PLACEMENT_3D('',#5400,#4400,#4401);
#3594=AXIS2_PLACEMENT_3D('',#5401,#4402,#4403);
#3595=AXIS2_PLACEMENT_3D('',#5403,#4404,#4405);
#3596=AXIS2_PLACEMENT_3D('',#5404,#4406,#4407);
#3597=AXIS2_PLACEMENT_3D('',#5407,#4409,#4410);
#3598=AXIS2_PLACEMENT_3D('',#5408,#4411,#4412);
#3599=AXIS2_PLACEMENT_3D('',#5411,#4414,#4415);
#3600=AXIS2_PLACEMENT_3D('',#5412,#4416,#4417);
#3601=AXIS2_PLACEMENT_3D('',#5415,#4419,#4420);
#3602=AXIS2_PLACEMENT_3D('',#5416,#4421,#4422);
#3603=AXIS2_PLACEMENT_3D('',#5419,#4424,#4425);
#3604=AXIS2_PLACEMENT_3D('',#5420,#4426,#4427);
#3605=AXIS2_PLACEMENT_3D('',#5423,#4429,#4430);
#3606=AXIS2_PLACEMENT_3D('',#5424,#4431,#4432);
#3607=AXIS2_PLACEMENT_3D('',#5425,#4433,#4434);
#3608=AXIS2_PLACEMENT_3D('',#5428,#4436,#4437);
#3609=AXIS2_PLACEMENT_3D('',#5429,#4438,#4439);
#3610=AXIS2_PLACEMENT_3D('',#5430,#4440,#4441);
#3611=AXIS2_PLACEMENT_3D('',#5433,#4443,#4444);
#3612=AXIS2_PLACEMENT_3D('',#5434,#4445,#4446);
#3613=AXIS2_PLACEMENT_3D('',#5435,#4447,#4448);
#3614=AXIS2_PLACEMENT_3D('',#5438,#4450,#4451);
#3615=AXIS2_PLACEMENT_3D('',#5439,#4452,#4453);
#3616=AXIS2_PLACEMENT_3D('',#5440,#4454,#4455);
#3617=AXIS2_PLACEMENT_3D('',#5442,#4456,#4457);
#3618=AXIS2_PLACEMENT_3D('',#5445,#4459,#4460);
#3619=AXIS2_PLACEMENT_3D('',#5446,#4461,#4462);
#3620=AXIS2_PLACEMENT_3D('',#5447,#4463,#4464);
#3621=AXIS2_PLACEMENT_3D('',#5449,#4465,#4466);
#3622=AXIS2_PLACEMENT_3D('',#5452,#4468,#4469);
#3623=AXIS2_PLACEMENT_3D('',#5453,#4470,#4471);
#3624=AXIS2_PLACEMENT_3D('',#5454,#4472,#4473);
#3625=AXIS2_PLACEMENT_3D('',#5456,#4474,#4475);
#3626=AXIS2_PLACEMENT_3D('',#5459,#4477,#4478);
#3627=AXIS2_PLACEMENT_3D('',#5460,#4479,#4480);
#3628=AXIS2_PLACEMENT_3D('',#5461,#4481,#4482);
#3629=AXIS2_PLACEMENT_3D('',#5463,#4483,#4484);
#3630=AXIS2_PLACEMENT_3D('',#5466,#4486,#4487);
#3631=AXIS2_PLACEMENT_3D('',#5467,#4488,#4489);
#3632=AXIS2_PLACEMENT_3D('',#5468,#4490,#4491);
#3633=AXIS2_PLACEMENT_3D('',#5470,#4492,#4493);
#3634=AXIS2_PLACEMENT_3D('',#5473,#4495,#4496);
#3635=AXIS2_PLACEMENT_3D('',#5474,#4497,#4498);
#3636=AXIS2_PLACEMENT_3D('',#5475,#4499,#4500);
#3637=AXIS2_PLACEMENT_3D('',#5477,#4501,#4502);
#3638=AXIS2_PLACEMENT_3D('',#5480,#4504,#4505);
#3639=AXIS2_PLACEMENT_3D('',#5481,#4506,#4507);
#3640=AXIS2_PLACEMENT_3D('',#5482,#4508,#4509);
#3641=AXIS2_PLACEMENT_3D('',#5484,#4510,#4511);
#3642=AXIS2_PLACEMENT_3D('',#5487,#4513,#4514);
#3643=AXIS2_PLACEMENT_3D('',#5488,#4515,#4516);
#3644=AXIS2_PLACEMENT_3D('',#5489,#4517,#4518);
#3645=AXIS2_PLACEMENT_3D('',#5491,#4519,#4520);
#3646=AXIS2_PLACEMENT_3D('',#5494,#4522,#4523);
#3647=AXIS2_PLACEMENT_3D('',#5495,#4524,#4525);
#3648=AXIS2_PLACEMENT_3D('',#5496,#4526,#4527);
#3649=AXIS2_PLACEMENT_3D('',#5498,#4528,#4529);
#3650=AXIS2_PLACEMENT_3D('',#5500,#4531,#4532);
#3651=AXIS2_PLACEMENT_3D('',#5502,#4533,#4534);
#3652=AXIS2_PLACEMENT_3D('',#5504,#4536,#4537);
#3653=AXIS2_PLACEMENT_3D('',#5508,#4540,#4541);
#3654=AXIS2_PLACEMENT_3D('',#5511,#4543,#4544);
#3655=AXIS2_PLACEMENT_3D('',#5512,#4545,#4546);
#3656=AXIS2_PLACEMENT_3D('',#5513,#4547,#4548);
#3657=AXIS2_PLACEMENT_3D('',#5515,#4550,#4551);
#3658=AXIS2_PLACEMENT_3D('',#5516,#4552,#4553);
#3659=AXIS2_PLACEMENT_3D('',#5517,#4554,#4555);
#3660=DIRECTION('axis',(0.,0.,1.));
#3661=DIRECTION('refdir',(1.,0.,0.));
#3662=DIRECTION('center_axis',(0.,0.,1.));
#3663=DIRECTION('ref_axis',(1.,0.,0.));
#3664=DIRECTION('',(0.,1.,0.));
#3665=DIRECTION('',(1.,0.,0.));
#3666=DIRECTION('',(0.,1.,0.));
#3667=DIRECTION('',(1.,0.,0.));
#3668=DIRECTION('',(0.,-1.,0.));
#3669=DIRECTION('',(1.,0.,0.));
#3670=DIRECTION('',(0.,1.,0.));
#3671=DIRECTION('',(1.,0.,0.));
#3672=DIRECTION('',(0.,-1.,0.));
#3673=DIRECTION('',(1.,0.,0.));
#3674=DIRECTION('',(0.,-1.,0.));
#3675=DIRECTION('',(-1.,0.,0.));
#3676=DIRECTION('',(0.,-1.,0.));
#3677=DIRECTION('',(1.,0.,0.));
#3678=DIRECTION('',(0.,-1.,0.));
#3679=DIRECTION('',(-1.,0.,0.));
#3680=DIRECTION('',(0.,-1.,0.));
#3681=DIRECTION('',(-1.,0.,0.));
#3682=DIRECTION('',(0.,1.,0.));
#3683=DIRECTION('',(-1.,0.,0.));
#3684=DIRECTION('',(0.,-1.,0.));
#3685=DIRECTION('',(-1.,0.,0.));
#3686=DIRECTION('',(0.,1.,0.));
#3687=DIRECTION('',(-1.,0.,0.));
#3688=DIRECTION('',(0.,1.,0.));
#3689=DIRECTION('',(1.,0.,0.));
#3690=DIRECTION('',(0.,1.,0.));
#3691=DIRECTION('',(-1.,0.,0.));
#3692=DIRECTION('center_axis',(1.,0.,0.));
#3693=DIRECTION('ref_axis',(0.,1.,0.));
#3694=DIRECTION('',(0.,0.,1.));
#3695=DIRECTION('',(0.,0.,-1.));
#3696=DIRECTION('',(0.,-1.,0.));
#3697=DIRECTION('',(0.,0.,-1.));
#3698=DIRECTION('',(0.,1.,0.));
#3699=DIRECTION('',(0.,0.,1.));
#3700=DIRECTION('',(0.,-1.,0.));
#3701=DIRECTION('',(0.,0.,1.));
#3702=DIRECTION('',(0.,0.,-1.));
#3703=DIRECTION('',(0.,-1.,0.));
#3704=DIRECTION('',(0.,0.,-1.));
#3705=DIRECTION('',(0.,1.,0.));
#3706=DIRECTION('',(0.,0.,-1.));
#3707=DIRECTION('',(0.,1.,0.));
#3708=DIRECTION('',(0.,0.,1.));
#3709=DIRECTION('',(0.,1.,0.));
#3710=DIRECTION('',(0.,0.,1.));
#3711=DIRECTION('',(0.,-1.,0.));
#3712=DIRECTION('',(0.,0.,1.));
#3713=DIRECTION('',(0.,1.,0.));
#3714=DIRECTION('',(0.,0.,-1.));
#3715=DIRECTION('',(0.,-1.,0.));
#3716=DIRECTION('center_axis',(0.,1.,0.));
#3717=DIRECTION('ref_axis',(-1.,0.,0.));
#3718=DIRECTION('',(0.,0.,1.));
#3719=DIRECTION('',(0.,0.,-1.));
#3720=DIRECTION('',(1.,0.,0.));
#3721=DIRECTION('',(0.,0.,-1.));
#3722=DIRECTION('',(-1.,0.,0.));
#3723=DIRECTION('',(0.,0.,1.));
#3724=DIRECTION('',(1.,0.,0.));
#3725=DIRECTION('',(0.,0.,1.));
#3726=DIRECTION('',(0.,0.,-1.));
#3727=DIRECTION('',(1.,0.,0.));
#3728=DIRECTION('',(0.,0.,-1.));
#3729=DIRECTION('',(-1.,0.,0.));
#3730=DIRECTION('',(0.,0.,-1.));
#3731=DIRECTION('',(-1.,0.,0.));
#3732=DIRECTION('',(0.,0.,1.));
#3733=DIRECTION('',(-1.,0.,0.));
#3734=DIRECTION('',(0.,0.,1.));
#3735=DIRECTION('',(1.,0.,0.));
#3736=DIRECTION('',(0.,0.,-1.));
#3737=DIRECTION('',(1.,0.,0.));
#3738=DIRECTION('',(0.,0.,1.));
#3739=DIRECTION('',(-1.,0.,0.));
#3740=DIRECTION('center_axis',(1.,0.,0.));
#3741=DIRECTION('ref_axis',(0.,1.,0.));
#3742=DIRECTION('',(0.,0.,-1.));
#3743=DIRECTION('',(0.,0.,1.));
#3744=DIRECTION('',(0.,1.,0.));
#3745=DIRECTION('center_axis',(0.,1.,0.));
#3746=DIRECTION('ref_axis',(-1.,0.,0.));
#3747=DIRECTION('',(0.,0.,1.));
#3748=DIRECTION('',(-1.,0.,0.));
#3749=DIRECTION('center_axis',(1.,0.,0.));
#3750=DIRECTION('ref_axis',(0.,1.,0.));
#3751=DIRECTION('',(0.,0.,-1.));
#3752=DIRECTION('',(0.,0.,1.));
#3753=DIRECTION('',(0.,1.,0.));
#3754=DIRECTION('center_axis',(0.,1.,0.));
#3755=DIRECTION('ref_axis',(-1.,0.,0.));
#3756=DIRECTION('',(0.,0.,1.));
#3757=DIRECTION('',(-1.,0.,0.));
#3758=DIRECTION('center_axis',(0.,-1.,0.));
#3759=DIRECTION('ref_axis',(1.,0.,0.));
#3760=DIRECTION('',(0.,0.,-1.));
#3761=DIRECTION('',(0.,0.,1.));
#3762=DIRECTION('',(1.,0.,0.));
#3763=DIRECTION('center_axis',(-1.,0.,0.));
#3764=DIRECTION('ref_axis',(0.,-1.,0.));
#3765=DIRECTION('',(0.,0.,1.));
#3766=DIRECTION('',(0.,-1.,0.));
#3767=DIRECTION('center_axis',(0.,-1.,0.));
#3768=DIRECTION('ref_axis',(1.,0.,0.));
#3769=DIRECTION('',(0.,0.,-1.));
#3770=DIRECTION('',(0.,0.,1.));
#3771=DIRECTION('',(1.,0.,0.));
#3772=DIRECTION('center_axis',(-1.,0.,0.));
#3773=DIRECTION('ref_axis',(0.,-1.,0.));
#3774=DIRECTION('',(0.,0.,1.));
#3775=DIRECTION('',(0.,-1.,0.));
#3776=DIRECTION('center_axis',(0.,0.,1.));
#3777=DIRECTION('ref_axis',(1.,0.,0.));
#3778=DIRECTION('',(-1.,0.,0.));
#3779=DIRECTION('',(0.,1.,0.));
#3780=DIRECTION('',(-1.,0.,0.));
#3781=DIRECTION('',(0.,-1.,0.));
#3782=DIRECTION('center_axis',(0.,0.,1.));
#3783=DIRECTION('ref_axis',(1.,0.,0.));
#3784=DIRECTION('',(0.,1.,0.));
#3785=DIRECTION('',(-1.,0.,0.));
#3786=DIRECTION('',(0.,-1.,0.));
#3787=DIRECTION('',(1.,0.,0.));
#3788=DIRECTION('',(0.,1.,0.));
#3789=DIRECTION('',(0.,-1.,0.));
#3790=DIRECTION('',(-1.,0.,0.));
#3791=DIRECTION('center_axis',(0.,0.,1.));
#3792=DIRECTION('ref_axis',(1.,0.,0.));
#3793=DIRECTION('',(-1.,0.,0.));
#3794=DIRECTION('',(0.,1.,0.));
#3795=DIRECTION('',(0.,1.,0.));
#3796=DIRECTION('',(-1.,0.,0.));
#3797=DIRECTION('',(0.,-1.,0.));
#3798=DIRECTION('center_axis',(0.,0.,1.));
#3799=DIRECTION('ref_axis',(1.,0.,0.));
#3800=DIRECTION('',(-1.,0.,0.));
#3801=DIRECTION('',(0.,-1.,0.));
#3802=DIRECTION('',(1.,0.,0.));
#3803=DIRECTION('',(0.,1.,0.));
#3804=DIRECTION('',(0.,-1.,0.));
#3805=DIRECTION('center_axis',(0.,0.,1.));
#3806=DIRECTION('ref_axis',(1.,0.,0.));
#3807=DIRECTION('',(0.,1.,0.));
#3808=DIRECTION('',(0.,1.,0.));
#3809=DIRECTION('',(-1.,0.,0.));
#3810=DIRECTION('center_axis',(0.,0.,1.));
#3811=DIRECTION('ref_axis',(1.,0.,0.));
#3812=DIRECTION('',(-1.,0.,0.));
#3813=DIRECTION('',(0.,-1.,0.));
#3814=DIRECTION('',(1.,0.,0.));
#3815=DIRECTION('',(0.,1.,0.));
#3816=DIRECTION('',(-1.,0.,0.));
#3817=DIRECTION('',(1.,0.,0.));
#3818=DIRECTION('',(0.,-1.,0.));
#3819=DIRECTION('center_axis',(0.,0.,1.));
#3820=DIRECTION('ref_axis',(1.,0.,0.));
#3821=DIRECTION('',(0.,1.,0.));
#3822=DIRECTION('',(1.,0.,0.));
#3823=DIRECTION('',(1.,0.,0.));
#3824=DIRECTION('',(0.,1.,0.));
#3825=DIRECTION('',(-1.,0.,0.));
#3826=DIRECTION('center_axis',(0.,0.,1.));
#3827=DIRECTION('ref_axis',(1.,0.,0.));
#3828=DIRECTION('',(1.,0.,0.));
#3829=DIRECTION('',(0.,1.,0.));
#3830=DIRECTION('',(-1.,0.,0.));
#3831=DIRECTION('',(1.,0.,0.));
#3832=DIRECTION('center_axis',(1.,0.,0.));
#3833=DIRECTION('ref_axis',(0.,1.,0.));
#3834=DIRECTION('',(0.,0.,1.));
#3835=DIRECTION('center_axis',(0.,1.,0.));
#3836=DIRECTION('ref_axis',(-1.,0.,0.));
#3837=DIRECTION('center_axis',(1.,0.,0.));
#3838=DIRECTION('ref_axis',(0.,1.,0.));
#3839=DIRECTION('center_axis',(0.,-1.,0.));
#3840=DIRECTION('ref_axis',(1.,0.,0.));
#3841=DIRECTION('',(0.,0.,1.));
#3842=DIRECTION('center_axis',(1.,0.,0.));
#3843=DIRECTION('ref_axis',(0.,1.,0.));
#3844=DIRECTION('center_axis',(0.,-1.,0.));
#3845=DIRECTION('ref_axis',(1.,0.,0.));
#3846=DIRECTION('center_axis',(-1.,0.,0.));
#3847=DIRECTION('ref_axis',(0.,-1.,0.));
#3848=DIRECTION('',(0.,0.,1.));
#3849=DIRECTION('',(0.,0.,1.));
#3850=DIRECTION('center_axis',(0.,-1.,0.));
#3851=DIRECTION('ref_axis',(1.,0.,0.));
#3852=DIRECTION('center_axis',(-1.,0.,0.));
#3853=DIRECTION('ref_axis',(0.,-1.,0.));
#3854=DIRECTION('',(0.,0.,1.));
#3855=DIRECTION('center_axis',(0.,1.,0.));
#3856=DIRECTION('ref_axis',(-1.,0.,0.));
#3857=DIRECTION('',(0.,0.,1.));
#3858=DIRECTION('',(0.,0.,1.));
#3859=DIRECTION('center_axis',(-1.,0.,0.));
#3860=DIRECTION('ref_axis',(0.,-1.,0.));
#3861=DIRECTION('center_axis',(0.,1.,0.));
#3862=DIRECTION('ref_axis',(-1.,0.,0.));
#3863=DIRECTION('',(0.,0.,1.));
#3864=DIRECTION('center_axis',(1.,0.,0.));
#3865=DIRECTION('ref_axis',(0.,1.,0.));
#3866=DIRECTION('',(0.,0.,-1.));
#3867=DIRECTION('',(0.,0.,1.));
#3868=DIRECTION('',(0.,1.,0.));
#3869=DIRECTION('center_axis',(0.,1.,0.));
#3870=DIRECTION('ref_axis',(-1.,0.,0.));
#3871=DIRECTION('',(0.,0.,1.));
#3872=DIRECTION('',(-1.,0.,0.));
#3873=DIRECTION('center_axis',(1.,0.,0.));
#3874=DIRECTION('ref_axis',(0.,1.,0.));
#3875=DIRECTION('',(0.,0.,-1.));
#3876=DIRECTION('',(0.,0.,1.));
#3877=DIRECTION('',(0.,1.,0.));
#3878=DIRECTION('center_axis',(0.,-1.,0.));
#3879=DIRECTION('ref_axis',(1.,0.,0.));
#3880=DIRECTION('',(0.,0.,-1.));
#3881=DIRECTION('',(0.,0.,1.));
#3882=DIRECTION('',(1.,0.,0.));
#3883=DIRECTION('center_axis',(0.,1.,0.));
#3884=DIRECTION('ref_axis',(-1.,0.,0.));
#3885=DIRECTION('',(0.,0.,1.));
#3886=DIRECTION('',(-1.,0.,0.));
#3887=DIRECTION('center_axis',(-1.,0.,0.));
#3888=DIRECTION('ref_axis',(0.,-1.,0.));
#3889=DIRECTION('',(0.,0.,1.));
#3890=DIRECTION('',(0.,-1.,0.));
#3891=DIRECTION('center_axis',(0.,-1.,0.));
#3892=DIRECTION('ref_axis',(1.,0.,0.));
#3893=DIRECTION('',(0.,0.,-1.));
#3894=DIRECTION('',(0.,0.,1.));
#3895=DIRECTION('',(1.,0.,0.));
#3896=DIRECTION('center_axis',(1.,0.,0.));
#3897=DIRECTION('ref_axis',(0.,1.,0.));
#3898=DIRECTION('',(0.,1.,0.));
#3899=DIRECTION('',(0.,0.,1.));
#3900=DIRECTION('center_axis',(0.,1.,0.));
#3901=DIRECTION('ref_axis',(-1.,0.,0.));
#3902=DIRECTION('',(-1.,0.,0.));
#3903=DIRECTION('center_axis',(1.,0.,0.));
#3904=DIRECTION('ref_axis',(0.,1.,0.));
#3905=DIRECTION('',(0.,1.,0.));
#3906=DIRECTION('center_axis',(0.,-1.,0.));
#3907=DIRECTION('ref_axis',(1.,0.,0.));
#3908=DIRECTION('',(1.,0.,0.));
#3909=DIRECTION('',(0.,0.,1.));
#3910=DIRECTION('center_axis',(1.,0.,0.));
#3911=DIRECTION('ref_axis',(0.,1.,0.));
#3912=DIRECTION('',(0.,1.,0.));
#3913=DIRECTION('center_axis',(0.,-1.,0.));
#3914=DIRECTION('ref_axis',(1.,0.,0.));
#3915=DIRECTION('',(1.,0.,0.));
#3916=DIRECTION('center_axis',(-1.,0.,0.));
#3917=DIRECTION('ref_axis',(0.,-1.,0.));
#3918=DIRECTION('',(0.,0.,1.));
#3919=DIRECTION('',(0.,-1.,0.));
#3920=DIRECTION('',(0.,0.,1.));
#3921=DIRECTION('center_axis',(0.,-1.,0.));
#3922=DIRECTION('ref_axis',(1.,0.,0.));
#3923=DIRECTION('',(1.,0.,0.));
#3924=DIRECTION('center_axis',(-1.,0.,0.));
#3925=DIRECTION('ref_axis',(0.,-1.,0.));
#3926=DIRECTION('',(0.,0.,1.));
#3927=DIRECTION('',(0.,-1.,0.));
#3928=DIRECTION('center_axis',(0.,1.,0.));
#3929=DIRECTION('ref_axis',(-1.,0.,0.));
#3930=DIRECTION('',(0.,0.,1.));
#3931=DIRECTION('',(-1.,0.,0.));
#3932=DIRECTION('',(0.,0.,1.));
#3933=DIRECTION('center_axis',(-1.,0.,0.));
#3934=DIRECTION('ref_axis',(0.,-1.,0.));
#3935=DIRECTION('',(0.,-1.,0.));
#3936=DIRECTION('center_axis',(0.,1.,0.));
#3937=DIRECTION('ref_axis',(-1.,0.,0.));
#3938=DIRECTION('',(0.,0.,1.));
#3939=DIRECTION('',(-1.,0.,0.));
#3940=DIRECTION('',(0.,0.,1.));
#3941=DIRECTION('center_axis',(-1.,0.,0.));
#3942=DIRECTION('ref_axis',(0.,-1.,0.));
#3943=DIRECTION('',(0.,-1.,0.));
#3944=DIRECTION('center_axis',(0.,0.,1.));
#3945=DIRECTION('ref_axis',(1.,0.,0.));
#3946=DIRECTION('center_axis',(0.,0.,1.));
#3947=DIRECTION('ref_axis',(1.,0.,0.));
#3948=DIRECTION('center_axis',(0.,0.,1.));
#3949=DIRECTION('ref_axis',(0.707106781186548,0.707106781186548,0.));
#3950=DIRECTION('center_axis',(0.,0.,1.));
#3951=DIRECTION('ref_axis',(1.,0.,0.));
#3952=DIRECTION('center_axis',(0.,0.,1.));
#3953=DIRECTION('ref_axis',(1.,0.,0.));
#3954=DIRECTION('center_axis',(0.,0.,1.));
#3955=DIRECTION('ref_axis',(1.,0.,0.));
#3956=DIRECTION('',(0.,-1.,0.));
#3957=DIRECTION('center_axis',(0.,0.,1.));
#3958=DIRECTION('ref_axis',(-0.707106781186548,0.707106781186548,0.));
#3959=DIRECTION('center_axis',(0.,0.,1.));
#3960=DIRECTION('ref_axis',(1.,0.,0.));
#3961=DIRECTION('center_axis',(0.,0.,1.));
#3962=DIRECTION('ref_axis',(1.,0.,0.));
#3963=DIRECTION('',(0.,-1.,0.));
#3964=DIRECTION('center_axis',(0.,0.,1.));
#3965=DIRECTION('ref_axis',(1.,0.,0.));
#3966=DIRECTION('',(1.,0.,0.));
#3967=DIRECTION('center_axis',(0.,0.,1.));
#3968=DIRECTION('ref_axis',(-0.707106781186548,-0.707106781186548,0.));
#3969=DIRECTION('',(0.,-1.,0.));
#3970=DIRECTION('center_axis',(0.,0.,1.));
#3971=DIRECTION('ref_axis',(1.,0.,0.));
#3972=DIRECTION('center_axis',(0.,0.,1.));
#3973=DIRECTION('ref_axis',(1.,0.,0.));
#3974=DIRECTION('',(1.,0.,0.));
#3975=DIRECTION('center_axis',(0.,0.,1.));
#3976=DIRECTION('ref_axis',(1.,0.,0.));
#3977=DIRECTION('center_axis',(0.,0.,1.));
#3978=DIRECTION('ref_axis',(0.707106781186548,-0.707106781186548,0.));
#3979=DIRECTION('',(1.,0.,0.));
#3980=DIRECTION('center_axis',(0.,0.,1.));
#3981=DIRECTION('ref_axis',(1.,0.,0.));
#3982=DIRECTION('center_axis',(0.,0.,1.));
#3983=DIRECTION('ref_axis',(1.,0.,0.));
#3984=DIRECTION('center_axis',(0.,0.,-1.));
#3985=DIRECTION('ref_axis',(-0.707106781186548,0.707106781186548,0.));
#3986=DIRECTION('',(0.707106781186548,-0.707106781186548,0.));
#3987=DIRECTION('',(0.707106781186548,0.707106781186548,0.));
#3988=DIRECTION('',(-0.707106781186548,0.707106781186548,0.));
#3989=DIRECTION('center_axis',(0.707106781186548,0.707106781186548,0.));
#3990=DIRECTION('ref_axis',(-0.707106781186548,0.707106781186548,0.));
#3991=DIRECTION('',(0.,0.,1.));
#3992=DIRECTION('',(0.,0.,1.));
#3993=DIRECTION('',(0.707106781186548,-0.707106781186548,0.));
#3994=DIRECTION('center_axis',(0.707106781186548,-0.707106781186548,0.));
#3995=DIRECTION('ref_axis',(0.707106781186548,0.707106781186548,0.));
#3996=DIRECTION('',(0.,0.,1.));
#3997=DIRECTION('',(-0.707106781186548,-0.707106781186548,0.));
#3998=DIRECTION('center_axis',(-0.707106781186548,-0.707106781186548,0.));
#3999=DIRECTION('ref_axis',(0.707106781186548,-0.707106781186548,0.));
#4000=DIRECTION('',(0.,0.,-1.));
#4001=DIRECTION('',(-0.707106781186548,0.707106781186548,0.));
#4002=DIRECTION('center_axis',(0.,0.,1.));
#4003=DIRECTION('ref_axis',(1.,0.,0.));
#4004=DIRECTION('center_axis',(0.,0.,-1.));
#4005=DIRECTION('ref_axis',(0.707106781186548,-0.707106781186548,0.));
#4006=DIRECTION('',(-0.707106781186548,0.707106781186548,0.));
#4007=DIRECTION('',(-0.707106781186548,-0.707106781186548,0.));
#4008=DIRECTION('',(0.707106781186548,-0.707106781186548,0.));
#4009=DIRECTION('center_axis',(-0.707106781186548,-0.707106781186548,0.));
#4010=DIRECTION('ref_axis',(0.707106781186548,-0.707106781186548,0.));
#4011=DIRECTION('',(0.,0.,1.));
#4012=DIRECTION('',(0.,0.,1.));
#4013=DIRECTION('',(-0.707106781186548,0.707106781186548,0.));
#4014=DIRECTION('center_axis',(0.707106781186548,0.707106781186548,0.));
#4015=DIRECTION('ref_axis',(-0.707106781186548,0.707106781186548,0.));
#4016=DIRECTION('',(0.,0.,-1.));
#4017=DIRECTION('',(0.707106781186548,-0.707106781186548,0.));
#4018=DIRECTION('',(0.,0.,1.));
#4019=DIRECTION('center_axis',(-0.707106781186548,0.707106781186548,0.));
#4020=DIRECTION('ref_axis',(-0.707106781186548,-0.707106781186548,0.));
#4021=DIRECTION('',(0.707106781186548,0.707106781186548,0.));
#4022=DIRECTION('center_axis',(0.,0.,1.));
#4023=DIRECTION('ref_axis',(1.,0.,0.));
#4024=DIRECTION('center_axis',(0.,0.,-1.));
#4025=DIRECTION('ref_axis',(0.707106781186548,0.707106781186548,0.));
#4026=DIRECTION('',(-0.707106781186548,-0.707106781186548,0.));
#4027=DIRECTION('',(0.707106781186548,-0.707106781186548,0.));
#4028=DIRECTION('',(0.707106781186548,0.707106781186548,0.));
#4029=DIRECTION('center_axis',(0.707106781186548,-0.707106781186548,0.));
#4030=DIRECTION('ref_axis',(0.707106781186548,0.707106781186548,0.));
#4031=DIRECTION('',(0.,0.,1.));
#4032=DIRECTION('',(0.,0.,1.));
#4033=DIRECTION('',(-0.707106781186548,-0.707106781186548,0.));
#4034=DIRECTION('center_axis',(-0.707106781186548,-0.707106781186548,0.));
#4035=DIRECTION('ref_axis',(0.707106781186548,-0.707106781186548,0.));
#4036=DIRECTION('',(0.,0.,1.));
#4037=DIRECTION('',(-0.707106781186548,0.707106781186548,0.));
#4038=DIRECTION('center_axis',(-0.707106781186548,0.707106781186548,0.));
#4039=DIRECTION('ref_axis',(-0.707106781186548,-0.707106781186548,0.));
#4040=DIRECTION('',(0.,0.,-1.));
#4041=DIRECTION('',(0.707106781186548,0.707106781186548,0.));
#4042=DIRECTION('center_axis',(0.707106781186548,-0.707106781186548,0.));
#4043=DIRECTION('ref_axis',(0.707106781186548,0.707106781186548,0.));
#4044=DIRECTION('',(0.,0.,-1.));
#4045=DIRECTION('',(-0.707106781186548,-0.707106781186548,0.));
#4046=DIRECTION('',(0.,0.,1.));
#4047=DIRECTION('',(0.707106781186548,0.707106781186548,0.));
#4048=DIRECTION('center_axis',(0.,0.,1.));
#4049=DIRECTION('ref_axis',(1.,0.,0.));
#4050=DIRECTION('center_axis',(0.,0.,-1.));
#4051=DIRECTION('ref_axis',(-0.707106781186548,-0.707106781186548,0.));
#4052=DIRECTION('',(-0.707106781186548,0.707106781186548,0.));
#4053=DIRECTION('',(-0.707106781186548,-0.707106781186548,0.));
#4054=DIRECTION('center_axis',(0.707106781186548,0.707106781186548,0.));
#4055=DIRECTION('ref_axis',(-0.707106781186548,0.707106781186548,0.));
#4056=DIRECTION('',(0.707106781186548,-0.707106781186548,0.));
#4057=DIRECTION('',(0.,0.,1.));
#4058=DIRECTION('center_axis',(-0.707106781186548,0.707106781186548,0.));
#4059=DIRECTION('ref_axis',(-0.707106781186548,-0.707106781186548,0.));
#4060=DIRECTION('',(0.,0.,1.));
#4061=DIRECTION('',(0.707106781186548,0.707106781186548,0.));
#4062=DIRECTION('center_axis',(0.,0.,1.));
#4063=DIRECTION('ref_axis',(-0.707106781186548,0.707106781186548,0.));
#4064=DIRECTION('center_axis',(0.,0.,-1.));
#4065=DIRECTION('ref_axis',(-0.707106781186548,0.707106781186548,0.));
#4066=DIRECTION('',(0.,0.,1.));
#4067=DIRECTION('center_axis',(0.,0.,-1.));
#4068=DIRECTION('ref_axis',(-0.707106781186548,0.707106781186548,0.));
#4069=DIRECTION('center_axis',(0.,0.,1.));
#4070=DIRECTION('ref_axis',(0.707106781186548,-0.707106781186548,0.));
#4071=DIRECTION('center_axis',(0.,0.,-1.));
#4072=DIRECTION('ref_axis',(0.707106781186548,-0.707106781186548,0.));
#4073=DIRECTION('',(0.,0.,-1.));
#4074=DIRECTION('center_axis',(0.,0.,-1.));
#4075=DIRECTION('ref_axis',(0.707106781186548,-0.707106781186548,0.));
#4076=DIRECTION('center_axis',(0.,0.,1.));
#4077=DIRECTION('ref_axis',(0.707106781186548,0.707106781186548,0.));
#4078=DIRECTION('center_axis',(0.,0.,-1.));
#4079=DIRECTION('ref_axis',(0.707106781186548,0.707106781186548,0.));
#4080=DIRECTION('center_axis',(0.,0.,-1.));
#4081=DIRECTION('ref_axis',(0.707106781186548,0.707106781186548,0.));
#4082=DIRECTION('center_axis',(0.,0.,1.));
#4083=DIRECTION('ref_axis',(1.,0.,0.));
#4084=DIRECTION('',(0.,-1.,0.));
#4085=DIRECTION('center_axis',(0.,0.,-1.));
#4086=DIRECTION('ref_axis',(-0.707106781186548,-0.707106781186548,0.));
#4087=DIRECTION('center_axis',(0.,0.,-1.));
#4088=DIRECTION('ref_axis',(-0.707106781186548,-0.707106781186548,0.));
#4089=DIRECTION('',(1.,0.,0.));
#4090=DIRECTION('',(1.,0.,0.));
#4091=DIRECTION('',(0.,-1.,0.));
#4092=DIRECTION('',(-1.,0.,0.));
#4093=DIRECTION('',(0.,-1.,0.));
#4094=DIRECTION('center_axis',(0.,0.,-1.));
#4095=DIRECTION('ref_axis',(0.234059715921566,-0.972222222222222,0.));
#4096=DIRECTION('',(-1.,0.,0.));
#4097=DIRECTION('center_axis',(0.,0.,-1.));
#4098=DIRECTION('ref_axis',(-0.972222222222222,-0.234059715921566,0.));
#4099=DIRECTION('',(0.,1.,0.));
#4100=DIRECTION('',(-1.,0.,0.));
#4101=DIRECTION('',(0.,1.,0.));
#4102=DIRECTION('',(1.,0.,0.));
#4103=DIRECTION('',(0.,1.,0.));
#4104=DIRECTION('center_axis',(0.,0.,-1.));
#4105=DIRECTION('ref_axis',(-0.234059715921566,0.972222222222222,0.));
#4106=DIRECTION('',(1.,0.,0.));
#4107=DIRECTION('',(0.,1.,0.));
#4108=DIRECTION('',(1.,0.,0.));
#4109=DIRECTION('',(0.,-1.,0.));
#4110=DIRECTION('',(1.,0.,0.));
#4111=DIRECTION('center_axis',(0.,0.,-1.));
#4112=DIRECTION('ref_axis',(0.972222222222222,0.234059715921566,0.));
#4113=DIRECTION('',(0.,-1.,0.));
#4114=DIRECTION('center_axis',(0.,0.,-1.));
#4115=DIRECTION('ref_axis',(1.,0.,0.));
#4116=DIRECTION('center_axis',(0.,0.,-1.));
#4117=DIRECTION('ref_axis',(1.,0.,0.));
#4118=DIRECTION('center_axis',(0.,0.,-1.));
#4119=DIRECTION('ref_axis',(1.,0.,0.));
#4120=DIRECTION('center_axis',(0.,0.,-1.));
#4121=DIRECTION('ref_axis',(1.,0.,0.));
#4122=DIRECTION('center_axis',(0.,0.,1.));
#4123=DIRECTION('ref_axis',(-0.707106781186548,-0.707106781186548,0.));
#4124=DIRECTION('',(0.,0.,-1.));
#4125=DIRECTION('',(0.,0.,1.));
#4126=DIRECTION('center_axis',(0.,-1.,0.));
#4127=DIRECTION('ref_axis',(1.,0.,0.));
#4128=DIRECTION('',(0.,0.,1.));
#4129=DIRECTION('',(1.,0.,0.));
#4130=DIRECTION('',(0.,0.,-1.));
#4131=DIRECTION('',(-1.,0.,0.));
#4132=DIRECTION('center_axis',(0.,1.,0.));
#4133=DIRECTION('ref_axis',(-1.,0.,0.));
#4134=DIRECTION('',(0.,0.,1.));
#4135=DIRECTION('',(-1.,0.,0.));
#4136=DIRECTION('',(-1.,0.,0.));
#4137=DIRECTION('center_axis',(0.,0.,1.));
#4138=DIRECTION('ref_axis',(1.,0.,0.));
#4139=DIRECTION('',(0.,-1.,0.));
#4140=DIRECTION('',(1.,0.,0.));
#4141=DIRECTION('center_axis',(0.,-1.,0.));
#4142=DIRECTION('ref_axis',(1.,0.,0.));
#4143=DIRECTION('',(0.,0.,-1.));
#4144=DIRECTION('',(1.,0.,0.));
#4145=DIRECTION('center_axis',(0.,0.,1.));
#4146=DIRECTION('ref_axis',(1.,0.,0.));
#4147=DIRECTION('',(0.,1.,0.));
#4148=DIRECTION('center_axis',(1.,0.,0.));
#4149=DIRECTION('ref_axis',(0.,1.,0.));
#4150=DIRECTION('',(0.,0.,1.));
#4151=DIRECTION('',(0.,1.,0.));
#4152=DIRECTION('',(0.,0.,1.));
#4153=DIRECTION('center_axis',(0.,-1.,0.));
#4154=DIRECTION('ref_axis',(1.,0.,0.));
#4155=DIRECTION('',(1.,0.,0.));
#4156=DIRECTION('',(0.,0.,-1.));
#4157=DIRECTION('center_axis',(0.,1.,0.));
#4158=DIRECTION('ref_axis',(-1.,0.,0.));
#4159=DIRECTION('',(0.,0.,1.));
#4160=DIRECTION('',(-1.,0.,0.));
#4161=DIRECTION('center_axis',(0.,0.,1.));
#4162=DIRECTION('ref_axis',(1.,0.,0.));
#4163=DIRECTION('',(0.,1.,0.));
#4164=DIRECTION('center_axis',(0.,1.,0.));
#4165=DIRECTION('ref_axis',(-1.,0.,0.));
#4166=DIRECTION('',(0.,0.,1.));
#4167=DIRECTION('',(-1.,0.,0.));
#4168=DIRECTION('',(0.,0.,-1.));
#4169=DIRECTION('center_axis',(0.,0.,1.));
#4170=DIRECTION('ref_axis',(1.,0.,0.));
#4171=DIRECTION('',(0.,-1.,0.));
#4172=DIRECTION('',(0.,-1.,0.));
#4173=DIRECTION('',(1.,0.,0.));
#4174=DIRECTION('center_axis',(0.,-1.,0.));
#4175=DIRECTION('ref_axis',(1.,0.,0.));
#4176=DIRECTION('',(0.,0.,1.));
#4177=DIRECTION('',(0.,0.,1.));
#4178=DIRECTION('center_axis',(-1.,0.,0.));
#4179=DIRECTION('ref_axis',(0.,-1.,0.));
#4180=DIRECTION('center_axis',(-1.,0.,0.));
#4181=DIRECTION('ref_axis',(0.,-1.,0.));
#4182=DIRECTION('',(0.,0.,-1.));
#4183=DIRECTION('',(0.,-1.,0.));
#4184=DIRECTION('',(0.,0.,1.));
#4185=DIRECTION('center_axis',(1.,0.,0.));
#4186=DIRECTION('ref_axis',(0.,1.,0.));
#4187=DIRECTION('',(0.,0.,-1.));
#4188=DIRECTION('',(0.,1.,0.));
#4189=DIRECTION('',(0.,1.,0.));
#4190=DIRECTION('center_axis',(0.,0.,1.));
#4191=DIRECTION('ref_axis',(1.,0.,0.));
#4192=DIRECTION('',(-1.,0.,0.));
#4193=DIRECTION('',(0.,-1.,0.));
#4194=DIRECTION('center_axis',(-1.,0.,0.));
#4195=DIRECTION('ref_axis',(0.,-1.,0.));
#4196=DIRECTION('',(0.,0.,1.));
#4197=DIRECTION('',(0.,-1.,0.));
#4198=DIRECTION('center_axis',(0.,0.,1.));
#4199=DIRECTION('ref_axis',(1.,0.,0.));
#4200=DIRECTION('',(1.,0.,0.));
#4201=DIRECTION('center_axis',(1.,0.,0.));
#4202=DIRECTION('ref_axis',(0.,1.,0.));
#4203=DIRECTION('',(0.,0.,1.));
#4204=DIRECTION('',(0.,1.,0.));
#4205=DIRECTION('',(0.,0.,-1.));
#4206=DIRECTION('center_axis',(0.,0.,1.));
#4207=DIRECTION('ref_axis',(1.,0.,0.));
#4208=DIRECTION('',(-1.,0.,0.));
#4209=DIRECTION('',(-1.,0.,0.));
#4210=DIRECTION('',(0.,-1.,0.));
#4211=DIRECTION('center_axis',(0.,1.,0.));
#4212=DIRECTION('ref_axis',(-1.,0.,0.));
#4213=DIRECTION('',(0.,0.,1.));
#4214=DIRECTION('center_axis',(-1.,0.,0.));
#4215=DIRECTION('ref_axis',(0.,-1.,0.));
#4216=DIRECTION('',(0.,0.,1.));
#4217=DIRECTION('center_axis',(0.,1.,0.));
#4218=DIRECTION('ref_axis',(-1.,0.,0.));
#4219=DIRECTION('',(0.,0.,-1.));
#4220=DIRECTION('',(-1.,0.,0.));
#4221=DIRECTION('',(0.,0.,1.));
#4222=DIRECTION('center_axis',(1.,0.,0.));
#4223=DIRECTION('ref_axis',(0.,1.,0.));
#4224=DIRECTION('',(0.,0.,1.));
#4225=DIRECTION('',(0.,1.,0.));
#4226=DIRECTION('',(0.,1.,0.));
#4227=DIRECTION('center_axis',(0.,0.,1.));
#4228=DIRECTION('ref_axis',(1.,0.,0.));
#4229=DIRECTION('',(-1.,0.,0.));
#4230=DIRECTION('',(0.,-1.,0.));
#4231=DIRECTION('center_axis',(-1.,0.,0.));
#4232=DIRECTION('ref_axis',(0.,-1.,0.));
#4233=DIRECTION('',(0.,0.,-1.));
#4234=DIRECTION('',(0.,-1.,0.));
#4235=DIRECTION('center_axis',(0.,0.,1.));
#4236=DIRECTION('ref_axis',(1.,0.,0.));
#4237=DIRECTION('',(1.,0.,0.));
#4238=DIRECTION('center_axis',(0.,1.,0.));
#4239=DIRECTION('ref_axis',(-1.,0.,0.));
#4240=DIRECTION('',(1.,0.,0.));
#4241=DIRECTION('',(0.,0.,1.));
#4242=DIRECTION('',(-1.,0.,0.));
#4243=DIRECTION('',(0.,0.,1.));
#4244=DIRECTION('center_axis',(1.,0.,0.));
#4245=DIRECTION('ref_axis',(0.,1.,0.));
#4246=DIRECTION('',(0.,-1.,0.));
#4247=DIRECTION('',(0.,1.,0.));
#4248=DIRECTION('',(0.,0.,1.));
#4249=DIRECTION('center_axis',(0.,-1.,0.));
#4250=DIRECTION('ref_axis',(1.,0.,0.));
#4251=DIRECTION('',(-1.,0.,0.));
#4252=DIRECTION('',(1.,0.,0.));
#4253=DIRECTION('',(0.,0.,1.));
#4254=DIRECTION('center_axis',(-1.,0.,0.));
#4255=DIRECTION('ref_axis',(0.,-1.,0.));
#4256=DIRECTION('',(0.,1.,0.));
#4257=DIRECTION('',(0.,-1.,0.));
#4258=DIRECTION('center_axis',(0.,0.,1.));
#4259=DIRECTION('ref_axis',(1.,0.,0.));
#4260=DIRECTION('center_axis',(0.,1.,0.));
#4261=DIRECTION('ref_axis',(-1.,0.,0.));
#4262=DIRECTION('',(1.,0.,0.));
#4263=DIRECTION('',(0.,0.,1.));
#4264=DIRECTION('',(-1.,0.,0.));
#4265=DIRECTION('',(0.,0.,1.));
#4266=DIRECTION('center_axis',(1.,0.,0.));
#4267=DIRECTION('ref_axis',(0.,1.,0.));
#4268=DIRECTION('',(0.,-1.,0.));
#4269=DIRECTION('',(0.,1.,0.));
#4270=DIRECTION('',(0.,0.,1.));
#4271=DIRECTION('center_axis',(0.,-1.,0.));
#4272=DIRECTION('ref_axis',(1.,0.,0.));
#4273=DIRECTION('',(-1.,0.,0.));
#4274=DIRECTION('',(1.,0.,0.));
#4275=DIRECTION('',(0.,0.,1.));
#4276=DIRECTION('center_axis',(-1.,0.,0.));
#4277=DIRECTION('ref_axis',(0.,-1.,0.));
#4278=DIRECTION('',(0.,1.,0.));
#4279=DIRECTION('',(0.,-1.,0.));
#4280=DIRECTION('center_axis',(0.,0.,1.));
#4281=DIRECTION('ref_axis',(1.,0.,0.));
#4282=DIRECTION('center_axis',(0.,1.,0.));
#4283=DIRECTION('ref_axis',(-1.,0.,0.));
#4284=DIRECTION('',(1.,0.,0.));
#4285=DIRECTION('',(0.,0.,1.));
#4286=DIRECTION('',(-1.,0.,0.));
#4287=DIRECTION('',(0.,0.,1.));
#4288=DIRECTION('center_axis',(1.,0.,0.));
#4289=DIRECTION('ref_axis',(0.,1.,0.));
#4290=DIRECTION('',(0.,-1.,0.));
#4291=DIRECTION('',(0.,1.,0.));
#4292=DIRECTION('',(0.,0.,1.));
#4293=DIRECTION('center_axis',(0.,-1.,0.));
#4294=DIRECTION('ref_axis',(1.,0.,0.));
#4295=DIRECTION('',(-1.,0.,0.));
#4296=DIRECTION('',(1.,0.,0.));
#4297=DIRECTION('',(0.,0.,1.));
#4298=DIRECTION('center_axis',(-1.,0.,0.));
#4299=DIRECTION('ref_axis',(0.,-1.,0.));
#4300=DIRECTION('',(0.,1.,0.));
#4301=DIRECTION('',(0.,-1.,0.));
#4302=DIRECTION('center_axis',(0.,0.,1.));
#4303=DIRECTION('ref_axis',(1.,0.,0.));
#4304=DIRECTION('center_axis',(0.,1.,0.));
#4305=DIRECTION('ref_axis',(-1.,0.,0.));
#4306=DIRECTION('',(1.,0.,0.));
#4307=DIRECTION('',(0.,0.,1.));
#4308=DIRECTION('',(-1.,0.,0.));
#4309=DIRECTION('',(0.,0.,1.));
#4310=DIRECTION('center_axis',(1.,0.,0.));
#4311=DIRECTION('ref_axis',(0.,1.,0.));
#4312=DIRECTION('',(0.,-1.,0.));
#4313=DIRECTION('',(0.,1.,0.));
#4314=DIRECTION('',(0.,0.,1.));
#4315=DIRECTION('center_axis',(0.,-1.,0.));
#4316=DIRECTION('ref_axis',(1.,0.,0.));
#4317=DIRECTION('',(-1.,0.,0.));
#4318=DIRECTION('',(1.,0.,0.));
#4319=DIRECTION('',(0.,0.,1.));
#4320=DIRECTION('center_axis',(-1.,0.,0.));
#4321=DIRECTION('ref_axis',(0.,-1.,0.));
#4322=DIRECTION('',(0.,1.,0.));
#4323=DIRECTION('',(0.,-1.,0.));
#4324=DIRECTION('center_axis',(0.,0.,1.));
#4325=DIRECTION('ref_axis',(1.,0.,0.));
#4326=DIRECTION('center_axis',(0.,1.,0.));
#4327=DIRECTION('ref_axis',(-1.,0.,0.));
#4328=DIRECTION('',(1.,0.,0.));
#4329=DIRECTION('',(0.,0.,1.));
#4330=DIRECTION('',(-1.,0.,0.));
#4331=DIRECTION('',(0.,0.,1.));
#4332=DIRECTION('center_axis',(1.,0.,0.));
#4333=DIRECTION('ref_axis',(0.,1.,0.));
#4334=DIRECTION('',(0.,-1.,0.));
#4335=DIRECTION('',(0.,1.,0.));
#4336=DIRECTION('',(0.,0.,1.));
#4337=DIRECTION('center_axis',(0.,-1.,0.));
#4338=DIRECTION('ref_axis',(1.,0.,0.));
#4339=DIRECTION('',(-1.,0.,0.));
#4340=DIRECTION('',(1.,0.,0.));
#4341=DIRECTION('',(0.,0.,1.));
#4342=DIRECTION('center_axis',(-1.,0.,0.));
#4343=DIRECTION('ref_axis',(0.,-1.,0.));
#4344=DIRECTION('',(0.,1.,0.));
#4345=DIRECTION('',(0.,-1.,0.));
#4346=DIRECTION('center_axis',(0.,0.,1.));
#4347=DIRECTION('ref_axis',(1.,0.,0.));
#4348=DIRECTION('center_axis',(0.,1.,0.));
#4349=DIRECTION('ref_axis',(-1.,0.,0.));
#4350=DIRECTION('',(1.,0.,0.));
#4351=DIRECTION('',(0.,0.,1.));
#4352=DIRECTION('',(-1.,0.,0.));
#4353=DIRECTION('',(0.,0.,1.));
#4354=DIRECTION('center_axis',(1.,0.,0.));
#4355=DIRECTION('ref_axis',(0.,1.,0.));
#4356=DIRECTION('',(0.,-1.,0.));
#4357=DIRECTION('',(0.,1.,0.));
#4358=DIRECTION('',(0.,0.,1.));
#4359=DIRECTION('center_axis',(0.,-1.,0.));
#4360=DIRECTION('ref_axis',(1.,0.,0.));
#4361=DIRECTION('',(-1.,0.,0.));
#4362=DIRECTION('',(1.,0.,0.));
#4363=DIRECTION('',(0.,0.,1.));
#4364=DIRECTION('center_axis',(-1.,0.,0.));
#4365=DIRECTION('ref_axis',(0.,-1.,0.));
#4366=DIRECTION('',(0.,1.,0.));
#4367=DIRECTION('',(0.,-1.,0.));
#4368=DIRECTION('center_axis',(0.,0.,1.));
#4369=DIRECTION('ref_axis',(1.,0.,0.));
#4370=DIRECTION('center_axis',(0.,0.,1.));
#4371=DIRECTION('ref_axis',(1.,0.,0.));
#4372=DIRECTION('',(0.,0.,1.));
#4373=DIRECTION('center_axis',(0.,0.,1.));
#4374=DIRECTION('ref_axis',(1.,0.,0.));
#4375=DIRECTION('center_axis',(0.,0.,1.));
#4376=DIRECTION('ref_axis',(1.,0.,0.));
#4377=DIRECTION('center_axis',(0.,0.,-1.));
#4378=DIRECTION('ref_axis',(1.,0.,0.));
#4379=DIRECTION('center_axis',(0.,0.,1.));
#4380=DIRECTION('ref_axis',(1.,0.,0.));
#4381=DIRECTION('',(0.,0.,1.));
#4382=DIRECTION('center_axis',(0.,0.,1.));
#4383=DIRECTION('ref_axis',(1.,0.,0.));
#4384=DIRECTION('center_axis',(0.,0.,1.));
#4385=DIRECTION('ref_axis',(1.,0.,0.));
#4386=DIRECTION('center_axis',(0.,0.,-1.));
#4387=DIRECTION('ref_axis',(1.,0.,0.));
#4388=DIRECTION('center_axis',(0.,0.,1.));
#4389=DIRECTION('ref_axis',(1.,0.,0.));
#4390=DIRECTION('',(0.,0.,1.));
#4391=DIRECTION('center_axis',(0.,0.,1.));
#4392=DIRECTION('ref_axis',(1.,0.,0.));
#4393=DIRECTION('center_axis',(0.,0.,1.));
#4394=DIRECTION('ref_axis',(1.,0.,0.));
#4395=DIRECTION('center_axis',(0.,0.,-1.));
#4396=DIRECTION('ref_axis',(1.,0.,0.));
#4397=DIRECTION('center_axis',(0.,0.,1.));
#4398=DIRECTION('ref_axis',(1.,0.,0.));
#4399=DIRECTION('',(0.,0.,1.));
#4400=DIRECTION('center_axis',(0.,0.,1.));
#4401=DIRECTION('ref_axis',(1.,0.,0.));
#4402=DIRECTION('center_axis',(0.,0.,1.));
#4403=DIRECTION('ref_axis',(1.,0.,0.));
#4404=DIRECTION('center_axis',(0.,0.,-1.));
#4405=DIRECTION('ref_axis',(1.,0.,0.));
#4406=DIRECTION('center_axis',(0.,0.,1.));
#4407=DIRECTION('ref_axis',(1.,0.,0.));
#4408=DIRECTION('',(0.,0.,1.));
#4409=DIRECTION('center_axis',(0.,0.,-1.));
#4410=DIRECTION('ref_axis',(1.,0.,0.));
#4411=DIRECTION('center_axis',(0.,0.,1.));
#4412=DIRECTION('ref_axis',(1.,0.,0.));
#4413=DIRECTION('',(0.,0.,1.));
#4414=DIRECTION('center_axis',(0.,0.,-1.));
#4415=DIRECTION('ref_axis',(1.,0.,0.));
#4416=DIRECTION('center_axis',(0.,0.,1.));
#4417=DIRECTION('ref_axis',(1.,0.,0.));
#4418=DIRECTION('',(0.,0.,1.));
#4419=DIRECTION('center_axis',(0.,0.,-1.));
#4420=DIRECTION('ref_axis',(1.,0.,0.));
#4421=DIRECTION('center_axis',(0.,0.,1.));
#4422=DIRECTION('ref_axis',(1.,0.,0.));
#4423=DIRECTION('',(0.,0.,1.));
#4424=DIRECTION('center_axis',(0.,0.,-1.));
#4425=DIRECTION('ref_axis',(1.,0.,0.));
#4426=DIRECTION('center_axis',(0.,0.,-1.));
#4427=DIRECTION('ref_axis',(1.,0.,0.));
#4428=DIRECTION('',(0.,0.,-1.));
#4429=DIRECTION('center_axis',(0.,0.,-1.));
#4430=DIRECTION('ref_axis',(1.,0.,0.));
#4431=DIRECTION('center_axis',(0.,0.,1.));
#4432=DIRECTION('ref_axis',(1.,0.,0.));
#4433=DIRECTION('center_axis',(0.,0.,-1.));
#4434=DIRECTION('ref_axis',(1.,0.,0.));
#4435=DIRECTION('',(0.,0.,-1.));
#4436=DIRECTION('center_axis',(0.,0.,-1.));
#4437=DIRECTION('ref_axis',(1.,0.,0.));
#4438=DIRECTION('center_axis',(0.,0.,1.));
#4439=DIRECTION('ref_axis',(1.,0.,0.));
#4440=DIRECTION('center_axis',(0.,0.,-1.));
#4441=DIRECTION('ref_axis',(1.,0.,0.));
#4442=DIRECTION('',(0.,0.,-1.));
#4443=DIRECTION('center_axis',(0.,0.,-1.));
#4444=DIRECTION('ref_axis',(1.,0.,0.));
#4445=DIRECTION('center_axis',(0.,0.,1.));
#4446=DIRECTION('ref_axis',(1.,0.,0.));
#4447=DIRECTION('center_axis',(0.,0.,-1.));
#4448=DIRECTION('ref_axis',(1.,0.,0.));
#4449=DIRECTION('',(0.,0.,-1.));
#4450=DIRECTION('center_axis',(0.,0.,-1.));
#4451=DIRECTION('ref_axis',(1.,0.,0.));
#4452=DIRECTION('center_axis',(0.,0.,1.));
#4453=DIRECTION('ref_axis',(1.,0.,0.));
#4454=DIRECTION('center_axis',(0.,0.,-1.));
#4455=DIRECTION('ref_axis',(1.,0.,0.));
#4456=DIRECTION('center_axis',(0.,0.,-1.));
#4457=DIRECTION('ref_axis',(1.,0.,0.));
#4458=DIRECTION('',(0.,0.,-1.));
#4459=DIRECTION('center_axis',(0.,0.,-1.));
#4460=DIRECTION('ref_axis',(1.,0.,0.));
#4461=DIRECTION('center_axis',(0.,0.,1.));
#4462=DIRECTION('ref_axis',(1.,0.,0.));
#4463=DIRECTION('center_axis',(0.,0.,-1.));
#4464=DIRECTION('ref_axis',(1.,0.,0.));
#4465=DIRECTION('center_axis',(0.,0.,-1.));
#4466=DIRECTION('ref_axis',(1.,0.,0.));
#4467=DIRECTION('',(0.,0.,-1.));
#4468=DIRECTION('center_axis',(0.,0.,-1.));
#4469=DIRECTION('ref_axis',(1.,0.,0.));
#4470=DIRECTION('center_axis',(0.,0.,1.));
#4471=DIRECTION('ref_axis',(1.,0.,0.));
#4472=DIRECTION('center_axis',(0.,0.,-1.));
#4473=DIRECTION('ref_axis',(1.,0.,0.));
#4474=DIRECTION('center_axis',(0.,0.,-1.));
#4475=DIRECTION('ref_axis',(1.,0.,0.));
#4476=DIRECTION('',(0.,0.,-1.));
#4477=DIRECTION('center_axis',(0.,0.,-1.));
#4478=DIRECTION('ref_axis',(1.,0.,0.));
#4479=DIRECTION('center_axis',(0.,0.,1.));
#4480=DIRECTION('ref_axis',(1.,0.,0.));
#4481=DIRECTION('center_axis',(0.,0.,-1.));
#4482=DIRECTION('ref_axis',(1.,0.,0.));
#4483=DIRECTION('center_axis',(0.,0.,-1.));
#4484=DIRECTION('ref_axis',(1.,0.,0.));
#4485=DIRECTION('',(0.,0.,-1.));
#4486=DIRECTION('center_axis',(0.,0.,-1.));
#4487=DIRECTION('ref_axis',(1.,0.,0.));
#4488=DIRECTION('center_axis',(0.,0.,1.));
#4489=DIRECTION('ref_axis',(1.,0.,0.));
#4490=DIRECTION('center_axis',(0.,0.,1.));
#4491=DIRECTION('ref_axis',(1.,0.,0.));
#4492=DIRECTION('center_axis',(0.,0.,1.));
#4493=DIRECTION('ref_axis',(1.,0.,0.));
#4494=DIRECTION('',(0.,0.,-1.));
#4495=DIRECTION('center_axis',(0.,0.,-1.));
#4496=DIRECTION('ref_axis',(1.,0.,0.));
#4497=DIRECTION('center_axis',(0.,0.,1.));
#4498=DIRECTION('ref_axis',(1.,0.,0.));
#4499=DIRECTION('center_axis',(0.,0.,1.));
#4500=DIRECTION('ref_axis',(1.,0.,0.));
#4501=DIRECTION('center_axis',(0.,0.,1.));
#4502=DIRECTION('ref_axis',(1.,0.,0.));
#4503=DIRECTION('',(0.,0.,-1.));
#4504=DIRECTION('center_axis',(0.,0.,-1.));
#4505=DIRECTION('ref_axis',(1.,0.,0.));
#4506=DIRECTION('center_axis',(0.,0.,1.));
#4507=DIRECTION('ref_axis',(1.,0.,0.));
#4508=DIRECTION('center_axis',(0.,0.,1.));
#4509=DIRECTION('ref_axis',(1.,0.,0.));
#4510=DIRECTION('center_axis',(0.,0.,1.));
#4511=DIRECTION('ref_axis',(1.,0.,0.));
#4512=DIRECTION('',(0.,0.,-1.));
#4513=DIRECTION('center_axis',(0.,0.,-1.));
#4514=DIRECTION('ref_axis',(1.,0.,0.));
#4515=DIRECTION('center_axis',(0.,0.,1.));
#4516=DIRECTION('ref_axis',(1.,0.,0.));
#4517=DIRECTION('center_axis',(0.,0.,1.));
#4518=DIRECTION('ref_axis',(1.,0.,0.));
#4519=DIRECTION('center_axis',(0.,0.,1.));
#4520=DIRECTION('ref_axis',(1.,0.,0.));
#4521=DIRECTION('',(0.,0.,-1.));
#4522=DIRECTION('center_axis',(0.,0.,-1.));
#4523=DIRECTION('ref_axis',(1.,0.,0.));
#4524=DIRECTION('center_axis',(0.,0.,1.));
#4525=DIRECTION('ref_axis',(1.,0.,0.));
#4526=DIRECTION('center_axis',(0.,0.,1.));
#4527=DIRECTION('ref_axis',(-0.972222222222222,-0.234059715921566,0.));
#4528=DIRECTION('center_axis',(0.,0.,1.));
#4529=DIRECTION('ref_axis',(-0.972222222222222,-0.234059715921566,0.));
#4530=DIRECTION('',(0.,0.,1.));
#4531=DIRECTION('center_axis',(0.,0.,1.));
#4532=DIRECTION('ref_axis',(0.972222222222222,0.234059715921566,0.));
#4533=DIRECTION('center_axis',(0.,0.,1.));
#4534=DIRECTION('ref_axis',(0.972222222222222,0.234059715921566,0.));
#4535=DIRECTION('',(0.,0.,-1.));
#4536=DIRECTION('center_axis',(1.,0.,0.));
#4537=DIRECTION('ref_axis',(0.,1.,0.));
#4538=DIRECTION('',(0.,1.,0.));
#4539=DIRECTION('',(0.,0.,1.));
#4540=DIRECTION('center_axis',(0.,0.,1.));
#4541=DIRECTION('ref_axis',(1.,0.,0.));
#4542=DIRECTION('',(1.,0.,0.));
#4543=DIRECTION('center_axis',(0.,0.,1.));
#4544=DIRECTION('ref_axis',(0.234059715921566,-0.972222222222222,0.));
#4545=DIRECTION('center_axis',(0.,0.,1.));
#4546=DIRECTION('ref_axis',(-0.234059715921566,0.972222222222222,0.));
#4547=DIRECTION('center_axis',(0.,0.,1.));
#4548=DIRECTION('ref_axis',(0.234059715921566,-0.972222222222222,0.));
#4549=DIRECTION('',(0.,0.,-1.));
#4550=DIRECTION('center_axis',(0.,-1.,0.));
#4551=DIRECTION('ref_axis',(1.,0.,0.));
#4552=DIRECTION('center_axis',(0.,0.,1.));
#4553=DIRECTION('ref_axis',(-0.234059715921566,0.972222222222222,0.));
#4554=DIRECTION('center_axis',(-1.,0.,0.));
#4555=DIRECTION('ref_axis',(0.,-1.,0.));
#4556=CARTESIAN_POINT('',(0.,0.,0.));
#4557=CARTESIAN_POINT('Origin',(0.,0.,-0.1));
#4558=CARTESIAN_POINT('',(4.55,-3.11,-0.1));
#4559=CARTESIAN_POINT('',(4.55,-2.09,-0.1));
#4560=CARTESIAN_POINT('',(4.55,-2.275,-0.1));
#4561=CARTESIAN_POINT('',(3.11,-3.11,-0.1));
#4562=CARTESIAN_POINT('',(-4.56,-3.11,-0.1));
#4563=CARTESIAN_POINT('',(3.11,-4.55,-0.1));
#4564=CARTESIAN_POINT('',(3.11,-4.56,-0.1));
#4565=CARTESIAN_POINT('',(2.09,-4.55,-0.1));
#4566=CARTESIAN_POINT('',(-2.275,-4.55,-0.1));
#4567=CARTESIAN_POINT('',(2.09,-3.11,-0.1));
#4568=CARTESIAN_POINT('',(2.09,4.56,-0.1));
#4569=CARTESIAN_POINT('',(-2.09,-3.11,-0.1));
#4570=CARTESIAN_POINT('',(-4.56,-3.11,-0.1));
#4571=CARTESIAN_POINT('',(-2.09,-4.55,-0.1));
#4572=CARTESIAN_POINT('',(-2.09,-4.56,-0.1));
#4573=CARTESIAN_POINT('',(-3.11,-4.55,-0.1));
#4574=CARTESIAN_POINT('',(-2.275,-4.55,-0.1));
#4575=CARTESIAN_POINT('',(-3.11,-3.11,-0.1));
#4576=CARTESIAN_POINT('',(-3.11,4.56,-0.1));
#4577=CARTESIAN_POINT('',(-4.55,-3.11,-0.1));
#4578=CARTESIAN_POINT('',(-4.56,-3.11,-0.1));
#4579=CARTESIAN_POINT('',(-4.55,-2.09,-0.1));
#4580=CARTESIAN_POINT('',(-4.55,2.275,-0.1));
#4581=CARTESIAN_POINT('',(-3.11,-2.09,-0.1));
#4582=CARTESIAN_POINT('',(4.56,-2.09,-0.1));
#4583=CARTESIAN_POINT('',(-3.11,2.09,-0.1));
#4584=CARTESIAN_POINT('',(-3.11,4.56,-0.1));
#4585=CARTESIAN_POINT('',(-4.55,2.09,-0.1));
#4586=CARTESIAN_POINT('',(-4.56,2.09,-0.1));
#4587=CARTESIAN_POINT('',(-4.55,3.11,-0.1));
#4588=CARTESIAN_POINT('',(-4.55,2.275,-0.1));
#4589=CARTESIAN_POINT('',(-3.11,3.11,-0.1));
#4590=CARTESIAN_POINT('',(4.56,3.11,-0.1));
#4591=CARTESIAN_POINT('',(-3.11,4.55,-0.1));
#4592=CARTESIAN_POINT('',(-3.11,4.56,-0.1));
#4593=CARTESIAN_POINT('',(-2.09,4.55,-0.1));
#4594=CARTESIAN_POINT('',(2.275,4.55,-0.1));
#4595=CARTESIAN_POINT('',(-2.09,3.11,-0.1));
#4596=CARTESIAN_POINT('',(-2.09,-4.56,-0.1));
#4597=CARTESIAN_POINT('',(2.09,3.11,-0.1));
#4598=CARTESIAN_POINT('',(4.56,3.11,-0.1));
#4599=CARTESIAN_POINT('',(2.09,4.55,-0.1));
#4600=CARTESIAN_POINT('',(2.09,4.56,-0.1));
#4601=CARTESIAN_POINT('',(3.11,4.55,-0.1));
#4602=CARTESIAN_POINT('',(2.275,4.55,-0.1));
#4603=CARTESIAN_POINT('',(3.11,3.11,-0.1));
#4604=CARTESIAN_POINT('',(3.11,-4.56,-0.1));
#4605=CARTESIAN_POINT('',(4.55,3.11,-0.1));
#4606=CARTESIAN_POINT('',(4.56,3.11,-0.1));
#4607=CARTESIAN_POINT('',(4.55,2.09,-0.1));
#4608=CARTESIAN_POINT('',(4.55,-2.275,-0.1));
#4609=CARTESIAN_POINT('',(3.11,2.09,-0.1));
#4610=CARTESIAN_POINT('',(-4.56,2.09,-0.1));
#4611=CARTESIAN_POINT('',(3.11,-2.09,-0.1));
#4612=CARTESIAN_POINT('',(3.11,-4.56,-0.1));
#4613=CARTESIAN_POINT('',(4.56,-2.09,-0.1));
#4614=CARTESIAN_POINT('Origin',(4.55,-4.55,-0.3));
#4615=CARTESIAN_POINT('',(4.55,-3.11,-0.21));
#4616=CARTESIAN_POINT('',(4.55,-3.11,-0.255));
#4617=CARTESIAN_POINT('',(4.55,-2.09,-0.21));
#4618=CARTESIAN_POINT('',(4.55,-2.09,-0.255));
#4619=CARTESIAN_POINT('',(4.55,-2.29,-0.21));
#4620=CARTESIAN_POINT('',(4.55,-2.275,-0.21));
#4621=CARTESIAN_POINT('',(4.55,-2.29,-0.3));
#4622=CARTESIAN_POINT('',(4.55,-2.29,-0.3));
#4623=CARTESIAN_POINT('',(4.55,2.29,-0.3));
#4624=CARTESIAN_POINT('',(4.55,-4.55,-0.3));
#4625=CARTESIAN_POINT('',(4.55,2.29,-0.21));
#4626=CARTESIAN_POINT('',(4.55,2.29,-0.3));
#4627=CARTESIAN_POINT('',(4.55,2.09,-0.21));
#4628=CARTESIAN_POINT('',(4.55,-2.275,-0.21));
#4629=CARTESIAN_POINT('',(4.55,2.09,-0.255));
#4630=CARTESIAN_POINT('',(4.55,3.11,-0.21));
#4631=CARTESIAN_POINT('',(4.55,3.11,-0.255));
#4632=CARTESIAN_POINT('',(4.55,2.91,-0.21));
#4633=CARTESIAN_POINT('',(4.55,-2.275,-0.21));
#4634=CARTESIAN_POINT('',(4.55,2.91,-0.3));
#4635=CARTESIAN_POINT('',(4.55,2.91,-0.3));
#4636=CARTESIAN_POINT('',(4.55,4.3,-0.3));
#4637=CARTESIAN_POINT('',(4.55,-4.55,-0.3));
#4638=CARTESIAN_POINT('',(4.55,4.3,2.2));
#4639=CARTESIAN_POINT('',(4.55,4.3,-0.3));
#4640=CARTESIAN_POINT('',(4.55,-4.3,2.2));
#4641=CARTESIAN_POINT('',(4.55,-4.55,2.2));
#4642=CARTESIAN_POINT('',(4.55,-4.3,-0.3));
#4643=CARTESIAN_POINT('',(4.55,-4.3,-0.3));
#4644=CARTESIAN_POINT('',(4.55,-2.91,-0.3));
#4645=CARTESIAN_POINT('',(4.55,-4.55,-0.3));
#4646=CARTESIAN_POINT('',(4.55,-2.91,-0.21));
#4647=CARTESIAN_POINT('',(4.55,-2.91,-0.3));
#4648=CARTESIAN_POINT('',(4.55,-2.275,-0.21));
#4649=CARTESIAN_POINT('',(4.55,-0.2,1.7));
#4650=CARTESIAN_POINT('',(4.55,-0.2,2.1));
#4651=CARTESIAN_POINT('',(4.55,-0.2,0.7));
#4652=CARTESIAN_POINT('',(4.55,1.8,2.1));
#4653=CARTESIAN_POINT('',(4.55,-1.875,2.1));
#4654=CARTESIAN_POINT('',(4.55,1.8,1.7));
#4655=CARTESIAN_POINT('',(4.55,1.8,0.7));
#4656=CARTESIAN_POINT('',(4.55,-1.875,1.7));
#4657=CARTESIAN_POINT('Origin',(4.55,4.55,-0.3));
#4658=CARTESIAN_POINT('',(3.11,4.55,-0.21));
#4659=CARTESIAN_POINT('',(3.11,4.55,-0.255));
#4660=CARTESIAN_POINT('',(2.09,4.55,-0.21));
#4661=CARTESIAN_POINT('',(2.09,4.55,-0.255));
#4662=CARTESIAN_POINT('',(2.29,4.55,-0.21));
#4663=CARTESIAN_POINT('',(2.275,4.55,-0.21));
#4664=CARTESIAN_POINT('',(2.29,4.55,-0.3));
#4665=CARTESIAN_POINT('',(2.29,4.55,-0.3));
#4666=CARTESIAN_POINT('',(-2.29,4.55,-0.3));
#4667=CARTESIAN_POINT('',(4.55,4.55,-0.3));
#4668=CARTESIAN_POINT('',(-2.29,4.55,-0.21));
#4669=CARTESIAN_POINT('',(-2.29,4.55,-0.3));
#4670=CARTESIAN_POINT('',(-2.09,4.55,-0.21));
#4671=CARTESIAN_POINT('',(2.275,4.55,-0.21));
#4672=CARTESIAN_POINT('',(-2.09,4.55,-0.255));
#4673=CARTESIAN_POINT('',(-3.11,4.55,-0.21));
#4674=CARTESIAN_POINT('',(-3.11,4.55,-0.255));
#4675=CARTESIAN_POINT('',(-2.91,4.55,-0.21));
#4676=CARTESIAN_POINT('',(2.275,4.55,-0.21));
#4677=CARTESIAN_POINT('',(-2.91,4.55,-0.3));
#4678=CARTESIAN_POINT('',(-2.91,4.55,-0.3));
#4679=CARTESIAN_POINT('',(-4.3,4.55,-0.3));
#4680=CARTESIAN_POINT('',(4.55,4.55,-0.3));
#4681=CARTESIAN_POINT('',(-4.3,4.55,2.2));
#4682=CARTESIAN_POINT('',(-4.3,4.55,-0.3));
#4683=CARTESIAN_POINT('',(4.3,4.55,2.2));
#4684=CARTESIAN_POINT('',(4.55,4.55,2.2));
#4685=CARTESIAN_POINT('',(4.3,4.55,-0.3));
#4686=CARTESIAN_POINT('',(4.3,4.55,-0.3));
#4687=CARTESIAN_POINT('',(2.91,4.55,-0.3));
#4688=CARTESIAN_POINT('',(4.55,4.55,-0.3));
#4689=CARTESIAN_POINT('',(2.91,4.55,-0.21));
#4690=CARTESIAN_POINT('',(2.91,4.55,-0.3));
#4691=CARTESIAN_POINT('',(2.275,4.55,-0.21));
#4692=CARTESIAN_POINT('',(1.79,4.55,1.89));
#4693=CARTESIAN_POINT('',(1.79,4.55,1.49));
#4694=CARTESIAN_POINT('',(1.79,4.55,0.595));
#4695=CARTESIAN_POINT('',(2.59,4.55,1.49));
#4696=CARTESIAN_POINT('',(3.37,4.55,1.49));
#4697=CARTESIAN_POINT('',(2.59,4.55,1.89));
#4698=CARTESIAN_POINT('',(2.59,4.55,0.595));
#4699=CARTESIAN_POINT('',(3.37,4.55,1.89));
#4700=CARTESIAN_POINT('Origin',(3.11,-4.56,-0.21));
#4701=CARTESIAN_POINT('',(3.11,-4.55,-0.21));
#4702=CARTESIAN_POINT('',(3.11,-4.55,-0.255));
#4703=CARTESIAN_POINT('',(3.11,-3.11,-0.21));
#4704=CARTESIAN_POINT('',(3.11,-3.11,-0.21));
#4705=CARTESIAN_POINT('',(3.11,-4.56,-0.21));
#4706=CARTESIAN_POINT('Origin',(4.56,-2.09,-0.21));
#4707=CARTESIAN_POINT('',(3.11,-2.09,-0.21));
#4708=CARTESIAN_POINT('',(3.11,-2.09,-0.21));
#4709=CARTESIAN_POINT('',(4.56,-2.09,-0.21));
#4710=CARTESIAN_POINT('Origin',(-2.09,-4.56,-0.21));
#4711=CARTESIAN_POINT('',(-2.09,-4.55,-0.21));
#4712=CARTESIAN_POINT('',(-2.09,-4.55,-0.255));
#4713=CARTESIAN_POINT('',(-2.09,-3.11,-0.21));
#4714=CARTESIAN_POINT('',(-2.09,-3.11,-0.21));
#4715=CARTESIAN_POINT('',(-2.09,-4.56,-0.21));
#4716=CARTESIAN_POINT('Origin',(4.56,3.11,-0.21));
#4717=CARTESIAN_POINT('',(3.11,3.11,-0.21));
#4718=CARTESIAN_POINT('',(3.11,3.11,-0.21));
#4719=CARTESIAN_POINT('',(4.56,3.11,-0.21));
#4720=CARTESIAN_POINT('Origin',(-4.56,-3.11,-0.21));
#4721=CARTESIAN_POINT('',(-4.55,-3.11,-0.21));
#4722=CARTESIAN_POINT('',(-4.55,-3.11,-0.255));
#4723=CARTESIAN_POINT('',(-3.11,-3.11,-0.21));
#4724=CARTESIAN_POINT('',(-3.11,-3.11,-0.21));
#4725=CARTESIAN_POINT('',(-4.56,-3.11,-0.21));
#4726=CARTESIAN_POINT('Origin',(2.09,4.56,-0.21));
#4727=CARTESIAN_POINT('',(2.09,3.11,-0.21));
#4728=CARTESIAN_POINT('',(2.09,3.11,-0.21));
#4729=CARTESIAN_POINT('',(2.09,4.56,-0.21));
#4730=CARTESIAN_POINT('Origin',(-4.56,2.09,-0.21));
#4731=CARTESIAN_POINT('',(-4.55,2.09,-0.21));
#4732=CARTESIAN_POINT('',(-4.55,2.09,-0.255));
#4733=CARTESIAN_POINT('',(-3.11,2.09,-0.21));
#4734=CARTESIAN_POINT('',(-3.11,2.09,-0.21));
#4735=CARTESIAN_POINT('',(-4.56,2.09,-0.21));
#4736=CARTESIAN_POINT('Origin',(-3.11,4.56,-0.21));
#4737=CARTESIAN_POINT('',(-3.11,3.11,-0.21));
#4738=CARTESIAN_POINT('',(-3.11,3.11,-0.21));
#4739=CARTESIAN_POINT('',(-3.11,4.56,-0.21));
#4740=CARTESIAN_POINT('Origin',(0.,0.,-0.21));
#4741=CARTESIAN_POINT('',(-4.55,3.11,-0.21));
#4742=CARTESIAN_POINT('',(4.56,3.11,-0.21));
#4743=CARTESIAN_POINT('',(-4.55,2.91,-0.21));
#4744=CARTESIAN_POINT('',(-4.55,2.275,-0.21));
#4745=CARTESIAN_POINT('',(-2.91,2.91,-0.21));
#4746=CARTESIAN_POINT('',(4.56,2.91,-0.21));
#4747=CARTESIAN_POINT('',(-2.91,4.56,-0.21));
#4748=CARTESIAN_POINT('Origin',(0.,0.,-0.21));
#4749=CARTESIAN_POINT('',(-4.55,-2.29,-0.21));
#4750=CARTESIAN_POINT('',(-4.55,-2.09,-0.21));
#4751=CARTESIAN_POINT('',(-4.55,2.275,-0.21));
#4752=CARTESIAN_POINT('',(-2.91,-2.29,-0.21));
#4753=CARTESIAN_POINT('',(4.56,-2.29,-0.21));
#4754=CARTESIAN_POINT('',(-2.91,2.29,-0.21));
#4755=CARTESIAN_POINT('',(-2.91,4.56,-0.21));
#4756=CARTESIAN_POINT('',(-4.55,2.29,-0.21));
#4757=CARTESIAN_POINT('',(-4.56,2.29,-0.21));
#4758=CARTESIAN_POINT('',(-4.55,2.275,-0.21));
#4759=CARTESIAN_POINT('',(-3.11,-2.09,-0.21));
#4760=CARTESIAN_POINT('',(-3.11,4.56,-0.21));
#4761=CARTESIAN_POINT('',(4.56,-2.09,-0.21));
#4762=CARTESIAN_POINT('Origin',(0.,0.,-0.21));
#4763=CARTESIAN_POINT('',(-2.09,3.11,-0.21));
#4764=CARTESIAN_POINT('',(4.56,3.11,-0.21));
#4765=CARTESIAN_POINT('',(-2.09,-4.56,-0.21));
#4766=CARTESIAN_POINT('',(-2.29,2.91,-0.21));
#4767=CARTESIAN_POINT('',(-2.29,-4.56,-0.21));
#4768=CARTESIAN_POINT('',(2.29,2.91,-0.21));
#4769=CARTESIAN_POINT('',(4.56,2.91,-0.21));
#4770=CARTESIAN_POINT('',(2.29,4.56,-0.21));
#4771=CARTESIAN_POINT('Origin',(0.,0.,-0.21));
#4772=CARTESIAN_POINT('',(-2.91,-4.55,-0.21));
#4773=CARTESIAN_POINT('',(-3.11,-4.55,-0.21));
#4774=CARTESIAN_POINT('',(-2.275,-4.55,-0.21));
#4775=CARTESIAN_POINT('',(-2.91,-2.91,-0.21));
#4776=CARTESIAN_POINT('',(-2.91,4.56,-0.21));
#4777=CARTESIAN_POINT('',(-4.55,-2.91,-0.21));
#4778=CARTESIAN_POINT('',(-4.56,-2.91,-0.21));
#4779=CARTESIAN_POINT('',(-4.55,2.275,-0.21));
#4780=CARTESIAN_POINT('',(-3.11,4.56,-0.21));
#4781=CARTESIAN_POINT('Origin',(0.,0.,-0.21));
#4782=CARTESIAN_POINT('',(3.11,-4.56,-0.21));
#4783=CARTESIAN_POINT('',(2.91,2.91,-0.21));
#4784=CARTESIAN_POINT('',(2.91,-4.56,-0.21));
#4785=CARTESIAN_POINT('',(4.56,2.91,-0.21));
#4786=CARTESIAN_POINT('Origin',(0.,0.,-0.21));
#4787=CARTESIAN_POINT('',(2.29,-4.55,-0.21));
#4788=CARTESIAN_POINT('',(2.09,-4.55,-0.21));
#4789=CARTESIAN_POINT('',(-2.275,-4.55,-0.21));
#4790=CARTESIAN_POINT('',(2.29,-2.91,-0.21));
#4791=CARTESIAN_POINT('',(2.29,4.56,-0.21));
#4792=CARTESIAN_POINT('',(-2.29,-2.91,-0.21));
#4793=CARTESIAN_POINT('',(-4.56,-2.91,-0.21));
#4794=CARTESIAN_POINT('',(-2.29,-4.55,-0.21));
#4795=CARTESIAN_POINT('',(-2.29,-4.56,-0.21));
#4796=CARTESIAN_POINT('',(-2.275,-4.55,-0.21));
#4797=CARTESIAN_POINT('',(2.09,-3.11,-0.21));
#4798=CARTESIAN_POINT('',(-4.56,-3.11,-0.21));
#4799=CARTESIAN_POINT('',(2.09,4.56,-0.21));
#4800=CARTESIAN_POINT('Origin',(0.,0.,-0.21));
#4801=CARTESIAN_POINT('',(3.11,2.09,-0.21));
#4802=CARTESIAN_POINT('',(3.11,-4.56,-0.21));
#4803=CARTESIAN_POINT('',(-4.56,2.09,-0.21));
#4804=CARTESIAN_POINT('',(2.91,2.29,-0.21));
#4805=CARTESIAN_POINT('',(-4.56,2.29,-0.21));
#4806=CARTESIAN_POINT('',(2.91,-2.29,-0.21));
#4807=CARTESIAN_POINT('',(2.91,-4.56,-0.21));
#4808=CARTESIAN_POINT('',(4.56,-2.29,-0.21));
#4809=CARTESIAN_POINT('Origin',(0.,0.,-0.21));
#4810=CARTESIAN_POINT('',(2.91,-2.91,-0.21));
#4811=CARTESIAN_POINT('',(-4.56,-2.91,-0.21));
#4812=CARTESIAN_POINT('',(2.91,-4.55,-0.21));
#4813=CARTESIAN_POINT('',(2.91,-4.56,-0.21));
#4814=CARTESIAN_POINT('',(-2.275,-4.55,-0.21));
#4815=CARTESIAN_POINT('',(-4.56,-3.11,-0.21));
#4816=CARTESIAN_POINT('Origin',(-2.09,3.11,-0.21));
#4817=CARTESIAN_POINT('',(-2.09,3.11,-0.21));
#4818=CARTESIAN_POINT('Origin',(2.09,3.11,-0.21));
#4819=CARTESIAN_POINT('Origin',(3.11,3.11,-0.21));
#4820=CARTESIAN_POINT('Origin',(3.11,2.09,-0.21));
#4821=CARTESIAN_POINT('',(3.11,2.09,-0.21));
#4822=CARTESIAN_POINT('Origin',(3.11,-2.09,-0.21));
#4823=CARTESIAN_POINT('Origin',(3.11,-3.11,-0.21));
#4824=CARTESIAN_POINT('Origin',(2.09,-3.11,-0.21));
#4825=CARTESIAN_POINT('',(2.09,-4.55,-0.255));
#4826=CARTESIAN_POINT('',(2.09,-3.11,-0.21));
#4827=CARTESIAN_POINT('Origin',(-2.09,-3.11,-0.21));
#4828=CARTESIAN_POINT('Origin',(-3.11,-3.11,-0.21));
#4829=CARTESIAN_POINT('',(-3.11,-4.55,-0.255));
#4830=CARTESIAN_POINT('Origin',(-3.11,-2.09,-0.21));
#4831=CARTESIAN_POINT('',(-4.55,-2.09,-0.255));
#4832=CARTESIAN_POINT('',(-3.11,-2.09,-0.21));
#4833=CARTESIAN_POINT('Origin',(-3.11,2.09,-0.21));
#4834=CARTESIAN_POINT('Origin',(-3.11,3.11,-0.21));
#4835=CARTESIAN_POINT('',(-4.55,3.11,-0.255));
#4836=CARTESIAN_POINT('Origin',(2.91,-4.56,-0.3));
#4837=CARTESIAN_POINT('',(2.91,-4.55,-0.3));
#4838=CARTESIAN_POINT('',(2.91,-4.55,-0.3));
#4839=CARTESIAN_POINT('',(2.91,-2.91,-0.3));
#4840=CARTESIAN_POINT('',(2.91,-2.91,-0.3));
#4841=CARTESIAN_POINT('',(2.91,-2.28,-0.3));
#4842=CARTESIAN_POINT('Origin',(4.56,-2.29,-0.3));
#4843=CARTESIAN_POINT('',(2.91,-2.29,-0.3));
#4844=CARTESIAN_POINT('',(2.91,-2.29,-0.3));
#4845=CARTESIAN_POINT('',(2.28,-2.29,-0.3));
#4846=CARTESIAN_POINT('Origin',(-2.29,-4.56,-0.3));
#4847=CARTESIAN_POINT('',(-2.29,-4.55,-0.3));
#4848=CARTESIAN_POINT('',(-2.29,-4.55,-0.3));
#4849=CARTESIAN_POINT('',(-2.29,-2.91,-0.3));
#4850=CARTESIAN_POINT('',(-2.29,-2.91,-0.3));
#4851=CARTESIAN_POINT('',(-2.29,-2.28,-0.3));
#4852=CARTESIAN_POINT('Origin',(-4.56,-2.91,-0.3));
#4853=CARTESIAN_POINT('',(-4.55,-2.91,-0.3));
#4854=CARTESIAN_POINT('',(-4.55,-2.91,-0.3));
#4855=CARTESIAN_POINT('',(-2.91,-2.91,-0.3));
#4856=CARTESIAN_POINT('',(-2.91,-2.91,-0.3));
#4857=CARTESIAN_POINT('',(-2.28,-2.91,-0.3));
#4858=CARTESIAN_POINT('Origin',(4.56,2.91,-0.3));
#4859=CARTESIAN_POINT('',(2.91,2.91,-0.3));
#4860=CARTESIAN_POINT('',(2.91,2.91,-0.3));
#4861=CARTESIAN_POINT('',(2.28,2.91,-0.3));
#4862=CARTESIAN_POINT('Origin',(2.29,4.56,-0.3));
#4863=CARTESIAN_POINT('',(2.29,2.91,-0.3));
#4864=CARTESIAN_POINT('',(2.29,2.91,-0.3));
#4865=CARTESIAN_POINT('',(2.29,2.28,-0.3));
#4866=CARTESIAN_POINT('Origin',(-4.56,2.29,-0.3));
#4867=CARTESIAN_POINT('',(-4.55,2.29,-0.3));
#4868=CARTESIAN_POINT('',(-4.55,2.29,-0.3));
#4869=CARTESIAN_POINT('',(-2.91,2.29,-0.3));
#4870=CARTESIAN_POINT('',(-2.91,2.29,-0.3));
#4871=CARTESIAN_POINT('',(-2.28,2.29,-0.3));
#4872=CARTESIAN_POINT('Origin',(-2.29,2.91,-0.3));
#4873=CARTESIAN_POINT('',(-2.29,2.91,-0.3));
#4874=CARTESIAN_POINT('',(-2.29,1.455,-0.3));
#4875=CARTESIAN_POINT('',(-2.29,2.91,-0.3));
#4876=CARTESIAN_POINT('Origin',(2.29,2.91,-0.3));
#4877=CARTESIAN_POINT('',(1.145,2.91,-0.3));
#4878=CARTESIAN_POINT('Origin',(2.91,2.91,-0.3));
#4879=CARTESIAN_POINT('',(2.91,1.455,-0.3));
#4880=CARTESIAN_POINT('Origin',(2.91,2.29,-0.3));
#4881=CARTESIAN_POINT('',(2.91,2.29,-0.3));
#4882=CARTESIAN_POINT('',(1.455,2.29,-0.3));
#4883=CARTESIAN_POINT('',(2.91,2.29,-0.3));
#4884=CARTESIAN_POINT('Origin',(2.91,-2.29,-0.3));
#4885=CARTESIAN_POINT('',(2.91,-1.145,-0.3));
#4886=CARTESIAN_POINT('Origin',(2.91,-2.91,-0.3));
#4887=CARTESIAN_POINT('',(1.455,-2.91,-0.3));
#4888=CARTESIAN_POINT('Origin',(2.29,-2.91,-0.3));
#4889=CARTESIAN_POINT('',(2.29,-4.55,-0.3));
#4890=CARTESIAN_POINT('',(2.29,-4.55,-0.3));
#4891=CARTESIAN_POINT('',(2.29,-2.91,-0.3));
#4892=CARTESIAN_POINT('',(2.29,-1.455,-0.3));
#4893=CARTESIAN_POINT('',(2.29,-2.91,-0.3));
#4894=CARTESIAN_POINT('Origin',(-2.29,-2.91,-0.3));
#4895=CARTESIAN_POINT('',(-1.145,-2.91,-0.3));
#4896=CARTESIAN_POINT('Origin',(-2.91,-2.91,-0.3));
#4897=CARTESIAN_POINT('',(-2.91,-4.55,-0.3));
#4898=CARTESIAN_POINT('',(-2.91,-4.55,-0.3));
#4899=CARTESIAN_POINT('',(-2.91,-1.455,-0.3));
#4900=CARTESIAN_POINT('Origin',(-2.91,-2.29,-0.3));
#4901=CARTESIAN_POINT('',(-4.55,-2.29,-0.3));
#4902=CARTESIAN_POINT('',(-4.55,-2.29,-0.3));
#4903=CARTESIAN_POINT('',(-2.91,-2.29,-0.3));
#4904=CARTESIAN_POINT('',(-1.455,-2.29,-0.3));
#4905=CARTESIAN_POINT('',(-2.91,-2.29,-0.3));
#4906=CARTESIAN_POINT('Origin',(-2.91,2.29,-0.3));
#4907=CARTESIAN_POINT('',(-2.91,1.145,-0.3));
#4908=CARTESIAN_POINT('Origin',(-2.91,2.91,-0.3));
#4909=CARTESIAN_POINT('',(-4.55,2.91,-0.3));
#4910=CARTESIAN_POINT('',(-4.55,2.91,-0.3));
#4911=CARTESIAN_POINT('',(-2.91,2.91,-0.3));
#4912=CARTESIAN_POINT('',(-1.455,2.91,-0.3));
#4913=CARTESIAN_POINT('',(-2.91,2.91,-0.3));
#4914=CARTESIAN_POINT('Origin',(-2.91,4.56,-0.3));
#4915=CARTESIAN_POINT('',(-2.91,2.28,-0.3));
#4916=CARTESIAN_POINT('Origin',(0.,0.,-0.3));
#4917=CARTESIAN_POINT('Origin',(0.,0.,-0.3));
#4918=CARTESIAN_POINT('Origin',(4.3,4.3,-0.3));
#4919=CARTESIAN_POINT('',(3.905,4.215,-0.3));
#4920=CARTESIAN_POINT('Origin',(4.215,4.215,-0.3));
#4921=CARTESIAN_POINT('Origin',(0.,0.,-0.3));
#4922=CARTESIAN_POINT('Origin',(0.,0.,-0.3));
#4923=CARTESIAN_POINT('',(-4.55,4.3,-0.3));
#4924=CARTESIAN_POINT('',(-4.55,4.55,-0.3));
#4925=CARTESIAN_POINT('Origin',(-4.3,4.3,-0.3));
#4926=CARTESIAN_POINT('',(-4.525,4.215,-0.3));
#4927=CARTESIAN_POINT('Origin',(-4.215,4.215,-0.3));
#4928=CARTESIAN_POINT('Origin',(0.,0.,-0.3));
#4929=CARTESIAN_POINT('',(-4.55,4.55,-0.3));
#4930=CARTESIAN_POINT('Origin',(0.,0.,-0.3));
#4931=CARTESIAN_POINT('',(-4.3,-4.55,-0.3));
#4932=CARTESIAN_POINT('',(-4.55,-4.55,-0.3));
#4933=CARTESIAN_POINT('',(-4.55,-4.3,-0.3));
#4934=CARTESIAN_POINT('Origin',(-4.3,-4.3,-0.3));
#4935=CARTESIAN_POINT('',(-4.55,4.55,-0.3));
#4936=CARTESIAN_POINT('',(-4.525,-4.215,-0.3));
#4937=CARTESIAN_POINT('Origin',(-4.215,-4.215,-0.3));
#4938=CARTESIAN_POINT('Origin',(0.,0.,-0.3));
#4939=CARTESIAN_POINT('',(-4.55,-4.55,-0.3));
#4940=CARTESIAN_POINT('Origin',(0.,0.,-0.3));
#4941=CARTESIAN_POINT('',(4.3,-4.55,-0.3));
#4942=CARTESIAN_POINT('Origin',(4.3,-4.3,-0.3));
#4943=CARTESIAN_POINT('',(-4.55,-4.55,-0.3));
#4944=CARTESIAN_POINT('',(3.905,-4.215,-0.3));
#4945=CARTESIAN_POINT('Origin',(4.215,-4.215,-0.3));
#4946=CARTESIAN_POINT('Origin',(-4.49,4.49,0.));
#4947=CARTESIAN_POINT('',(-4.51595320997279,4.42595320997279,0.));
#4948=CARTESIAN_POINT('',(-4.42595320997279,4.51595320997279,0.));
#4949=CARTESIAN_POINT('Origin',(-4.3,4.3,0.));
#4950=CARTESIAN_POINT('',(-4.49,4.4,0.));
#4951=CARTESIAN_POINT('',(-4.58,4.49,0.));
#4952=CARTESIAN_POINT('',(-4.4,4.49,0.));
#4953=CARTESIAN_POINT('',(-4.49,4.4,0.));
#4954=CARTESIAN_POINT('',(-4.4,4.49,0.));
#4955=CARTESIAN_POINT('Origin',(-4.4,4.49,0.));
#4956=CARTESIAN_POINT('',(-4.42595320997279,4.51595320997279,2.2));
#4957=CARTESIAN_POINT('',(-4.42595320997279,4.51595320997279,-0.3));
#4958=CARTESIAN_POINT('',(-4.4,4.49,2.2));
#4959=CARTESIAN_POINT('',(-4.4,4.49,0.));
#4960=CARTESIAN_POINT('',(-2.1775,2.2675,2.2));
#4961=CARTESIAN_POINT('Origin',(-4.49,4.4,0.));
#4962=CARTESIAN_POINT('',(-4.49,4.4,2.2));
#4963=CARTESIAN_POINT('',(-4.49,4.4,0.));
#4964=CARTESIAN_POINT('',(-4.4675,4.4225,2.2));
#4965=CARTESIAN_POINT('Origin',(-4.58,4.49,0.));
#4966=CARTESIAN_POINT('',(-4.51595320997279,4.42595320997279,2.2));
#4967=CARTESIAN_POINT('',(-4.51595320997279,4.42595320997279,-0.3));
#4968=CARTESIAN_POINT('',(-2.3125,2.2225,2.2));
#4969=CARTESIAN_POINT('Origin',(4.49,-4.49,0.));
#4970=CARTESIAN_POINT('',(4.51595320997279,-4.42595320997279,0.));
#4971=CARTESIAN_POINT('',(4.42595320997279,-4.51595320997279,0.));
#4972=CARTESIAN_POINT('Origin',(4.3,-4.3,0.));
#4973=CARTESIAN_POINT('',(4.49,-4.4,0.));
#4974=CARTESIAN_POINT('',(4.58,-4.49,0.));
#4975=CARTESIAN_POINT('',(4.4,-4.49,0.));
#4976=CARTESIAN_POINT('',(4.49,-4.4,0.));
#4977=CARTESIAN_POINT('',(4.4,-4.49,0.));
#4978=CARTESIAN_POINT('Origin',(4.4,-4.49,0.));
#4979=CARTESIAN_POINT('',(4.42595320997279,-4.51595320997279,2.2));
#4980=CARTESIAN_POINT('',(4.42595320997279,-4.51595320997279,-0.3));
#4981=CARTESIAN_POINT('',(4.4,-4.49,2.2));
#4982=CARTESIAN_POINT('',(4.4,-4.49,0.));
#4983=CARTESIAN_POINT('',(2.1775,-2.2675,2.2));
#4984=CARTESIAN_POINT('Origin',(4.58,-4.49,0.));
#4985=CARTESIAN_POINT('',(4.51595320997279,-4.42595320997279,2.2));
#4986=CARTESIAN_POINT('',(4.51595320997279,-4.42595320997279,-0.3));
#4987=CARTESIAN_POINT('',(4.49,-4.4,2.2));
#4988=CARTESIAN_POINT('',(2.3125,-2.2225,2.2));
#4989=CARTESIAN_POINT('',(4.49,-4.4,0.));
#4990=CARTESIAN_POINT('Origin',(4.49,-4.4,0.));
#4991=CARTESIAN_POINT('',(4.4675,-4.4225,2.2));
#4992=CARTESIAN_POINT('Origin',(4.49,4.49,0.));
#4993=CARTESIAN_POINT('',(4.42595320997279,4.51595320997279,0.));
#4994=CARTESIAN_POINT('',(4.51595320997279,4.42595320997279,0.));
#4995=CARTESIAN_POINT('Origin',(4.3,4.3,0.));
#4996=CARTESIAN_POINT('',(4.4,4.49,0.));
#4997=CARTESIAN_POINT('',(4.49,4.58,0.));
#4998=CARTESIAN_POINT('',(4.49,4.4,0.));
#4999=CARTESIAN_POINT('',(4.4,4.49,0.));
#5000=CARTESIAN_POINT('',(4.49,4.4,0.));
#5001=CARTESIAN_POINT('Origin',(4.49,4.4,0.));
#5002=CARTESIAN_POINT('',(4.51595320997279,4.42595320997279,2.2));
#5003=CARTESIAN_POINT('',(4.51595320997279,4.42595320997279,-0.3));
#5004=CARTESIAN_POINT('',(4.49,4.4,2.2));
#5005=CARTESIAN_POINT('',(4.49,4.4,0.));
#5006=CARTESIAN_POINT('',(2.2675,2.1775,2.2));
#5007=CARTESIAN_POINT('Origin',(4.4,4.49,0.));
#5008=CARTESIAN_POINT('',(4.4,4.49,2.2));
#5009=CARTESIAN_POINT('',(4.4,4.49,0.));
#5010=CARTESIAN_POINT('',(4.4225,4.4675,2.2));
#5011=CARTESIAN_POINT('Origin',(4.49,4.58,0.));
#5012=CARTESIAN_POINT('',(4.42595320997279,4.51595320997279,2.2));
#5013=CARTESIAN_POINT('',(4.42595320997279,4.51595320997279,-0.3));
#5014=CARTESIAN_POINT('',(2.2225,2.3125,2.2));
#5015=CARTESIAN_POINT('Origin',(-4.49,-4.58,0.));
#5016=CARTESIAN_POINT('',(-4.42595320997279,-4.51595320997279,2.2));
#5017=CARTESIAN_POINT('',(-4.42595320997279,-4.51595320997279,0.));
#5018=CARTESIAN_POINT('',(-4.42595320997279,-4.51595320997279,-0.3));
#5019=CARTESIAN_POINT('',(-4.4,-4.49,2.2));
#5020=CARTESIAN_POINT('',(-2.2225,-2.3125,2.2));
#5021=CARTESIAN_POINT('',(-4.4,-4.49,0.));
#5022=CARTESIAN_POINT('',(-4.4,-4.49,0.));
#5023=CARTESIAN_POINT('',(-4.49,-4.58,0.));
#5024=CARTESIAN_POINT('Origin',(-4.49,-4.49,0.));
#5025=CARTESIAN_POINT('',(-4.51595320997279,-4.42595320997279,0.));
#5026=CARTESIAN_POINT('Origin',(-4.3,-4.3,0.));
#5027=CARTESIAN_POINT('',(-4.49,-4.4,0.));
#5028=CARTESIAN_POINT('',(-4.4,-4.49,0.));
#5029=CARTESIAN_POINT('',(-4.49,-4.4,0.));
#5030=CARTESIAN_POINT('Origin',(-4.4,-4.49,0.));
#5031=CARTESIAN_POINT('',(-4.49,-4.4,2.2));
#5032=CARTESIAN_POINT('',(-4.4225,-4.4675,2.2));
#5033=CARTESIAN_POINT('',(-4.49,-4.4,0.));
#5034=CARTESIAN_POINT('Origin',(-4.49,-4.4,0.));
#5035=CARTESIAN_POINT('',(-4.51595320997279,-4.42595320997279,2.2));
#5036=CARTESIAN_POINT('',(-4.51595320997279,-4.42595320997279,-0.3));
#5037=CARTESIAN_POINT('',(-2.2675,-2.1775,2.2));
#5038=CARTESIAN_POINT('Origin',(-4.3,4.3,-0.3));
#5039=CARTESIAN_POINT('Origin',(-4.3,4.3,2.2));
#5040=CARTESIAN_POINT('',(-4.55,4.3,2.2));
#5041=CARTESIAN_POINT('',(-4.55,4.3,-0.3));
#5042=CARTESIAN_POINT('Origin',(-4.3,4.3,2.2));
#5043=CARTESIAN_POINT('Origin',(4.3,-4.3,-0.3));
#5044=CARTESIAN_POINT('',(4.3,-4.55,2.2));
#5045=CARTESIAN_POINT('Origin',(4.3,-4.3,2.2));
#5046=CARTESIAN_POINT('',(4.3,-4.55,-0.3));
#5047=CARTESIAN_POINT('Origin',(4.3,-4.3,2.2));
#5048=CARTESIAN_POINT('Origin',(4.3,4.3,-0.3));
#5049=CARTESIAN_POINT('Origin',(4.3,4.3,2.2));
#5050=CARTESIAN_POINT('Origin',(4.3,4.3,2.2));
#5051=CARTESIAN_POINT('Origin',(0.,0.,2.2));
#5052=CARTESIAN_POINT('',(-4.55,-4.3,2.2));
#5053=CARTESIAN_POINT('',(-4.55,4.55,2.2));
#5054=CARTESIAN_POINT('Origin',(-4.3,-4.3,2.2));
#5055=CARTESIAN_POINT('',(-4.3,-4.55,2.2));
#5056=CARTESIAN_POINT('Origin',(-4.3,-4.3,2.2));
#5057=CARTESIAN_POINT('',(-4.55,-4.55,2.2));
#5058=CARTESIAN_POINT('',(4.25,2.8,2.2));
#5059=CARTESIAN_POINT('',(4.445,2.8,2.2));
#5060=CARTESIAN_POINT('',(2.2225,2.8,2.2));
#5061=CARTESIAN_POINT('',(4.445,-1.2,2.2));
#5062=CARTESIAN_POINT('',(4.445,-0.6,2.2));
#5063=CARTESIAN_POINT('',(4.25,-1.2,2.2));
#5064=CARTESIAN_POINT('',(2.12,-1.2,2.2));
#5065=CARTESIAN_POINT('',(4.25,-3.45278449319529,2.2));
#5066=CARTESIAN_POINT('',(4.25,-2.125,2.2));
#5067=CARTESIAN_POINT('',(3.45278449319529,-4.25,2.2));
#5068=CARTESIAN_POINT('Origin',(3.2,-3.2,2.2));
#5069=CARTESIAN_POINT('',(-3.45278449319529,-4.25,2.2));
#5070=CARTESIAN_POINT('',(-2.125,-4.25,2.2));
#5071=CARTESIAN_POINT('',(-4.25,-3.45278449319529,2.2));
#5072=CARTESIAN_POINT('Origin',(-3.2,-3.2,2.2));
#5073=CARTESIAN_POINT('',(-4.25,-1.2,2.2));
#5074=CARTESIAN_POINT('',(-4.25,2.125,2.2));
#5075=CARTESIAN_POINT('',(-4.39,-1.2,2.2));
#5076=CARTESIAN_POINT('',(-2.195,-1.2,2.2));
#5077=CARTESIAN_POINT('',(-4.39,1.2,2.2));
#5078=CARTESIAN_POINT('',(-4.39,0.6,2.2));
#5079=CARTESIAN_POINT('',(-4.25,1.2,2.2));
#5080=CARTESIAN_POINT('',(-2.12,1.2,2.2));
#5081=CARTESIAN_POINT('',(-4.25,3.45278449319529,2.2));
#5082=CARTESIAN_POINT('',(-4.25,2.125,2.2));
#5083=CARTESIAN_POINT('',(-3.45278449319529,4.25,2.2));
#5084=CARTESIAN_POINT('Origin',(-3.2,3.2,2.2));
#5085=CARTESIAN_POINT('',(1.65,4.25,2.2));
#5086=CARTESIAN_POINT('',(2.125,4.25,2.2));
#5087=CARTESIAN_POINT('',(1.65,4.35,2.2));
#5088=CARTESIAN_POINT('',(1.65,2.175,2.2));
#5089=CARTESIAN_POINT('',(2.75,4.35,2.2));
#5090=CARTESIAN_POINT('',(1.375,4.35,2.2));
#5091=CARTESIAN_POINT('',(2.75,4.25,2.2));
#5092=CARTESIAN_POINT('',(2.75,2.12,2.2));
#5093=CARTESIAN_POINT('',(3.45278449319529,4.25,2.2));
#5094=CARTESIAN_POINT('',(2.125,4.25,2.2));
#5095=CARTESIAN_POINT('',(4.25,3.45278449319529,2.2));
#5096=CARTESIAN_POINT('Origin',(3.2,3.2,2.2));
#5097=CARTESIAN_POINT('',(4.25,-2.125,2.2));
#5098=CARTESIAN_POINT('',(-4.515,-4.215,2.2));
#5099=CARTESIAN_POINT('Origin',(-4.215,-4.215,2.2));
#5100=CARTESIAN_POINT('',(3.915,4.215,2.2));
#5101=CARTESIAN_POINT('Origin',(4.215,4.215,2.2));
#5102=CARTESIAN_POINT('',(3.915,-4.215,2.2));
#5103=CARTESIAN_POINT('Origin',(4.215,-4.215,2.2));
#5104=CARTESIAN_POINT('',(-4.515,4.215,2.2));
#5105=CARTESIAN_POINT('Origin',(-4.215,4.215,2.2));
#5106=CARTESIAN_POINT('Origin',(-4.3,-4.3,-0.3));
#5107=CARTESIAN_POINT('',(-4.55,-4.3,-0.3));
#5108=CARTESIAN_POINT('',(-4.3,-4.55,-0.3));
#5109=CARTESIAN_POINT('Origin',(-4.55,-4.55,-0.3));
#5110=CARTESIAN_POINT('',(-0.575,-4.55,0.85));
#5111=CARTESIAN_POINT('',(-0.575,-4.55,1.53));
#5112=CARTESIAN_POINT('',(-0.575,-4.55,0.275));
#5113=CARTESIAN_POINT('',(0.575,-4.55,1.53));
#5114=CARTESIAN_POINT('',(-2.275,-4.55,1.53));
#5115=CARTESIAN_POINT('',(0.575,-4.55,0.85));
#5116=CARTESIAN_POINT('',(0.575,-4.55,0.275));
#5117=CARTESIAN_POINT('',(-2.275,-4.55,0.85));
#5118=CARTESIAN_POINT('Origin',(4.65,1.8,1.7));
#5119=CARTESIAN_POINT('',(4.445,1.8,1.7));
#5120=CARTESIAN_POINT('',(4.445,1.8,2.1));
#5121=CARTESIAN_POINT('',(4.445,1.8,1.625));
#5122=CARTESIAN_POINT('',(4.65,1.8,1.7));
#5123=CARTESIAN_POINT('',(4.65,1.8,2.1));
#5124=CARTESIAN_POINT('Origin',(4.525,0.8,2.1));
#5125=CARTESIAN_POINT('',(4.445,-0.2,2.1));
#5126=CARTESIAN_POINT('',(4.445,-0.2,2.1));
#5127=CARTESIAN_POINT('',(4.4,-0.2,2.1));
#5128=CARTESIAN_POINT('Origin',(4.4,-0.2,1.7));
#5129=CARTESIAN_POINT('',(4.445,-0.2,1.7));
#5130=CARTESIAN_POINT('',(4.445,-0.2,1.625));
#5131=CARTESIAN_POINT('',(4.4,-0.2,1.7));
#5132=CARTESIAN_POINT('Origin',(4.525,0.8,1.7));
#5133=CARTESIAN_POINT('',(4.445,-0.2,1.7));
#5134=CARTESIAN_POINT('Origin',(4.445,-1.2,1.55));
#5135=CARTESIAN_POINT('',(4.445,2.8,1.55));
#5136=CARTESIAN_POINT('',(4.445,2.8,1.55));
#5137=CARTESIAN_POINT('',(4.445,-1.2,1.55));
#5138=CARTESIAN_POINT('',(4.445,-1.2,1.55));
#5139=CARTESIAN_POINT('',(4.445,-1.2,1.55));
#5140=CARTESIAN_POINT('Origin',(4.24,-1.2,1.55));
#5141=CARTESIAN_POINT('',(4.25,-1.2,1.55));
#5142=CARTESIAN_POINT('',(4.24,-1.2,1.55));
#5143=CARTESIAN_POINT('',(4.25,-1.2,0.775));
#5144=CARTESIAN_POINT('Origin',(4.445,2.8,1.55));
#5145=CARTESIAN_POINT('',(4.25,2.8,1.55));
#5146=CARTESIAN_POINT('',(4.25,2.8,0.775));
#5147=CARTESIAN_POINT('',(4.445,2.8,1.55));
#5148=CARTESIAN_POINT('Origin',(4.3425,0.8,1.55));
#5149=CARTESIAN_POINT('',(4.25,-1.725,1.55));
#5150=CARTESIAN_POINT('Origin',(-4.24,1.2,0.95));
#5151=CARTESIAN_POINT('',(-4.39,1.2,0.95));
#5152=CARTESIAN_POINT('',(-4.39,1.2,0.95));
#5153=CARTESIAN_POINT('',(-4.25,1.2,0.95));
#5154=CARTESIAN_POINT('',(-4.24,1.2,0.95));
#5155=CARTESIAN_POINT('',(-4.25,1.2,0.475));
#5156=CARTESIAN_POINT('Origin',(-4.315,0.,0.95));
#5157=CARTESIAN_POINT('',(-4.25,-1.2,0.95));
#5158=CARTESIAN_POINT('',(-4.25,2.125,0.95));
#5159=CARTESIAN_POINT('',(-4.39,-1.2,0.95));
#5160=CARTESIAN_POINT('',(-4.39,1.2,0.95));
#5161=CARTESIAN_POINT('',(-4.39,-1.2,0.95));
#5162=CARTESIAN_POINT('Origin',(-4.39,-1.2,0.95));
#5163=CARTESIAN_POINT('',(-4.25,-1.2,0.475));
#5164=CARTESIAN_POINT('',(-4.39,-1.2,0.95));
#5165=CARTESIAN_POINT('Origin',(-4.39,1.2,0.95));
#5166=CARTESIAN_POINT('Origin',(-4.25,4.25,0.));
#5167=CARTESIAN_POINT('',(-4.25,-3.45278449319529,0.));
#5168=CARTESIAN_POINT('',(-4.25,-3.45278449319529,0.));
#5169=CARTESIAN_POINT('',(-4.25,3.45278449319529,0.));
#5170=CARTESIAN_POINT('',(-4.25,4.25,0.));
#5171=CARTESIAN_POINT('',(-4.25,3.45278449319529,0.));
#5172=CARTESIAN_POINT('Origin',(2.59,4.1,1.49));
#5173=CARTESIAN_POINT('',(2.59,4.35,1.89));
#5174=CARTESIAN_POINT('',(2.59,4.35,1.49));
#5175=CARTESIAN_POINT('',(2.59,4.35,1.395));
#5176=CARTESIAN_POINT('',(2.59,4.1,1.89));
#5177=CARTESIAN_POINT('',(2.59,4.1,1.49));
#5178=CARTESIAN_POINT('Origin',(2.19,4.4,1.49));
#5179=CARTESIAN_POINT('',(1.79,4.35,1.49));
#5180=CARTESIAN_POINT('',(2.47,4.35,1.49));
#5181=CARTESIAN_POINT('',(1.79,4.7,1.49));
#5182=CARTESIAN_POINT('Origin',(1.79,4.7,1.49));
#5183=CARTESIAN_POINT('',(1.79,4.35,1.89));
#5184=CARTESIAN_POINT('',(1.79,4.35,1.395));
#5185=CARTESIAN_POINT('',(1.79,4.7,1.89));
#5186=CARTESIAN_POINT('Origin',(2.19,4.4,1.89));
#5187=CARTESIAN_POINT('',(2.47,4.35,1.89));
#5188=CARTESIAN_POINT('Origin',(2.75,4.24,1.3));
#5189=CARTESIAN_POINT('',(2.75,4.35,1.3));
#5190=CARTESIAN_POINT('',(2.75,4.35,1.3));
#5191=CARTESIAN_POINT('',(2.75,4.25,1.3));
#5192=CARTESIAN_POINT('',(2.75,4.24,1.3));
#5193=CARTESIAN_POINT('',(2.75,4.25,0.65));
#5194=CARTESIAN_POINT('Origin',(2.2,4.295,1.3));
#5195=CARTESIAN_POINT('',(1.65,4.25,1.3));
#5196=CARTESIAN_POINT('',(3.225,4.25,1.3));
#5197=CARTESIAN_POINT('',(1.65,4.35,1.3));
#5198=CARTESIAN_POINT('',(2.75,4.35,1.3));
#5199=CARTESIAN_POINT('',(1.65,4.35,1.3));
#5200=CARTESIAN_POINT('Origin',(2.75,4.35,1.3));
#5201=CARTESIAN_POINT('',(1.65,4.35,1.3));
#5202=CARTESIAN_POINT('Origin',(1.65,4.35,1.3));
#5203=CARTESIAN_POINT('',(1.65,4.25,0.65));
#5204=CARTESIAN_POINT('Origin',(4.25,4.25,0.));
#5205=CARTESIAN_POINT('',(-3.45278449319529,4.25,0.));
#5206=CARTESIAN_POINT('',(-3.45278449319529,4.25,0.));
#5207=CARTESIAN_POINT('',(3.45278449319529,4.25,0.));
#5208=CARTESIAN_POINT('',(4.25,4.25,0.));
#5209=CARTESIAN_POINT('',(3.45278449319529,4.25,0.));
#5210=CARTESIAN_POINT('Origin',(0.575,-4.7,0.85));
#5211=CARTESIAN_POINT('',(0.575,-4.25,0.85));
#5212=CARTESIAN_POINT('',(0.575,-4.25,1.53));
#5213=CARTESIAN_POINT('',(0.575,-4.25,0.425));
#5214=CARTESIAN_POINT('',(0.575,-4.7,0.85));
#5215=CARTESIAN_POINT('',(0.575,-4.7,1.53));
#5216=CARTESIAN_POINT('Origin',(0.,-4.35,1.53));
#5217=CARTESIAN_POINT('',(-0.575,-4.25,1.53));
#5218=CARTESIAN_POINT('',(-2.125,-4.25,1.53));
#5219=CARTESIAN_POINT('',(-0.575,-4.,1.53));
#5220=CARTESIAN_POINT('Origin',(-0.575,-4.,0.85));
#5221=CARTESIAN_POINT('',(-0.575,-4.25,0.85));
#5222=CARTESIAN_POINT('',(-0.575,-4.25,0.425));
#5223=CARTESIAN_POINT('',(-0.575,-4.,0.85));
#5224=CARTESIAN_POINT('Origin',(0.,-4.35,0.85));
#5225=CARTESIAN_POINT('',(-2.125,-4.25,0.85));
#5226=CARTESIAN_POINT('Origin',(3.26,1.6,0.));
#5227=CARTESIAN_POINT('',(3.1,1.6,0.));
#5228=CARTESIAN_POINT('',(3.26,1.6,0.));
#5229=CARTESIAN_POINT('',(1.63,1.6,0.));
#5230=CARTESIAN_POINT('',(3.1,1.6,0.8));
#5231=CARTESIAN_POINT('',(3.1,1.6,0.));
#5232=CARTESIAN_POINT('',(3.26,1.6,0.8));
#5233=CARTESIAN_POINT('',(3.26,1.6,0.8));
#5234=CARTESIAN_POINT('',(3.26,1.6,0.));
#5235=CARTESIAN_POINT('Origin',(3.26,0.4,0.));
#5236=CARTESIAN_POINT('',(3.26,0.4,0.));
#5237=CARTESIAN_POINT('',(3.26,0.2,0.));
#5238=CARTESIAN_POINT('',(3.26,0.4,0.8));
#5239=CARTESIAN_POINT('',(3.26,0.4,0.8));
#5240=CARTESIAN_POINT('',(3.26,0.4,0.));
#5241=CARTESIAN_POINT('Origin',(3.1,0.4,0.));
#5242=CARTESIAN_POINT('',(3.1,0.4,0.));
#5243=CARTESIAN_POINT('',(1.55,0.4,0.));
#5244=CARTESIAN_POINT('',(3.1,0.4,0.8));
#5245=CARTESIAN_POINT('',(3.1,0.4,0.8));
#5246=CARTESIAN_POINT('',(3.1,0.4,0.));
#5247=CARTESIAN_POINT('Origin',(3.1,1.6,0.));
#5248=CARTESIAN_POINT('',(3.1,0.8,0.));
#5249=CARTESIAN_POINT('',(3.1,1.6,0.8));
#5250=CARTESIAN_POINT('Origin',(3.18,1.,0.8));
#5251=CARTESIAN_POINT('Origin',(1.8,-2.225,0.));
#5252=CARTESIAN_POINT('',(0.8,-2.225,0.));
#5253=CARTESIAN_POINT('',(1.8,-2.225,0.));
#5254=CARTESIAN_POINT('',(0.9,-2.225,0.));
#5255=CARTESIAN_POINT('',(0.8,-2.225,0.8));
#5256=CARTESIAN_POINT('',(0.8,-2.225,0.));
#5257=CARTESIAN_POINT('',(1.8,-2.225,0.8));
#5258=CARTESIAN_POINT('',(1.8,-2.225,0.8));
#5259=CARTESIAN_POINT('',(1.8,-2.225,0.));
#5260=CARTESIAN_POINT('Origin',(1.8,-2.385,0.));
#5261=CARTESIAN_POINT('',(1.8,-2.385,0.));
#5262=CARTESIAN_POINT('',(1.8,-1.1925,0.));
#5263=CARTESIAN_POINT('',(1.8,-2.385,0.8));
#5264=CARTESIAN_POINT('',(1.8,-2.385,0.8));
#5265=CARTESIAN_POINT('',(1.8,-2.385,0.));
#5266=CARTESIAN_POINT('Origin',(0.8,-2.385,0.));
#5267=CARTESIAN_POINT('',(0.8,-2.385,0.));
#5268=CARTESIAN_POINT('',(0.4,-2.385,0.));
#5269=CARTESIAN_POINT('',(0.8,-2.385,0.8));
#5270=CARTESIAN_POINT('',(0.8,-2.385,0.8));
#5271=CARTESIAN_POINT('',(0.8,-2.385,0.));
#5272=CARTESIAN_POINT('Origin',(0.8,-2.225,0.));
#5273=CARTESIAN_POINT('',(0.8,-1.1125,0.));
#5274=CARTESIAN_POINT('',(0.8,-2.225,0.8));
#5275=CARTESIAN_POINT('Origin',(1.3,-2.305,0.8));
#5276=CARTESIAN_POINT('Origin',(-0.8,-2.225,0.));
#5277=CARTESIAN_POINT('',(-1.8,-2.225,0.));
#5278=CARTESIAN_POINT('',(-0.8,-2.225,0.));
#5279=CARTESIAN_POINT('',(-0.4,-2.225,0.));
#5280=CARTESIAN_POINT('',(-1.8,-2.225,0.8));
#5281=CARTESIAN_POINT('',(-1.8,-2.225,0.));
#5282=CARTESIAN_POINT('',(-0.8,-2.225,0.8));
#5283=CARTESIAN_POINT('',(-0.8,-2.225,0.8));
#5284=CARTESIAN_POINT('',(-0.8,-2.225,0.));
#5285=CARTESIAN_POINT('Origin',(-0.8,-2.385,0.));
#5286=CARTESIAN_POINT('',(-0.8,-2.385,0.));
#5287=CARTESIAN_POINT('',(-0.8,-1.1925,0.));
#5288=CARTESIAN_POINT('',(-0.8,-2.385,0.8));
#5289=CARTESIAN_POINT('',(-0.8,-2.385,0.8));
#5290=CARTESIAN_POINT('',(-0.8,-2.385,0.));
#5291=CARTESIAN_POINT('Origin',(-1.8,-2.385,0.));
#5292=CARTESIAN_POINT('',(-1.8,-2.385,0.));
#5293=CARTESIAN_POINT('',(-0.9,-2.385,0.));
#5294=CARTESIAN_POINT('',(-1.8,-2.385,0.8));
#5295=CARTESIAN_POINT('',(-1.8,-2.385,0.8));
#5296=CARTESIAN_POINT('',(-1.8,-2.385,0.));
#5297=CARTESIAN_POINT('Origin',(-1.8,-2.225,0.));
#5298=CARTESIAN_POINT('',(-1.8,-1.1125,0.));
#5299=CARTESIAN_POINT('',(-1.8,-2.225,0.8));
#5300=CARTESIAN_POINT('Origin',(-1.3,-2.305,0.8));
#5301=CARTESIAN_POINT('Origin',(1.8,2.385,0.));
#5302=CARTESIAN_POINT('',(0.8,2.385,0.));
#5303=CARTESIAN_POINT('',(1.8,2.385,0.));
#5304=CARTESIAN_POINT('',(0.9,2.385,0.));
#5305=CARTESIAN_POINT('',(0.8,2.385,0.8));
#5306=CARTESIAN_POINT('',(0.8,2.385,0.));
#5307=CARTESIAN_POINT('',(1.8,2.385,0.8));
#5308=CARTESIAN_POINT('',(1.8,2.385,0.8));
#5309=CARTESIAN_POINT('',(1.8,2.385,0.));
#5310=CARTESIAN_POINT('Origin',(1.8,2.225,0.));
#5311=CARTESIAN_POINT('',(1.8,2.225,0.));
#5312=CARTESIAN_POINT('',(1.8,1.1125,0.));
#5313=CARTESIAN_POINT('',(1.8,2.225,0.8));
#5314=CARTESIAN_POINT('',(1.8,2.225,0.8));
#5315=CARTESIAN_POINT('',(1.8,2.225,0.));
#5316=CARTESIAN_POINT('Origin',(0.8,2.225,0.));
#5317=CARTESIAN_POINT('',(0.8,2.225,0.));
#5318=CARTESIAN_POINT('',(0.4,2.225,0.));
#5319=CARTESIAN_POINT('',(0.8,2.225,0.8));
#5320=CARTESIAN_POINT('',(0.8,2.225,0.8));
#5321=CARTESIAN_POINT('',(0.8,2.225,0.));
#5322=CARTESIAN_POINT('Origin',(0.8,2.385,0.));
#5323=CARTESIAN_POINT('',(0.8,1.1925,0.));
#5324=CARTESIAN_POINT('',(0.8,2.385,0.8));
#5325=CARTESIAN_POINT('Origin',(1.3,2.305,0.8));
#5326=CARTESIAN_POINT('Origin',(-0.8,2.385,0.));
#5327=CARTESIAN_POINT('',(-1.8,2.385,0.));
#5328=CARTESIAN_POINT('',(-0.8,2.385,0.));
#5329=CARTESIAN_POINT('',(-0.4,2.385,0.));
#5330=CARTESIAN_POINT('',(-1.8,2.385,0.8));
#5331=CARTESIAN_POINT('',(-1.8,2.385,0.));
#5332=CARTESIAN_POINT('',(-0.8,2.385,0.8));
#5333=CARTESIAN_POINT('',(-0.8,2.385,0.8));
#5334=CARTESIAN_POINT('',(-0.8,2.385,0.));
#5335=CARTESIAN_POINT('Origin',(-0.8,2.225,0.));
#5336=CARTESIAN_POINT('',(-0.8,2.225,0.));
#5337=CARTESIAN_POINT('',(-0.8,1.1125,0.));
#5338=CARTESIAN_POINT('',(-0.8,2.225,0.8));
#5339=CARTESIAN_POINT('',(-0.8,2.225,0.8));
#5340=CARTESIAN_POINT('',(-0.8,2.225,0.));
#5341=CARTESIAN_POINT('Origin',(-1.8,2.225,0.));
#5342=CARTESIAN_POINT('',(-1.8,2.225,0.));
#5343=CARTESIAN_POINT('',(-0.9,2.225,0.));
#5344=CARTESIAN_POINT('',(-1.8,2.225,0.8));
#5345=CARTESIAN_POINT('',(-1.8,2.225,0.8));
#5346=CARTESIAN_POINT('',(-1.8,2.225,0.));
#5347=CARTESIAN_POINT('Origin',(-1.8,2.385,0.));
#5348=CARTESIAN_POINT('',(-1.8,1.1925,0.));
#5349=CARTESIAN_POINT('',(-1.8,2.385,0.8));
#5350=CARTESIAN_POINT('Origin',(-1.3,2.305,0.8));
#5351=CARTESIAN_POINT('Origin',(-3.1,1.,0.));
#5352=CARTESIAN_POINT('',(-3.26,1.,0.));
#5353=CARTESIAN_POINT('',(-3.1,1.,0.));
#5354=CARTESIAN_POINT('',(-1.55,1.,0.));
#5355=CARTESIAN_POINT('',(-3.26,1.,0.8));
#5356=CARTESIAN_POINT('',(-3.26,1.,0.));
#5357=CARTESIAN_POINT('',(-3.1,1.,0.8));
#5358=CARTESIAN_POINT('',(-3.1,1.,0.8));
#5359=CARTESIAN_POINT('',(-3.1,1.,0.));
#5360=CARTESIAN_POINT('Origin',(-3.1,-1.,0.));
#5361=CARTESIAN_POINT('',(-3.1,-1.,0.));
#5362=CARTESIAN_POINT('',(-3.1,-0.5,0.));
#5363=CARTESIAN_POINT('',(-3.1,-1.,0.8));
#5364=CARTESIAN_POINT('',(-3.1,-1.,0.8));
#5365=CARTESIAN_POINT('',(-3.1,-1.,0.));
#5366=CARTESIAN_POINT('Origin',(-3.26,-1.,0.));
#5367=CARTESIAN_POINT('',(-3.26,-1.,0.));
#5368=CARTESIAN_POINT('',(-1.63,-1.,0.));
#5369=CARTESIAN_POINT('',(-3.26,-1.,0.8));
#5370=CARTESIAN_POINT('',(-3.26,-1.,0.8));
#5371=CARTESIAN_POINT('',(-3.26,-1.,0.));
#5372=CARTESIAN_POINT('Origin',(-3.26,1.,0.));
#5373=CARTESIAN_POINT('',(-3.26,0.5,0.));
#5374=CARTESIAN_POINT('',(-3.26,1.,0.8));
#5375=CARTESIAN_POINT('Origin',(-3.18,0.,0.8));
#5376=CARTESIAN_POINT('Origin',(-4.215,4.215,-0.3));
#5377=CARTESIAN_POINT('',(-4.525,4.215,-0.12));
#5378=CARTESIAN_POINT('',(-4.525,4.215,-0.3));
#5379=CARTESIAN_POINT('Origin',(-4.215,4.215,-0.12));
#5380=CARTESIAN_POINT('Origin',(-4.215,4.215,-0.12));
#5381=CARTESIAN_POINT('',(-4.385,4.215,-0.12));
#5382=CARTESIAN_POINT('Origin',(-4.215,4.215,-0.12));
#5383=CARTESIAN_POINT('Origin',(4.215,-4.215,-0.3));
#5384=CARTESIAN_POINT('',(3.905,-4.215,-0.12));
#5385=CARTESIAN_POINT('',(3.905,-4.215,-0.3));
#5386=CARTESIAN_POINT('Origin',(4.215,-4.215,-0.12));
#5387=CARTESIAN_POINT('Origin',(4.215,-4.215,-0.12));
#5388=CARTESIAN_POINT('',(4.045,-4.215,-0.12));
#5389=CARTESIAN_POINT('Origin',(4.215,-4.215,-0.12));
#5390=CARTESIAN_POINT('Origin',(4.215,4.215,-0.3));
#5391=CARTESIAN_POINT('',(3.905,4.215,-0.12));
#5392=CARTESIAN_POINT('',(3.905,4.215,-0.3));
#5393=CARTESIAN_POINT('Origin',(4.215,4.215,-0.12));
#5394=CARTESIAN_POINT('Origin',(4.215,4.215,-0.12));
#5395=CARTESIAN_POINT('',(4.045,4.215,-0.12));
#5396=CARTESIAN_POINT('Origin',(4.215,4.215,-0.12));
#5397=CARTESIAN_POINT('Origin',(-4.215,-4.215,-0.3));
#5398=CARTESIAN_POINT('',(-4.525,-4.215,-0.12));
#5399=CARTESIAN_POINT('',(-4.525,-4.215,-0.3));
#5400=CARTESIAN_POINT('Origin',(-4.215,-4.215,-0.12));
#5401=CARTESIAN_POINT('Origin',(-4.215,-4.215,-0.12));
#5402=CARTESIAN_POINT('',(-4.385,-4.215,-0.12));
#5403=CARTESIAN_POINT('Origin',(-4.215,-4.215,-0.12));
#5404=CARTESIAN_POINT('Origin',(-4.215,4.215,-0.3));
#5405=CARTESIAN_POINT('',(-4.385,4.215,0.));
#5406=CARTESIAN_POINT('',(-4.385,4.215,-0.3));
#5407=CARTESIAN_POINT('Origin',(-4.215,4.215,0.));
#5408=CARTESIAN_POINT('Origin',(4.215,-4.215,-0.3));
#5409=CARTESIAN_POINT('',(4.045,-4.215,0.));
#5410=CARTESIAN_POINT('',(4.045,-4.215,-0.3));
#5411=CARTESIAN_POINT('Origin',(4.215,-4.215,0.));
#5412=CARTESIAN_POINT('Origin',(4.215,4.215,-0.3));
#5413=CARTESIAN_POINT('',(4.045,4.215,0.));
#5414=CARTESIAN_POINT('',(4.045,4.215,-0.3));
#5415=CARTESIAN_POINT('Origin',(4.215,4.215,0.));
#5416=CARTESIAN_POINT('Origin',(-4.215,-4.215,-0.3));
#5417=CARTESIAN_POINT('',(-4.385,-4.215,0.));
#5418=CARTESIAN_POINT('',(-4.385,-4.215,-0.3));
#5419=CARTESIAN_POINT('Origin',(-4.215,-4.215,0.));
#5420=CARTESIAN_POINT('Origin',(-4.215,4.215,2.2));
#5421=CARTESIAN_POINT('',(-4.515,4.215,0.));
#5422=CARTESIAN_POINT('',(-4.515,4.215,2.2));
#5423=CARTESIAN_POINT('Origin',(-4.215,4.215,0.));
#5424=CARTESIAN_POINT('Origin',(-4.215,4.215,0.));
#5425=CARTESIAN_POINT('Origin',(4.215,-4.215,2.2));
#5426=CARTESIAN_POINT('',(3.915,-4.215,0.));
#5427=CARTESIAN_POINT('',(3.915,-4.215,2.2));
#5428=CARTESIAN_POINT('Origin',(4.215,-4.215,0.));
#5429=CARTESIAN_POINT('Origin',(4.215,-4.215,0.));
#5430=CARTESIAN_POINT('Origin',(4.215,4.215,2.2));
#5431=CARTESIAN_POINT('',(3.915,4.215,0.));
#5432=CARTESIAN_POINT('',(3.915,4.215,2.2));
#5433=CARTESIAN_POINT('Origin',(4.215,4.215,0.));
#5434=CARTESIAN_POINT('Origin',(4.215,4.215,0.));
#5435=CARTESIAN_POINT('Origin',(-4.215,-4.215,2.2));
#5436=CARTESIAN_POINT('',(-4.515,-4.215,0.));
#5437=CARTESIAN_POINT('',(-4.515,-4.215,2.2));
#5438=CARTESIAN_POINT('Origin',(-4.215,-4.215,0.));
#5439=CARTESIAN_POINT('Origin',(-4.215,-4.215,0.));
#5440=CARTESIAN_POINT('Origin',(-3.4,3.4,1.35));
#5441=CARTESIAN_POINT('',(-3.5025,3.4,1.35));
#5442=CARTESIAN_POINT('Origin',(-3.4,3.4,1.35));
#5443=CARTESIAN_POINT('',(-3.5025,3.4,0.45));
#5444=CARTESIAN_POINT('',(-3.5025,3.4,1.35));
#5445=CARTESIAN_POINT('Origin',(-3.4,3.4,0.45));
#5446=CARTESIAN_POINT('Origin',(-3.4,3.4,0.45));
#5447=CARTESIAN_POINT('Origin',(3.4,-3.4,1.35));
#5448=CARTESIAN_POINT('',(3.2975,-3.4,1.35));
#5449=CARTESIAN_POINT('Origin',(3.4,-3.4,1.35));
#5450=CARTESIAN_POINT('',(3.2975,-3.4,0.45));
#5451=CARTESIAN_POINT('',(3.2975,-3.4,1.35));
#5452=CARTESIAN_POINT('Origin',(3.4,-3.4,0.45));
#5453=CARTESIAN_POINT('Origin',(3.4,-3.4,0.45));
#5454=CARTESIAN_POINT('Origin',(3.4,3.4,1.35));
#5455=CARTESIAN_POINT('',(3.2975,3.4,1.35));
#5456=CARTESIAN_POINT('Origin',(3.4,3.4,1.35));
#5457=CARTESIAN_POINT('',(3.2975,3.4,0.45));
#5458=CARTESIAN_POINT('',(3.2975,3.4,1.35));
#5459=CARTESIAN_POINT('Origin',(3.4,3.4,0.45));
#5460=CARTESIAN_POINT('Origin',(3.4,3.4,0.45));
#5461=CARTESIAN_POINT('Origin',(-3.4,-3.4,1.35));
#5462=CARTESIAN_POINT('',(-3.5025,-3.4,1.35));
#5463=CARTESIAN_POINT('Origin',(-3.4,-3.4,1.35));
#5464=CARTESIAN_POINT('',(-3.5025,-3.4,0.45));
#5465=CARTESIAN_POINT('',(-3.5025,-3.4,1.35));
#5466=CARTESIAN_POINT('Origin',(-3.4,-3.4,0.45));
#5467=CARTESIAN_POINT('Origin',(-3.4,-3.4,0.45));
#5468=CARTESIAN_POINT('Origin',(-3.4,-3.4,0.));
#5469=CARTESIAN_POINT('',(-3.75,-3.4,1.35));
#5470=CARTESIAN_POINT('Origin',(-3.4,-3.4,1.35));
#5471=CARTESIAN_POINT('',(-3.75,-3.4,0.));
#5472=CARTESIAN_POINT('',(-3.75,-3.4,0.));
#5473=CARTESIAN_POINT('Origin',(-3.4,-3.4,0.));
#5474=CARTESIAN_POINT('Origin',(-3.4,-3.4,1.35));
#5475=CARTESIAN_POINT('Origin',(3.4,3.4,0.));
#5476=CARTESIAN_POINT('',(3.05,3.4,1.35));
#5477=CARTESIAN_POINT('Origin',(3.4,3.4,1.35));
#5478=CARTESIAN_POINT('',(3.05,3.4,0.));
#5479=CARTESIAN_POINT('',(3.05,3.4,0.));
#5480=CARTESIAN_POINT('Origin',(3.4,3.4,0.));
#5481=CARTESIAN_POINT('Origin',(3.4,3.4,1.35));
#5482=CARTESIAN_POINT('Origin',(3.4,-3.4,0.));
#5483=CARTESIAN_POINT('',(3.05,-3.4,1.35));
#5484=CARTESIAN_POINT('Origin',(3.4,-3.4,1.35));
#5485=CARTESIAN_POINT('',(3.05,-3.4,0.));
#5486=CARTESIAN_POINT('',(3.05,-3.4,0.));
#5487=CARTESIAN_POINT('Origin',(3.4,-3.4,0.));
#5488=CARTESIAN_POINT('Origin',(3.4,-3.4,1.35));
#5489=CARTESIAN_POINT('Origin',(-3.4,3.4,0.));
#5490=CARTESIAN_POINT('',(-3.75,3.4,1.35));
#5491=CARTESIAN_POINT('Origin',(-3.4,3.4,1.35));
#5492=CARTESIAN_POINT('',(-3.75,3.4,0.));
#5493=CARTESIAN_POINT('',(-3.75,3.4,0.));
#5494=CARTESIAN_POINT('Origin',(-3.4,3.4,0.));
#5495=CARTESIAN_POINT('Origin',(-3.4,3.4,1.35));
#5496=CARTESIAN_POINT('Origin',(-3.2,-3.2,0.));
#5497=CARTESIAN_POINT('',(-3.45278449319529,-4.25,0.));
#5498=CARTESIAN_POINT('Origin',(-3.2,-3.2,0.));
#5499=CARTESIAN_POINT('',(-3.45278449319529,-4.25,0.));
#5500=CARTESIAN_POINT('Origin',(3.2,3.2,0.));
#5501=CARTESIAN_POINT('',(4.25,3.45278449319529,0.));
#5502=CARTESIAN_POINT('Origin',(3.2,3.2,0.));
#5503=CARTESIAN_POINT('',(4.25,3.45278449319529,0.));
#5504=CARTESIAN_POINT('Origin',(4.25,-4.25,0.));
#5505=CARTESIAN_POINT('',(4.25,-3.45278449319529,0.));
#5506=CARTESIAN_POINT('',(4.25,-4.25,0.));
#5507=CARTESIAN_POINT('',(4.25,-3.45278449319529,0.));
#5508=CARTESIAN_POINT('Origin',(0.,0.,0.));
#5509=CARTESIAN_POINT('',(3.45278449319529,-4.25,0.));
#5510=CARTESIAN_POINT('',(-4.25,-4.25,0.));
#5511=CARTESIAN_POINT('Origin',(3.2,-3.2,0.));
#5512=CARTESIAN_POINT('Origin',(-3.2,3.2,0.));
#5513=CARTESIAN_POINT('Origin',(3.2,-3.2,0.));
#5514=CARTESIAN_POINT('',(3.45278449319529,-4.25,0.));
#5515=CARTESIAN_POINT('Origin',(-4.25,-4.25,0.));
#5516=CARTESIAN_POINT('Origin',(-3.2,3.2,0.));
#5517=CARTESIAN_POINT('Origin',(-4.55,4.55,-0.3));
#5518=UNCERTAINTY_MEASURE_WITH_UNIT(LENGTH_MEASURE(0.001),#5522,
'DISTANCE_ACCURACY_VALUE',
'Maximum model space distance between geometric entities at asserted c
onnectivities');
#5519=UNCERTAINTY_MEASURE_WITH_UNIT(LENGTH_MEASURE(0.001),#5522,
'DISTANCE_ACCURACY_VALUE',
'Maximum model space distance between geometric entities at asserted c
onnectivities');
#5520=(
GEOMETRIC_REPRESENTATION_CONTEXT(3)
GLOBAL_UNCERTAINTY_ASSIGNED_CONTEXT((#5518))
GLOBAL_UNIT_ASSIGNED_CONTEXT((#5522,#5524,#5525))
REPRESENTATION_CONTEXT('','3D')
);
#5521=(
GEOMETRIC_REPRESENTATION_CONTEXT(3)
GLOBAL_UNCERTAINTY_ASSIGNED_CONTEXT((#5519))
GLOBAL_UNIT_ASSIGNED_CONTEXT((#5522,#5524,#5525))
REPRESENTATION_CONTEXT('','3D')
);
#5522=(
LENGTH_UNIT()
NAMED_UNIT(*)
SI_UNIT(.CENTI.,.METRE.)
);
#5523=(
LENGTH_UNIT()
NAMED_UNIT(*)
SI_UNIT($,.METRE.)
);
#5524=(
NAMED_UNIT(*)
PLANE_ANGLE_UNIT()
SI_UNIT($,.RADIAN.)
);
#5525=(
NAMED_UNIT(*)
SI_UNIT($,.STERADIAN.)
SOLID_ANGLE_UNIT()
);
#5526=SHAPE_DEFINITION_REPRESENTATION(#5527,#5528);
#5527=PRODUCT_DEFINITION_SHAPE('',$,#5530);
#5528=SHAPE_REPRESENTATION('',(#3414),#5520);
#5529=PRODUCT_DEFINITION_CONTEXT('part definition',#5534,'design');
#5530=PRODUCT_DEFINITION('Base','Base',#5531,#5529);
#5531=PRODUCT_DEFINITION_FORMATION('',$,#5536);
#5532=PRODUCT_RELATED_PRODUCT_CATEGORY('Base','Base',(#5536));
#5533=APPLICATION_PROTOCOL_DEFINITION('international standard',
'automotive_design',2009,#5534);
#5534=APPLICATION_CONTEXT(
'Core Data for Automotive Mechanical Design Process');
#5535=PRODUCT_CONTEXT('part definition',#5534,'mechanical');
#5536=PRODUCT('Base','Base',$,(#5535));
#5537=PRESENTATION_STYLE_ASSIGNMENT((#5539));
#5538=PRESENTATION_STYLE_ASSIGNMENT((#5540));
#5539=SURFACE_STYLE_USAGE(.BOTH.,#5541);
#5540=SURFACE_STYLE_USAGE(.BOTH.,#5542);
#5541=SURFACE_SIDE_STYLE('',(#5543));
#5542=SURFACE_SIDE_STYLE('',(#5544));
#5543=SURFACE_STYLE_FILL_AREA(#5545);
#5544=SURFACE_STYLE_FILL_AREA(#5546);
#5545=FILL_AREA_STYLE('Steel - Satin',(#5547));
#5546=FILL_AREA_STYLE('Tough 2000 (with Formlabs SLA 3D Printers)',(#5548));
#5547=FILL_AREA_STYLE_COLOUR('Steel - Satin',#5549);
#5548=FILL_AREA_STYLE_COLOUR(
'Tough 2000 (with Formlabs SLA 3D Printers)',#5550);
#5549=COLOUR_RGB('Steel - Satin',0.627450980392157,0.627450980392157,0.627450980392157);
#5550=COLOUR_RGB('Tough 2000 (with Formlabs SLA 3D Printers)',0.247058823529412,
0.247058823529412,0.247058823529412);
ENDSEC;
END-ISO-10303-21;
