ISO-10303-21;
HEADER;
/* Generated by software containing ST-Developer
 * from STEP Tools, Inc. (www.steptools.com) 
 */

FILE_DESCRIPTION(
/* description */ (''),
/* implementation_level */ '2;1');

FILE_NAME(
/* name */ 'SENTRY_Lid_v14_FINAL.step',
/* time_stamp */ '2026-08-21T13:40:06+01:00',
/* author */ (''),
/* organization */ (''),
/* preprocessor_version */ 'ST-DEVELOPER v20.1',
/* originating_system */ 'Autodesk Translation Framework v15.8.0.0',
/* authorisation */ '');

FILE_SCHEMA (('AUTOMOTIVE_DESIGN { 1 0 10303 214 3 1 1 }'));
ENDSEC;

DATA;
#10=MECHANICAL_DESIGN_GEOMETRIC_PRESENTATION_REPRESENTATION('',(#13),#5149);
#11=SHAPE_REPRESENTATION_RELATIONSHIP('SRR','None',#5156,#12);
#12=ADVANCED_BREP_SHAPE_REPRESENTATION('',(#14),#5148);
#13=STYLED_ITEM('',(#5166),#14);
#14=MANIFOLD_SOLID_BREP('LidBody',#2987);
#15=CONICAL_SURFACE('',#3151,0.2875,0.785398163397448);
#16=CONICAL_SURFACE('',#3154,0.8,0.785398163397448);
#17=CONICAL_SURFACE('',#3267,0.5,0.785398163397448);
#18=CONICAL_SURFACE('',#3270,0.5,0.785398163397448);
#19=CONICAL_SURFACE('',#3273,0.5,0.785398163397448);
#20=CONICAL_SURFACE('',#3276,0.5,0.785398163397448);
#21=ELLIPSE('',#3035,0.304138126514911,0.3);
#22=ELLIPSE('',#3036,0.304138126514911,0.3);
#23=ELLIPSE('',#3040,0.304138126514911,0.3);
#24=ELLIPSE('',#3041,0.304138126514911,0.3);
#25=ELLIPSE('',#3046,0.304138126514911,0.3);
#26=ELLIPSE('',#3047,0.304138126514911,0.3);
#27=ELLIPSE('',#3052,0.304138126514911,0.3);
#28=ELLIPSE('',#3053,0.304138126514911,0.3);
#29=B_SPLINE_SURFACE_WITH_KNOTS('',3,3,((#4277,#4278,#4279,#4280,#4281,
#4282,#4283),(#4284,#4285,#4286,#4287,#4288,#4289,#4290),(#4291,#4292,#4293,
#4294,#4295,#4296,#4297),(#4298,#4299,#4300,#4301,#4302,#4303,#4304),(#4305,
#4306,#4307,#4308,#4309,#4310,#4311)),.UNSPECIFIED.,.F.,.F.,.F.,(4,1,4),
(4,1,1,1,4),(0.,0.571428571428571,1.),(-1.5707963267949,-0.897597901025655,
-0.448798950512828,-0.224399475256414,3.80675429450471E-17),
 .UNSPECIFIED.);
#30=B_SPLINE_SURFACE_WITH_KNOTS('',3,3,((#4322,#4323,#4324,#4325,#4326,
#4327,#4328),(#4329,#4330,#4331,#4332,#4333,#4334,#4335),(#4336,#4337,#4338,
#4339,#4340,#4341,#4342),(#4343,#4344,#4345,#4346,#4347,#4348,#4349),(#4350,
#4351,#4352,#4353,#4354,#4355,#4356)),.UNSPECIFIED.,.F.,.F.,.F.,(4,1,4),
(4,1,1,1,4),(0.,0.571428571428571,1.),(-1.5707963267949,-0.897597901025655,
-0.448798950512828,-0.224399475256414,3.80675429450471E-17),
 .UNSPECIFIED.);
#31=B_SPLINE_SURFACE_WITH_KNOTS('',3,3,((#4370,#4371,#4372,#4373,#4374,
#4375,#4376),(#4377,#4378,#4379,#4380,#4381,#4382,#4383),(#4384,#4385,#4386,
#4387,#4388,#4389,#4390),(#4391,#4392,#4393,#4394,#4395,#4396,#4397),(#4398,
#4399,#4400,#4401,#4402,#4403,#4404)),.UNSPECIFIED.,.F.,.F.,.F.,(4,1,4),
(4,1,1,1,4),(0.,0.571428571428571,1.),(-1.5707963267949,-0.897597901025655,
-0.448798950512828,-0.224399475256414,3.80675429450471E-17),
 .UNSPECIFIED.);
#32=B_SPLINE_SURFACE_WITH_KNOTS('',3,3,((#4418,#4419,#4420,#4421,#4422,
#4423,#4424),(#4425,#4426,#4427,#4428,#4429,#4430,#4431),(#4432,#4433,#4434,
#4435,#4436,#4437,#4438),(#4439,#4440,#4441,#4442,#4443,#4444,#4445),(#4446,
#4447,#4448,#4449,#4450,#4451,#4452)),.UNSPECIFIED.,.F.,.F.,.F.,(4,1,4),
(4,1,1,1,4),(0.,0.571428571428571,1.),(-1.5707963267949,-0.897597901025655,
-0.448798950512828,-0.224399475256414,3.80675429450471E-17),
 .UNSPECIFIED.);
#33=FACE_BOUND('',#403,.T.);
#34=FACE_BOUND('',#406,.T.);
#35=FACE_BOUND('',#409,.T.);
#36=FACE_BOUND('',#412,.T.);
#37=FACE_BOUND('',#439,.T.);
#38=FACE_BOUND('',#440,.T.);
#39=FACE_BOUND('',#441,.T.);
#40=FACE_BOUND('',#442,.T.);
#41=FACE_BOUND('',#443,.T.);
#42=FACE_BOUND('',#444,.T.);
#43=FACE_BOUND('',#445,.T.);
#44=FACE_BOUND('',#446,.T.);
#45=FACE_BOUND('',#447,.T.);
#46=FACE_BOUND('',#448,.T.);
#47=FACE_BOUND('',#449,.T.);
#48=FACE_BOUND('',#450,.T.);
#49=FACE_BOUND('',#451,.T.);
#50=FACE_BOUND('',#452,.T.);
#51=FACE_BOUND('',#453,.T.);
#52=FACE_BOUND('',#454,.T.);
#53=FACE_BOUND('',#455,.T.);
#54=FACE_BOUND('',#456,.T.);
#55=FACE_BOUND('',#457,.T.);
#56=FACE_BOUND('',#458,.T.);
#57=FACE_BOUND('',#477,.T.);
#58=FACE_BOUND('',#478,.T.);
#59=FACE_BOUND('',#479,.T.);
#60=FACE_BOUND('',#480,.T.);
#61=FACE_BOUND('',#481,.T.);
#62=FACE_BOUND('',#482,.T.);
#63=FACE_BOUND('',#483,.T.);
#64=FACE_BOUND('',#484,.T.);
#65=FACE_BOUND('',#485,.T.);
#66=FACE_BOUND('',#486,.T.);
#67=FACE_BOUND('',#487,.T.);
#68=FACE_BOUND('',#488,.T.);
#69=FACE_BOUND('',#550,.T.);
#70=FACE_BOUND('',#553,.T.);
#71=FACE_BOUND('',#556,.T.);
#72=FACE_BOUND('',#559,.T.);
#73=FACE_BOUND('',#569,.T.);
#74=FACE_BOUND('',#570,.T.);
#75=FACE_BOUND('',#571,.T.);
#76=FACE_BOUND('',#572,.T.);
#77=FACE_BOUND('',#573,.T.);
#78=FACE_BOUND('',#574,.T.);
#79=FACE_BOUND('',#575,.T.);
#80=FACE_BOUND('',#578,.T.);
#81=FACE_BOUND('',#581,.T.);
#82=FACE_BOUND('',#585,.T.);
#83=FACE_BOUND('',#587,.T.);
#84=FACE_BOUND('',#591,.T.);
#85=FACE_BOUND('',#593,.T.);
#86=FACE_BOUND('',#597,.T.);
#87=FACE_BOUND('',#599,.T.);
#88=FACE_BOUND('',#603,.T.);
#89=FACE_BOUND('',#605,.T.);
#90=FACE_BOUND('',#612,.T.);
#91=FACE_BOUND('',#615,.T.);
#92=FACE_BOUND('',#618,.T.);
#93=FACE_BOUND('',#621,.T.);
#94=FACE_BOUND('',#624,.T.);
#95=FACE_BOUND('',#627,.T.);
#96=FACE_BOUND('',#630,.T.);
#97=FACE_BOUND('',#633,.T.);
#98=FACE_BOUND('',#647,.T.);
#99=PLANE('',#3004);
#100=PLANE('',#3009);
#101=PLANE('',#3014);
#102=PLANE('',#3019);
#103=PLANE('',#3021);
#104=PLANE('',#3025);
#105=PLANE('',#3026);
#106=PLANE('',#3027);
#107=PLANE('',#3029);
#108=PLANE('',#3030);
#109=PLANE('',#3031);
#110=PLANE('',#3060);
#111=PLANE('',#3067);
#112=PLANE('',#3072);
#113=PLANE('',#3082);
#114=PLANE('',#3083);
#115=PLANE('',#3084);
#116=PLANE('',#3085);
#117=PLANE('',#3086);
#118=PLANE('',#3087);
#119=PLANE('',#3088);
#120=PLANE('',#3089);
#121=PLANE('',#3090);
#122=PLANE('',#3091);
#123=PLANE('',#3092);
#124=PLANE('',#3093);
#125=PLANE('',#3094);
#126=PLANE('',#3095);
#127=PLANE('',#3096);
#128=PLANE('',#3097);
#129=PLANE('',#3100);
#130=PLANE('',#3114);
#131=PLANE('',#3115);
#132=PLANE('',#3116);
#133=PLANE('',#3117);
#134=PLANE('',#3118);
#135=PLANE('',#3119);
#136=PLANE('',#3120);
#137=PLANE('',#3121);
#138=PLANE('',#3122);
#139=PLANE('',#3123);
#140=PLANE('',#3124);
#141=PLANE('',#3125);
#142=PLANE('',#3126);
#143=PLANE('',#3127);
#144=PLANE('',#3128);
#145=PLANE('',#3129);
#146=PLANE('',#3130);
#147=PLANE('',#3131);
#148=PLANE('',#3132);
#149=PLANE('',#3133);
#150=PLANE('',#3134);
#151=PLANE('',#3135);
#152=PLANE('',#3136);
#153=PLANE('',#3137);
#154=PLANE('',#3138);
#155=PLANE('',#3139);
#156=PLANE('',#3140);
#157=PLANE('',#3141);
#158=PLANE('',#3142);
#159=PLANE('',#3143);
#160=PLANE('',#3144);
#161=PLANE('',#3145);
#162=PLANE('',#3146);
#163=PLANE('',#3147);
#164=PLANE('',#3148);
#165=PLANE('',#3149);
#166=PLANE('',#3150);
#167=PLANE('',#3155);
#168=PLANE('',#3156);
#169=PLANE('',#3157);
#170=PLANE('',#3158);
#171=PLANE('',#3159);
#172=PLANE('',#3160);
#173=PLANE('',#3162);
#174=PLANE('',#3163);
#175=PLANE('',#3164);
#176=PLANE('',#3165);
#177=PLANE('',#3166);
#178=PLANE('',#3170);
#179=PLANE('',#3174);
#180=PLANE('',#3178);
#181=PLANE('',#3182);
#182=PLANE('',#3185);
#183=PLANE('',#3188);
#184=PLANE('',#3191);
#185=PLANE('',#3194);
#186=PLANE('',#3211);
#187=PLANE('',#3215);
#188=PLANE('',#3218);
#189=PLANE('',#3225);
#190=PLANE('',#3226);
#191=PLANE('',#3234);
#192=PLANE('',#3235);
#193=PLANE('',#3243);
#194=PLANE('',#3244);
#195=PLANE('',#3252);
#196=PLANE('',#3253);
#197=PLANE('',#3269);
#198=PLANE('',#3272);
#199=PLANE('',#3275);
#200=PLANE('',#3278);
#201=PLANE('',#3280);
#202=PLANE('',#3282);
#203=PLANE('',#3284);
#204=PLANE('',#3286);
#205=PLANE('',#3287);
#206=PLANE('',#3288);
#207=PLANE('',#3289);
#208=PLANE('',#3290);
#209=PLANE('',#3291);
#210=PLANE('',#3292);
#211=PLANE('',#3293);
#212=PLANE('',#3294);
#213=PLANE('',#3295);
#214=PLANE('',#3296);
#215=PLANE('',#3297);
#216=PLANE('',#3298);
#217=PLANE('',#3299);
#218=PLANE('',#3300);
#219=FACE_OUTER_BOUND('',#401,.T.);
#220=FACE_OUTER_BOUND('',#402,.T.);
#221=FACE_OUTER_BOUND('',#404,.T.);
#222=FACE_OUTER_BOUND('',#405,.T.);
#223=FACE_OUTER_BOUND('',#407,.T.);
#224=FACE_OUTER_BOUND('',#408,.T.);
#225=FACE_OUTER_BOUND('',#410,.T.);
#226=FACE_OUTER_BOUND('',#411,.T.);
#227=FACE_OUTER_BOUND('',#413,.T.);
#228=FACE_OUTER_BOUND('',#414,.T.);
#229=FACE_OUTER_BOUND('',#415,.T.);
#230=FACE_OUTER_BOUND('',#416,.T.);
#231=FACE_OUTER_BOUND('',#417,.T.);
#232=FACE_OUTER_BOUND('',#418,.T.);
#233=FACE_OUTER_BOUND('',#419,.T.);
#234=FACE_OUTER_BOUND('',#420,.T.);
#235=FACE_OUTER_BOUND('',#421,.T.);
#236=FACE_OUTER_BOUND('',#422,.T.);
#237=FACE_OUTER_BOUND('',#423,.T.);
#238=FACE_OUTER_BOUND('',#424,.T.);
#239=FACE_OUTER_BOUND('',#425,.T.);
#240=FACE_OUTER_BOUND('',#426,.T.);
#241=FACE_OUTER_BOUND('',#427,.T.);
#242=FACE_OUTER_BOUND('',#428,.T.);
#243=FACE_OUTER_BOUND('',#429,.T.);
#244=FACE_OUTER_BOUND('',#430,.T.);
#245=FACE_OUTER_BOUND('',#431,.T.);
#246=FACE_OUTER_BOUND('',#432,.T.);
#247=FACE_OUTER_BOUND('',#433,.T.);
#248=FACE_OUTER_BOUND('',#434,.T.);
#249=FACE_OUTER_BOUND('',#435,.T.);
#250=FACE_OUTER_BOUND('',#436,.T.);
#251=FACE_OUTER_BOUND('',#437,.T.);
#252=FACE_OUTER_BOUND('',#438,.T.);
#253=FACE_OUTER_BOUND('',#459,.T.);
#254=FACE_OUTER_BOUND('',#460,.T.);
#255=FACE_OUTER_BOUND('',#461,.T.);
#256=FACE_OUTER_BOUND('',#462,.T.);
#257=FACE_OUTER_BOUND('',#463,.T.);
#258=FACE_OUTER_BOUND('',#464,.T.);
#259=FACE_OUTER_BOUND('',#465,.T.);
#260=FACE_OUTER_BOUND('',#466,.T.);
#261=FACE_OUTER_BOUND('',#467,.T.);
#262=FACE_OUTER_BOUND('',#468,.T.);
#263=FACE_OUTER_BOUND('',#469,.T.);
#264=FACE_OUTER_BOUND('',#470,.T.);
#265=FACE_OUTER_BOUND('',#471,.T.);
#266=FACE_OUTER_BOUND('',#472,.T.);
#267=FACE_OUTER_BOUND('',#473,.T.);
#268=FACE_OUTER_BOUND('',#474,.T.);
#269=FACE_OUTER_BOUND('',#475,.T.);
#270=FACE_OUTER_BOUND('',#476,.T.);
#271=FACE_OUTER_BOUND('',#489,.T.);
#272=FACE_OUTER_BOUND('',#490,.T.);
#273=FACE_OUTER_BOUND('',#491,.T.);
#274=FACE_OUTER_BOUND('',#492,.T.);
#275=FACE_OUTER_BOUND('',#493,.T.);
#276=FACE_OUTER_BOUND('',#494,.T.);
#277=FACE_OUTER_BOUND('',#495,.T.);
#278=FACE_OUTER_BOUND('',#496,.T.);
#279=FACE_OUTER_BOUND('',#497,.T.);
#280=FACE_OUTER_BOUND('',#498,.T.);
#281=FACE_OUTER_BOUND('',#499,.T.);
#282=FACE_OUTER_BOUND('',#500,.T.);
#283=FACE_OUTER_BOUND('',#501,.T.);
#284=FACE_OUTER_BOUND('',#502,.T.);
#285=FACE_OUTER_BOUND('',#503,.T.);
#286=FACE_OUTER_BOUND('',#504,.T.);
#287=FACE_OUTER_BOUND('',#505,.T.);
#288=FACE_OUTER_BOUND('',#506,.T.);
#289=FACE_OUTER_BOUND('',#507,.T.);
#290=FACE_OUTER_BOUND('',#508,.T.);
#291=FACE_OUTER_BOUND('',#509,.T.);
#292=FACE_OUTER_BOUND('',#510,.T.);
#293=FACE_OUTER_BOUND('',#511,.T.);
#294=FACE_OUTER_BOUND('',#512,.T.);
#295=FACE_OUTER_BOUND('',#513,.T.);
#296=FACE_OUTER_BOUND('',#514,.T.);
#297=FACE_OUTER_BOUND('',#515,.T.);
#298=FACE_OUTER_BOUND('',#516,.T.);
#299=FACE_OUTER_BOUND('',#517,.T.);
#300=FACE_OUTER_BOUND('',#518,.T.);
#301=FACE_OUTER_BOUND('',#519,.T.);
#302=FACE_OUTER_BOUND('',#520,.T.);
#303=FACE_OUTER_BOUND('',#521,.T.);
#304=FACE_OUTER_BOUND('',#522,.T.);
#305=FACE_OUTER_BOUND('',#523,.T.);
#306=FACE_OUTER_BOUND('',#524,.T.);
#307=FACE_OUTER_BOUND('',#525,.T.);
#308=FACE_OUTER_BOUND('',#526,.T.);
#309=FACE_OUTER_BOUND('',#527,.T.);
#310=FACE_OUTER_BOUND('',#528,.T.);
#311=FACE_OUTER_BOUND('',#529,.T.);
#312=FACE_OUTER_BOUND('',#530,.T.);
#313=FACE_OUTER_BOUND('',#531,.T.);
#314=FACE_OUTER_BOUND('',#532,.T.);
#315=FACE_OUTER_BOUND('',#533,.T.);
#316=FACE_OUTER_BOUND('',#534,.T.);
#317=FACE_OUTER_BOUND('',#535,.T.);
#318=FACE_OUTER_BOUND('',#536,.T.);
#319=FACE_OUTER_BOUND('',#537,.T.);
#320=FACE_OUTER_BOUND('',#538,.T.);
#321=FACE_OUTER_BOUND('',#539,.T.);
#322=FACE_OUTER_BOUND('',#540,.T.);
#323=FACE_OUTER_BOUND('',#541,.T.);
#324=FACE_OUTER_BOUND('',#542,.T.);
#325=FACE_OUTER_BOUND('',#543,.T.);
#326=FACE_OUTER_BOUND('',#544,.T.);
#327=FACE_OUTER_BOUND('',#545,.T.);
#328=FACE_OUTER_BOUND('',#546,.T.);
#329=FACE_OUTER_BOUND('',#547,.T.);
#330=FACE_OUTER_BOUND('',#548,.T.);
#331=FACE_OUTER_BOUND('',#549,.T.);
#332=FACE_OUTER_BOUND('',#551,.T.);
#333=FACE_OUTER_BOUND('',#552,.T.);
#334=FACE_OUTER_BOUND('',#554,.T.);
#335=FACE_OUTER_BOUND('',#555,.T.);
#336=FACE_OUTER_BOUND('',#557,.T.);
#337=FACE_OUTER_BOUND('',#558,.T.);
#338=FACE_OUTER_BOUND('',#560,.T.);
#339=FACE_OUTER_BOUND('',#561,.T.);
#340=FACE_OUTER_BOUND('',#562,.T.);
#341=FACE_OUTER_BOUND('',#563,.T.);
#342=FACE_OUTER_BOUND('',#564,.T.);
#343=FACE_OUTER_BOUND('',#565,.T.);
#344=FACE_OUTER_BOUND('',#566,.T.);
#345=FACE_OUTER_BOUND('',#567,.T.);
#346=FACE_OUTER_BOUND('',#568,.T.);
#347=FACE_OUTER_BOUND('',#576,.T.);
#348=FACE_OUTER_BOUND('',#577,.T.);
#349=FACE_OUTER_BOUND('',#579,.T.);
#350=FACE_OUTER_BOUND('',#580,.T.);
#351=FACE_OUTER_BOUND('',#582,.T.);
#352=FACE_OUTER_BOUND('',#583,.T.);
#353=FACE_OUTER_BOUND('',#584,.T.);
#354=FACE_OUTER_BOUND('',#586,.T.);
#355=FACE_OUTER_BOUND('',#588,.T.);
#356=FACE_OUTER_BOUND('',#589,.T.);
#357=FACE_OUTER_BOUND('',#590,.T.);
#358=FACE_OUTER_BOUND('',#592,.T.);
#359=FACE_OUTER_BOUND('',#594,.T.);
#360=FACE_OUTER_BOUND('',#595,.T.);
#361=FACE_OUTER_BOUND('',#596,.T.);
#362=FACE_OUTER_BOUND('',#598,.T.);
#363=FACE_OUTER_BOUND('',#600,.T.);
#364=FACE_OUTER_BOUND('',#601,.T.);
#365=FACE_OUTER_BOUND('',#602,.T.);
#366=FACE_OUTER_BOUND('',#604,.T.);
#367=FACE_OUTER_BOUND('',#606,.T.);
#368=FACE_OUTER_BOUND('',#607,.T.);
#369=FACE_OUTER_BOUND('',#608,.T.);
#370=FACE_OUTER_BOUND('',#609,.T.);
#371=FACE_OUTER_BOUND('',#610,.T.);
#372=FACE_OUTER_BOUND('',#611,.T.);
#373=FACE_OUTER_BOUND('',#613,.T.);
#374=FACE_OUTER_BOUND('',#614,.T.);
#375=FACE_OUTER_BOUND('',#616,.T.);
#376=FACE_OUTER_BOUND('',#617,.T.);
#377=FACE_OUTER_BOUND('',#619,.T.);
#378=FACE_OUTER_BOUND('',#620,.T.);
#379=FACE_OUTER_BOUND('',#622,.T.);
#380=FACE_OUTER_BOUND('',#623,.T.);
#381=FACE_OUTER_BOUND('',#625,.T.);
#382=FACE_OUTER_BOUND('',#626,.T.);
#383=FACE_OUTER_BOUND('',#628,.T.);
#384=FACE_OUTER_BOUND('',#629,.T.);
#385=FACE_OUTER_BOUND('',#631,.T.);
#386=FACE_OUTER_BOUND('',#632,.T.);
#387=FACE_OUTER_BOUND('',#634,.T.);
#388=FACE_OUTER_BOUND('',#635,.T.);
#389=FACE_OUTER_BOUND('',#636,.T.);
#390=FACE_OUTER_BOUND('',#637,.T.);
#391=FACE_OUTER_BOUND('',#638,.T.);
#392=FACE_OUTER_BOUND('',#639,.T.);
#393=FACE_OUTER_BOUND('',#640,.T.);
#394=FACE_OUTER_BOUND('',#641,.T.);
#395=FACE_OUTER_BOUND('',#642,.T.);
#396=FACE_OUTER_BOUND('',#643,.T.);
#397=FACE_OUTER_BOUND('',#644,.T.);
#398=FACE_OUTER_BOUND('',#645,.T.);
#399=FACE_OUTER_BOUND('',#646,.T.);
#400=FACE_OUTER_BOUND('',#648,.T.);
#401=EDGE_LOOP('',(#1961,#1962,#1963,#1964));
#402=EDGE_LOOP('',(#1965));
#403=EDGE_LOOP('',(#1966));
#404=EDGE_LOOP('',(#1967,#1968,#1969,#1970));
#405=EDGE_LOOP('',(#1971));
#406=EDGE_LOOP('',(#1972));
#407=EDGE_LOOP('',(#1973,#1974,#1975,#1976));
#408=EDGE_LOOP('',(#1977));
#409=EDGE_LOOP('',(#1978));
#410=EDGE_LOOP('',(#1979,#1980,#1981,#1982));
#411=EDGE_LOOP('',(#1983));
#412=EDGE_LOOP('',(#1984));
#413=EDGE_LOOP('',(#1985,#1986,#1987,#1988));
#414=EDGE_LOOP('',(#1989,#1990,#1991,#1992));
#415=EDGE_LOOP('',(#1993,#1994,#1995,#1996,#1997,#1998));
#416=EDGE_LOOP('',(#1999,#2000,#2001,#2002));
#417=EDGE_LOOP('',(#2003,#2004,#2005,#2006,#2007,#2008));
#418=EDGE_LOOP('',(#2009,#2010,#2011,#2012));
#419=EDGE_LOOP('',(#2013,#2014,#2015,#2016));
#420=EDGE_LOOP('',(#2017,#2018,#2019,#2020));
#421=EDGE_LOOP('',(#2021,#2022,#2023,#2024,#2025));
#422=EDGE_LOOP('',(#2026,#2027,#2028,#2029,#2030));
#423=EDGE_LOOP('',(#2031,#2032,#2033,#2034));
#424=EDGE_LOOP('',(#2035,#2036,#2037,#2038,#2039));
#425=EDGE_LOOP('',(#2040,#2041,#2042,#2043));
#426=EDGE_LOOP('',(#2044,#2045,#2046,#2047,#2048));
#427=EDGE_LOOP('',(#2049,#2050,#2051,#2052));
#428=EDGE_LOOP('',(#2053,#2054,#2055,#2056));
#429=EDGE_LOOP('',(#2057,#2058,#2059,#2060));
#430=EDGE_LOOP('',(#2061,#2062,#2063,#2064));
#431=EDGE_LOOP('',(#2065,#2066,#2067,#2068));
#432=EDGE_LOOP('',(#2069,#2070,#2071,#2072));
#433=EDGE_LOOP('',(#2073,#2074,#2075,#2076));
#434=EDGE_LOOP('',(#2077,#2078,#2079,#2080));
#435=EDGE_LOOP('',(#2081,#2082,#2083,#2084));
#436=EDGE_LOOP('',(#2085,#2086,#2087,#2088));
#437=EDGE_LOOP('',(#2089,#2090,#2091,#2092));
#438=EDGE_LOOP('',(#2093,#2094,#2095,#2096));
#439=EDGE_LOOP('',(#2097));
#440=EDGE_LOOP('',(#2098));
#441=EDGE_LOOP('',(#2099));
#442=EDGE_LOOP('',(#2100));
#443=EDGE_LOOP('',(#2101));
#444=EDGE_LOOP('',(#2102));
#445=EDGE_LOOP('',(#2103));
#446=EDGE_LOOP('',(#2104));
#447=EDGE_LOOP('',(#2105));
#448=EDGE_LOOP('',(#2106,#2107,#2108,#2109));
#449=EDGE_LOOP('',(#2110,#2111,#2112,#2113));
#450=EDGE_LOOP('',(#2114,#2115,#2116,#2117));
#451=EDGE_LOOP('',(#2118,#2119,#2120,#2121));
#452=EDGE_LOOP('',(#2122,#2123,#2124,#2125));
#453=EDGE_LOOP('',(#2126,#2127,#2128,#2129));
#454=EDGE_LOOP('',(#2130,#2131,#2132,#2133));
#455=EDGE_LOOP('',(#2134));
#456=EDGE_LOOP('',(#2135));
#457=EDGE_LOOP('',(#2136));
#458=EDGE_LOOP('',(#2137));
#459=EDGE_LOOP('',(#2138,#2139,#2140,#2141));
#460=EDGE_LOOP('',(#2142,#2143,#2144,#2145));
#461=EDGE_LOOP('',(#2146,#2147,#2148,#2149));
#462=EDGE_LOOP('',(#2150,#2151,#2152,#2153));
#463=EDGE_LOOP('',(#2154,#2155,#2156,#2157));
#464=EDGE_LOOP('',(#2158,#2159,#2160,#2161));
#465=EDGE_LOOP('',(#2162,#2163,#2164,#2165));
#466=EDGE_LOOP('',(#2166,#2167,#2168,#2169));
#467=EDGE_LOOP('',(#2170,#2171,#2172,#2173));
#468=EDGE_LOOP('',(#2174,#2175,#2176,#2177));
#469=EDGE_LOOP('',(#2178,#2179,#2180,#2181));
#470=EDGE_LOOP('',(#2182,#2183,#2184,#2185));
#471=EDGE_LOOP('',(#2186,#2187,#2188,#2189));
#472=EDGE_LOOP('',(#2190,#2191,#2192,#2193));
#473=EDGE_LOOP('',(#2194,#2195,#2196,#2197));
#474=EDGE_LOOP('',(#2198,#2199,#2200,#2201));
#475=EDGE_LOOP('',(#2202,#2203,#2204,#2205));
#476=EDGE_LOOP('',(#2206,#2207,#2208,#2209,#2210,#2211,#2212,#2213,#2214,
#2215,#2216,#2217,#2218,#2219,#2220,#2221,#2222,#2223,#2224,#2225,#2226,
#2227,#2228,#2229));
#477=EDGE_LOOP('',(#2230));
#478=EDGE_LOOP('',(#2231));
#479=EDGE_LOOP('',(#2232));
#480=EDGE_LOOP('',(#2233,#2234,#2235,#2236,#2237,#2238,#2239));
#481=EDGE_LOOP('',(#2240));
#482=EDGE_LOOP('',(#2241));
#483=EDGE_LOOP('',(#2242));
#484=EDGE_LOOP('',(#2243));
#485=EDGE_LOOP('',(#2244));
#486=EDGE_LOOP('',(#2245));
#487=EDGE_LOOP('',(#2246,#2247,#2248,#2249));
#488=EDGE_LOOP('',(#2250,#2251,#2252,#2253,#2254,#2255,#2256,#2257,#2258,
#2259,#2260,#2261,#2262));
#489=EDGE_LOOP('',(#2263,#2264,#2265,#2266));
#490=EDGE_LOOP('',(#2267,#2268,#2269,#2270));
#491=EDGE_LOOP('',(#2271,#2272,#2273,#2274));
#492=EDGE_LOOP('',(#2275,#2276,#2277,#2278));
#493=EDGE_LOOP('',(#2279,#2280,#2281,#2282));
#494=EDGE_LOOP('',(#2283,#2284,#2285,#2286));
#495=EDGE_LOOP('',(#2287,#2288,#2289,#2290));
#496=EDGE_LOOP('',(#2291,#2292,#2293,#2294));
#497=EDGE_LOOP('',(#2295,#2296,#2297,#2298));
#498=EDGE_LOOP('',(#2299,#2300,#2301,#2302));
#499=EDGE_LOOP('',(#2303,#2304,#2305,#2306));
#500=EDGE_LOOP('',(#2307,#2308,#2309,#2310));
#501=EDGE_LOOP('',(#2311,#2312,#2313,#2314));
#502=EDGE_LOOP('',(#2315,#2316,#2317,#2318));
#503=EDGE_LOOP('',(#2319,#2320,#2321,#2322));
#504=EDGE_LOOP('',(#2323,#2324,#2325,#2326));
#505=EDGE_LOOP('',(#2327,#2328,#2329,#2330));
#506=EDGE_LOOP('',(#2331,#2332,#2333,#2334));
#507=EDGE_LOOP('',(#2335,#2336,#2337,#2338));
#508=EDGE_LOOP('',(#2339,#2340,#2341,#2342));
#509=EDGE_LOOP('',(#2343,#2344,#2345,#2346));
#510=EDGE_LOOP('',(#2347,#2348,#2349,#2350));
#511=EDGE_LOOP('',(#2351,#2352,#2353,#2354));
#512=EDGE_LOOP('',(#2355,#2356,#2357,#2358));
#513=EDGE_LOOP('',(#2359,#2360,#2361,#2362));
#514=EDGE_LOOP('',(#2363,#2364,#2365,#2366));
#515=EDGE_LOOP('',(#2367,#2368,#2369,#2370));
#516=EDGE_LOOP('',(#2371,#2372,#2373,#2374));
#517=EDGE_LOOP('',(#2375,#2376,#2377,#2378));
#518=EDGE_LOOP('',(#2379,#2380,#2381,#2382));
#519=EDGE_LOOP('',(#2383,#2384,#2385,#2386));
#520=EDGE_LOOP('',(#2387,#2388,#2389,#2390));
#521=EDGE_LOOP('',(#2391,#2392,#2393,#2394));
#522=EDGE_LOOP('',(#2395,#2396,#2397,#2398));
#523=EDGE_LOOP('',(#2399,#2400,#2401,#2402));
#524=EDGE_LOOP('',(#2403,#2404,#2405,#2406));
#525=EDGE_LOOP('',(#2407,#2408,#2409,#2410));
#526=EDGE_LOOP('',(#2411,#2412,#2413,#2414));
#527=EDGE_LOOP('',(#2415,#2416,#2417,#2418));
#528=EDGE_LOOP('',(#2419,#2420,#2421,#2422));
#529=EDGE_LOOP('',(#2423,#2424,#2425,#2426));
#530=EDGE_LOOP('',(#2427,#2428,#2429,#2430));
#531=EDGE_LOOP('',(#2431,#2432,#2433,#2434));
#532=EDGE_LOOP('',(#2435,#2436,#2437,#2438));
#533=EDGE_LOOP('',(#2439,#2440,#2441,#2442));
#534=EDGE_LOOP('',(#2443,#2444));
#535=EDGE_LOOP('',(#2445,#2446,#2447,#2448));
#536=EDGE_LOOP('',(#2449,#2450,#2451,#2452));
#537=EDGE_LOOP('',(#2453,#2454,#2455,#2456,#2457,#2458));
#538=EDGE_LOOP('',(#2459,#2460,#2461,#2462));
#539=EDGE_LOOP('',(#2463,#2464,#2465,#2466));
#540=EDGE_LOOP('',(#2467,#2468,#2469,#2470));
#541=EDGE_LOOP('',(#2471));
#542=EDGE_LOOP('',(#2472,#2473,#2474,#2475));
#543=EDGE_LOOP('',(#2476));
#544=EDGE_LOOP('',(#2477,#2478,#2479,#2480));
#545=EDGE_LOOP('',(#2481));
#546=EDGE_LOOP('',(#2482,#2483,#2484,#2485));
#547=EDGE_LOOP('',(#2486));
#548=EDGE_LOOP('',(#2487,#2488,#2489,#2490));
#549=EDGE_LOOP('',(#2491));
#550=EDGE_LOOP('',(#2492));
#551=EDGE_LOOP('',(#2493,#2494,#2495,#2496));
#552=EDGE_LOOP('',(#2497));
#553=EDGE_LOOP('',(#2498));
#554=EDGE_LOOP('',(#2499,#2500,#2501,#2502));
#555=EDGE_LOOP('',(#2503));
#556=EDGE_LOOP('',(#2504));
#557=EDGE_LOOP('',(#2505,#2506,#2507,#2508));
#558=EDGE_LOOP('',(#2509));
#559=EDGE_LOOP('',(#2510));
#560=EDGE_LOOP('',(#2511,#2512,#2513,#2514));
#561=EDGE_LOOP('',(#2515,#2516,#2517,#2518));
#562=EDGE_LOOP('',(#2519,#2520,#2521,#2522));
#563=EDGE_LOOP('',(#2523,#2524,#2525,#2526));
#564=EDGE_LOOP('',(#2527,#2528,#2529,#2530));
#565=EDGE_LOOP('',(#2531,#2532,#2533,#2534));
#566=EDGE_LOOP('',(#2535,#2536,#2537,#2538));
#567=EDGE_LOOP('',(#2539,#2540,#2541,#2542,#2543,#2544));
#568=EDGE_LOOP('',(#2545));
#569=EDGE_LOOP('',(#2546));
#570=EDGE_LOOP('',(#2547));
#571=EDGE_LOOP('',(#2548));
#572=EDGE_LOOP('',(#2549));
#573=EDGE_LOOP('',(#2550));
#574=EDGE_LOOP('',(#2551));
#575=EDGE_LOOP('',(#2552));
#576=EDGE_LOOP('',(#2553,#2554,#2555,#2556));
#577=EDGE_LOOP('',(#2557));
#578=EDGE_LOOP('',(#2558));
#579=EDGE_LOOP('',(#2559,#2560,#2561,#2562,#2563,#2564,#2565,#2566));
#580=EDGE_LOOP('',(#2567));
#581=EDGE_LOOP('',(#2568));
#582=EDGE_LOOP('',(#2569,#2570,#2571,#2572));
#583=EDGE_LOOP('',(#2573,#2574,#2575,#2576));
#584=EDGE_LOOP('',(#2577));
#585=EDGE_LOOP('',(#2578));
#586=EDGE_LOOP('',(#2579));
#587=EDGE_LOOP('',(#2580));
#588=EDGE_LOOP('',(#2581,#2582,#2583,#2584));
#589=EDGE_LOOP('',(#2585,#2586,#2587,#2588));
#590=EDGE_LOOP('',(#2589));
#591=EDGE_LOOP('',(#2590));
#592=EDGE_LOOP('',(#2591));
#593=EDGE_LOOP('',(#2592));
#594=EDGE_LOOP('',(#2593,#2594,#2595,#2596));
#595=EDGE_LOOP('',(#2597,#2598,#2599,#2600));
#596=EDGE_LOOP('',(#2601));
#597=EDGE_LOOP('',(#2602));
#598=EDGE_LOOP('',(#2603));
#599=EDGE_LOOP('',(#2604));
#600=EDGE_LOOP('',(#2605,#2606,#2607,#2608));
#601=EDGE_LOOP('',(#2609,#2610,#2611,#2612));
#602=EDGE_LOOP('',(#2613));
#603=EDGE_LOOP('',(#2614));
#604=EDGE_LOOP('',(#2615));
#605=EDGE_LOOP('',(#2616));
#606=EDGE_LOOP('',(#2617,#2618,#2619,#2620));
#607=EDGE_LOOP('',(#2621,#2622,#2623,#2624));
#608=EDGE_LOOP('',(#2625,#2626,#2627,#2628));
#609=EDGE_LOOP('',(#2629,#2630,#2631,#2632));
#610=EDGE_LOOP('',(#2633,#2634,#2635,#2636));
#611=EDGE_LOOP('',(#2637));
#612=EDGE_LOOP('',(#2638));
#613=EDGE_LOOP('',(#2639,#2640,#2641,#2642));
#614=EDGE_LOOP('',(#2643));
#615=EDGE_LOOP('',(#2644));
#616=EDGE_LOOP('',(#2645,#2646,#2647,#2648));
#617=EDGE_LOOP('',(#2649));
#618=EDGE_LOOP('',(#2650));
#619=EDGE_LOOP('',(#2651,#2652,#2653,#2654));
#620=EDGE_LOOP('',(#2655));
#621=EDGE_LOOP('',(#2656));
#622=EDGE_LOOP('',(#2657,#2658,#2659,#2660));
#623=EDGE_LOOP('',(#2661));
#624=EDGE_LOOP('',(#2662));
#625=EDGE_LOOP('',(#2663,#2664,#2665,#2666));
#626=EDGE_LOOP('',(#2667));
#627=EDGE_LOOP('',(#2668));
#628=EDGE_LOOP('',(#2669,#2670,#2671,#2672));
#629=EDGE_LOOP('',(#2673));
#630=EDGE_LOOP('',(#2674));
#631=EDGE_LOOP('',(#2675,#2676,#2677,#2678));
#632=EDGE_LOOP('',(#2679));
#633=EDGE_LOOP('',(#2680));
#634=EDGE_LOOP('',(#2681,#2682,#2683,#2684));
#635=EDGE_LOOP('',(#2685,#2686,#2687,#2688));
#636=EDGE_LOOP('',(#2689,#2690,#2691,#2692,#2693));
#637=EDGE_LOOP('',(#2694,#2695,#2696,#2697,#2698,#2699));
#638=EDGE_LOOP('',(#2700,#2701,#2702,#2703));
#639=EDGE_LOOP('',(#2704,#2705,#2706,#2707,#2708,#2709,#2710,#2711));
#640=EDGE_LOOP('',(#2712,#2713,#2714,#2715));
#641=EDGE_LOOP('',(#2716,#2717,#2718,#2719,#2720));
#642=EDGE_LOOP('',(#2721,#2722,#2723,#2724,#2725,#2726));
#643=EDGE_LOOP('',(#2727,#2728,#2729,#2730));
#644=EDGE_LOOP('',(#2731,#2732,#2733,#2734,#2735,#2736));
#645=EDGE_LOOP('',(#2737,#2738,#2739,#2740));
#646=EDGE_LOOP('',(#2741,#2742,#2743,#2744));
#647=EDGE_LOOP('',(#2745,#2746,#2747,#2748));
#648=EDGE_LOOP('',(#2749,#2750,#2751,#2752));
#649=LINE('',#4182,#923);
#650=LINE('',#4191,#924);
#651=LINE('',#4200,#925);
#652=LINE('',#4209,#926);
#653=LINE('',#4217,#927);
#654=LINE('',#4219,#928);
#655=LINE('',#4221,#929);
#656=LINE('',#4222,#930);
#657=LINE('',#4227,#931);
#658=LINE('',#4232,#932);
#659=LINE('',#4234,#933);
#660=LINE('',#4236,#934);
#661=LINE('',#4238,#935);
#662=LINE('',#4240,#936);
#663=LINE('',#4241,#937);
#664=LINE('',#4245,#938);
#665=LINE('',#4247,#939);
#666=LINE('',#4249,#940);
#667=LINE('',#4250,#941);
#668=LINE('',#4255,#942);
#669=LINE('',#4256,#943);
#670=LINE('',#4257,#944);
#671=LINE('',#4260,#945);
#672=LINE('',#4261,#946);
#673=LINE('',#4265,#947);
#674=LINE('',#4267,#948);
#675=LINE('',#4269,#949);
#676=LINE('',#4270,#950);
#677=LINE('',#4273,#951);
#678=LINE('',#4275,#952);
#679=LINE('',#4276,#953);
#680=LINE('',#4368,#954);
#681=LINE('',#4369,#955);
#682=LINE('',#4416,#956);
#683=LINE('',#4417,#957);
#684=LINE('',#4464,#958);
#685=LINE('',#4465,#959);
#686=LINE('',#4467,#960);
#687=LINE('',#4468,#961);
#688=LINE('',#4471,#962);
#689=LINE('',#4474,#963);
#690=LINE('',#4477,#964);
#691=LINE('',#4480,#965);
#692=LINE('',#4483,#966);
#693=LINE('',#4484,#967);
#694=LINE('',#4487,#968);
#695=LINE('',#4490,#969);
#696=LINE('',#4493,#970);
#697=LINE('',#4497,#971);
#698=LINE('',#4500,#972);
#699=LINE('',#4503,#973);
#700=LINE('',#4504,#974);
#701=LINE('',#4507,#975);
#702=LINE('',#4510,#976);
#703=LINE('',#4513,#977);
#704=LINE('',#4536,#978);
#705=LINE('',#4538,#979);
#706=LINE('',#4540,#980);
#707=LINE('',#4541,#981);
#708=LINE('',#4544,#982);
#709=LINE('',#4546,#983);
#710=LINE('',#4548,#984);
#711=LINE('',#4549,#985);
#712=LINE('',#4552,#986);
#713=LINE('',#4554,#987);
#714=LINE('',#4556,#988);
#715=LINE('',#4557,#989);
#716=LINE('',#4560,#990);
#717=LINE('',#4562,#991);
#718=LINE('',#4564,#992);
#719=LINE('',#4565,#993);
#720=LINE('',#4568,#994);
#721=LINE('',#4570,#995);
#722=LINE('',#4572,#996);
#723=LINE('',#4573,#997);
#724=LINE('',#4576,#998);
#725=LINE('',#4578,#999);
#726=LINE('',#4580,#1000);
#727=LINE('',#4581,#1001);
#728=LINE('',#4584,#1002);
#729=LINE('',#4586,#1003);
#730=LINE('',#4588,#1004);
#731=LINE('',#4589,#1005);
#732=LINE('',#4592,#1006);
#733=LINE('',#4594,#1007);
#734=LINE('',#4595,#1008);
#735=LINE('',#4598,#1009);
#736=LINE('',#4599,#1010);
#737=LINE('',#4602,#1011);
#738=LINE('',#4603,#1012);
#739=LINE('',#4605,#1013);
#740=LINE('',#4608,#1014);
#741=LINE('',#4610,#1015);
#742=LINE('',#4611,#1016);
#743=LINE('',#4614,#1017);
#744=LINE('',#4616,#1018);
#745=LINE('',#4617,#1019);
#746=LINE('',#4619,#1020);
#747=LINE('',#4620,#1021);
#748=LINE('',#4624,#1022);
#749=LINE('',#4626,#1023);
#750=LINE('',#4628,#1024);
#751=LINE('',#4629,#1025);
#752=LINE('',#4632,#1026);
#753=LINE('',#4633,#1027);
#754=LINE('',#4636,#1028);
#755=LINE('',#4637,#1029);
#756=LINE('',#4639,#1030);
#757=LINE('',#4643,#1031);
#758=LINE('',#4645,#1032);
#759=LINE('',#4647,#1033);
#760=LINE('',#4648,#1034);
#761=LINE('',#4650,#1035);
#762=LINE('',#4651,#1036);
#763=LINE('',#4653,#1037);
#764=LINE('',#4654,#1038);
#765=LINE('',#4658,#1039);
#766=LINE('',#4661,#1040);
#767=LINE('',#4662,#1041);
#768=LINE('',#4671,#1042);
#769=LINE('',#4673,#1043);
#770=LINE('',#4675,#1044);
#771=LINE('',#4677,#1045);
#772=LINE('',#4679,#1046);
#773=LINE('',#4697,#1047);
#774=LINE('',#4699,#1048);
#775=LINE('',#4701,#1049);
#776=LINE('',#4702,#1050);
#777=LINE('',#4704,#1051);
#778=LINE('',#4705,#1052);
#779=LINE('',#4707,#1053);
#780=LINE('',#4709,#1054);
#781=LINE('',#4710,#1055);
#782=LINE('',#4711,#1056);
#783=LINE('',#4717,#1057);
#784=LINE('',#4719,#1058);
#785=LINE('',#4720,#1059);
#786=LINE('',#4723,#1060);
#787=LINE('',#4724,#1061);
#788=LINE('',#4727,#1062);
#789=LINE('',#4728,#1063);
#790=LINE('',#4730,#1064);
#791=LINE('',#4734,#1065);
#792=LINE('',#4736,#1066);
#793=LINE('',#4737,#1067);
#794=LINE('',#4740,#1068);
#795=LINE('',#4741,#1069);
#796=LINE('',#4744,#1070);
#797=LINE('',#4745,#1071);
#798=LINE('',#4747,#1072);
#799=LINE('',#4751,#1073);
#800=LINE('',#4753,#1074);
#801=LINE('',#4754,#1075);
#802=LINE('',#4757,#1076);
#803=LINE('',#4758,#1077);
#804=LINE('',#4761,#1078);
#805=LINE('',#4762,#1079);
#806=LINE('',#4764,#1080);
#807=LINE('',#4768,#1081);
#808=LINE('',#4770,#1082);
#809=LINE('',#4771,#1083);
#810=LINE('',#4774,#1084);
#811=LINE('',#4775,#1085);
#812=LINE('',#4778,#1086);
#813=LINE('',#4779,#1087);
#814=LINE('',#4781,#1088);
#815=LINE('',#4785,#1089);
#816=LINE('',#4787,#1090);
#817=LINE('',#4788,#1091);
#818=LINE('',#4791,#1092);
#819=LINE('',#4792,#1093);
#820=LINE('',#4795,#1094);
#821=LINE('',#4796,#1095);
#822=LINE('',#4798,#1096);
#823=LINE('',#4802,#1097);
#824=LINE('',#4804,#1098);
#825=LINE('',#4805,#1099);
#826=LINE('',#4808,#1100);
#827=LINE('',#4809,#1101);
#828=LINE('',#4812,#1102);
#829=LINE('',#4813,#1103);
#830=LINE('',#4815,#1104);
#831=LINE('',#4820,#1105);
#832=LINE('',#4822,#1106);
#833=LINE('',#4823,#1107);
#834=LINE('',#4826,#1108);
#835=LINE('',#4827,#1109);
#836=LINE('',#4830,#1110);
#837=LINE('',#4831,#1111);
#838=LINE('',#4833,#1112);
#839=LINE('',#4836,#1113);
#840=LINE('',#4838,#1114);
#841=LINE('',#4839,#1115);
#842=LINE('',#4842,#1116);
#843=LINE('',#4843,#1117);
#844=LINE('',#4846,#1118);
#845=LINE('',#4849,#1119);
#846=LINE('',#4851,#1120);
#847=LINE('',#4855,#1121);
#848=LINE('',#4856,#1122);
#849=LINE('',#4857,#1123);
#850=LINE('',#4860,#1124);
#851=LINE('',#4861,#1125);
#852=LINE('',#4864,#1126);
#853=LINE('',#4865,#1127);
#854=LINE('',#4867,#1128);
#855=LINE('',#4871,#1129);
#856=LINE('',#4875,#1130);
#857=LINE('',#4876,#1131);
#858=LINE('',#4877,#1132);
#859=LINE('',#4880,#1133);
#860=LINE('',#4881,#1134);
#861=LINE('',#4884,#1135);
#862=LINE('',#4885,#1136);
#863=LINE('',#4887,#1137);
#864=LINE('',#4893,#1138);
#865=LINE('',#4900,#1139);
#866=LINE('',#4907,#1140);
#867=LINE('',#4914,#1141);
#868=LINE('',#4919,#1142);
#869=LINE('',#4924,#1143);
#870=LINE('',#4929,#1144);
#871=LINE('',#4934,#1145);
#872=LINE('',#4940,#1146);
#873=LINE('',#4944,#1147);
#874=LINE('',#4948,#1148);
#875=LINE('',#4952,#1149);
#876=LINE('',#4956,#1150);
#877=LINE('',#4960,#1151);
#878=LINE('',#4964,#1152);
#879=LINE('',#4967,#1153);
#880=LINE('',#4974,#1154);
#881=LINE('',#4979,#1155);
#882=LINE('',#4986,#1156);
#883=LINE('',#4992,#1157);
#884=LINE('',#5002,#1158);
#885=LINE('',#5008,#1159);
#886=LINE('',#5018,#1160);
#887=LINE('',#5024,#1161);
#888=LINE('',#5034,#1162);
#889=LINE('',#5040,#1163);
#890=LINE('',#5050,#1164);
#891=LINE('',#5056,#1165);
#892=LINE('',#5062,#1166);
#893=LINE('',#5068,#1167);
#894=LINE('',#5073,#1168);
#895=LINE('',#5078,#1169);
#896=LINE('',#5083,#1170);
#897=LINE('',#5088,#1171);
#898=LINE('',#5091,#1172);
#899=LINE('',#5094,#1173);
#900=LINE('',#5097,#1174);
#901=LINE('',#5100,#1175);
#902=LINE('',#5104,#1176);
#903=LINE('',#5105,#1177);
#904=LINE('',#5107,#1178);
#905=LINE('',#5110,#1179);
#906=LINE('',#5112,#1180);
#907=LINE('',#5113,#1181);
#908=LINE('',#5115,#1182);
#909=LINE('',#5117,#1183);
#910=LINE('',#5120,#1184);
#911=LINE('',#5122,#1185);
#912=LINE('',#5124,#1186);
#913=LINE('',#5125,#1187);
#914=LINE('',#5127,#1188);
#915=LINE('',#5130,#1189);
#916=LINE('',#5131,#1190);
#917=LINE('',#5134,#1191);
#918=LINE('',#5135,#1192);
#919=LINE('',#5137,#1193);
#920=LINE('',#5140,#1194);
#921=LINE('',#5141,#1195);
#922=LINE('',#5143,#1196);
#923=VECTOR('',#3307,1.3);
#924=VECTOR('',#3318,1.3);
#925=VECTOR('',#3329,1.3);
#926=VECTOR('',#3340,1.3);
#927=VECTOR('',#3349,1.);
#928=VECTOR('',#3350,1.);
#929=VECTOR('',#3351,1.);
#930=VECTOR('',#3352,1.);
#931=VECTOR('',#3357,0.75);
#932=VECTOR('',#3362,1.);
#933=VECTOR('',#3363,1.);
#934=VECTOR('',#3364,1.);
#935=VECTOR('',#3365,1.);
#936=VECTOR('',#3366,1.);
#937=VECTOR('',#3367,1.);
#938=VECTOR('',#3370,1.);
#939=VECTOR('',#3371,1.);
#940=VECTOR('',#3372,1.);
#941=VECTOR('',#3373,1.);
#942=VECTOR('',#3378,1.);
#943=VECTOR('',#3379,1.);
#944=VECTOR('',#3380,1.);
#945=VECTOR('',#3383,1.);
#946=VECTOR('',#3384,1.);
#947=VECTOR('',#3387,1.);
#948=VECTOR('',#3388,1.);
#949=VECTOR('',#3389,1.);
#950=VECTOR('',#3390,1.);
#951=VECTOR('',#3393,1.);
#952=VECTOR('',#3394,1.);
#953=VECTOR('',#3395,1.);
#954=VECTOR('',#3418,1.);
#955=VECTOR('',#3419,1.);
#956=VECTOR('',#3432,1.);
#957=VECTOR('',#3433,1.);
#958=VECTOR('',#3446,1.);
#959=VECTOR('',#3447,1.);
#960=VECTOR('',#3450,1.);
#961=VECTOR('',#3451,1.);
#962=VECTOR('',#3454,1.);
#963=VECTOR('',#3457,1.);
#964=VECTOR('',#3460,1.);
#965=VECTOR('',#3463,1.);
#966=VECTOR('',#3466,1.);
#967=VECTOR('',#3467,1.);
#968=VECTOR('',#3470,1.);
#969=VECTOR('',#3473,1.);
#970=VECTOR('',#3476,1.);
#971=VECTOR('',#3481,1.);
#972=VECTOR('',#3484,1.);
#973=VECTOR('',#3487,1.);
#974=VECTOR('',#3488,1.);
#975=VECTOR('',#3491,1.);
#976=VECTOR('',#3494,1.);
#977=VECTOR('',#3497,1.);
#978=VECTOR('',#3520,1.);
#979=VECTOR('',#3521,1.);
#980=VECTOR('',#3522,1.);
#981=VECTOR('',#3523,1.);
#982=VECTOR('',#3524,1.);
#983=VECTOR('',#3525,1.);
#984=VECTOR('',#3526,1.);
#985=VECTOR('',#3527,1.);
#986=VECTOR('',#3528,1.);
#987=VECTOR('',#3529,1.);
#988=VECTOR('',#3530,1.);
#989=VECTOR('',#3531,1.);
#990=VECTOR('',#3532,1.);
#991=VECTOR('',#3533,1.);
#992=VECTOR('',#3534,1.);
#993=VECTOR('',#3535,1.);
#994=VECTOR('',#3536,1.);
#995=VECTOR('',#3537,1.);
#996=VECTOR('',#3538,1.);
#997=VECTOR('',#3539,1.);
#998=VECTOR('',#3540,1.);
#999=VECTOR('',#3541,1.);
#1000=VECTOR('',#3542,1.);
#1001=VECTOR('',#3543,1.);
#1002=VECTOR('',#3544,1.);
#1003=VECTOR('',#3545,1.);
#1004=VECTOR('',#3546,1.);
#1005=VECTOR('',#3547,1.);
#1006=VECTOR('',#3550,1.);
#1007=VECTOR('',#3551,1.);
#1008=VECTOR('',#3552,1.);
#1009=VECTOR('',#3555,1.);
#1010=VECTOR('',#3556,1.);
#1011=VECTOR('',#3559,1.);
#1012=VECTOR('',#3560,1.);
#1013=VECTOR('',#3563,1.);
#1014=VECTOR('',#3566,1.);
#1015=VECTOR('',#3567,1.);
#1016=VECTOR('',#3568,1.);
#1017=VECTOR('',#3571,1.);
#1018=VECTOR('',#3572,1.);
#1019=VECTOR('',#3573,1.);
#1020=VECTOR('',#3576,1.);
#1021=VECTOR('',#3577,1.);
#1022=VECTOR('',#3582,1.);
#1023=VECTOR('',#3583,1.);
#1024=VECTOR('',#3584,1.);
#1025=VECTOR('',#3585,1.);
#1026=VECTOR('',#3588,1.);
#1027=VECTOR('',#3589,1.);
#1028=VECTOR('',#3592,1.);
#1029=VECTOR('',#3593,1.);
#1030=VECTOR('',#3596,1.);
#1031=VECTOR('',#3599,1.);
#1032=VECTOR('',#3600,1.);
#1033=VECTOR('',#3601,1.);
#1034=VECTOR('',#3602,1.);
#1035=VECTOR('',#3605,1.);
#1036=VECTOR('',#3606,1.);
#1037=VECTOR('',#3609,1.);
#1038=VECTOR('',#3610,1.);
#1039=VECTOR('',#3615,1.);
#1040=VECTOR('',#3620,1.);
#1041=VECTOR('',#3621,1.);
#1042=VECTOR('',#3628,1.);
#1043=VECTOR('',#3629,1.);
#1044=VECTOR('',#3630,1.);
#1045=VECTOR('',#3631,1.);
#1046=VECTOR('',#3632,1.);
#1047=VECTOR('',#3649,1.);
#1048=VECTOR('',#3650,1.);
#1049=VECTOR('',#3651,1.);
#1050=VECTOR('',#3652,1.);
#1051=VECTOR('',#3653,1.);
#1052=VECTOR('',#3654,1.);
#1053=VECTOR('',#3655,1.);
#1054=VECTOR('',#3656,1.);
#1055=VECTOR('',#3657,1.);
#1056=VECTOR('',#3658,1.);
#1057=VECTOR('',#3665,1.);
#1058=VECTOR('',#3666,1.);
#1059=VECTOR('',#3667,1.);
#1060=VECTOR('',#3670,1.);
#1061=VECTOR('',#3671,1.);
#1062=VECTOR('',#3674,1.);
#1063=VECTOR('',#3675,1.);
#1064=VECTOR('',#3678,1.);
#1065=VECTOR('',#3683,1.);
#1066=VECTOR('',#3684,1.);
#1067=VECTOR('',#3685,1.);
#1068=VECTOR('',#3688,1.);
#1069=VECTOR('',#3689,1.);
#1070=VECTOR('',#3692,1.);
#1071=VECTOR('',#3693,1.);
#1072=VECTOR('',#3696,1.);
#1073=VECTOR('',#3701,1.);
#1074=VECTOR('',#3702,1.);
#1075=VECTOR('',#3703,1.);
#1076=VECTOR('',#3706,1.);
#1077=VECTOR('',#3707,1.);
#1078=VECTOR('',#3710,1.);
#1079=VECTOR('',#3711,1.);
#1080=VECTOR('',#3714,1.);
#1081=VECTOR('',#3719,1.);
#1082=VECTOR('',#3720,1.);
#1083=VECTOR('',#3721,1.);
#1084=VECTOR('',#3724,1.);
#1085=VECTOR('',#3725,1.);
#1086=VECTOR('',#3728,1.);
#1087=VECTOR('',#3729,1.);
#1088=VECTOR('',#3732,1.);
#1089=VECTOR('',#3737,1.);
#1090=VECTOR('',#3738,1.);
#1091=VECTOR('',#3739,1.);
#1092=VECTOR('',#3742,1.);
#1093=VECTOR('',#3743,1.);
#1094=VECTOR('',#3746,1.);
#1095=VECTOR('',#3747,1.);
#1096=VECTOR('',#3750,1.);
#1097=VECTOR('',#3755,1.);
#1098=VECTOR('',#3756,1.);
#1099=VECTOR('',#3757,1.);
#1100=VECTOR('',#3760,1.);
#1101=VECTOR('',#3761,1.);
#1102=VECTOR('',#3764,1.);
#1103=VECTOR('',#3765,1.);
#1104=VECTOR('',#3768,1.);
#1105=VECTOR('',#3775,1.);
#1106=VECTOR('',#3776,1.);
#1107=VECTOR('',#3777,1.);
#1108=VECTOR('',#3780,1.);
#1109=VECTOR('',#3781,1.);
#1110=VECTOR('',#3784,1.);
#1111=VECTOR('',#3785,1.);
#1112=VECTOR('',#3788,1.);
#1113=VECTOR('',#3791,1.);
#1114=VECTOR('',#3792,1.);
#1115=VECTOR('',#3793,1.);
#1116=VECTOR('',#3796,1.);
#1117=VECTOR('',#3797,1.);
#1118=VECTOR('',#3800,0.2875);
#1119=VECTOR('',#3805,0.2575);
#1120=VECTOR('',#3808,0.8);
#1121=VECTOR('',#3811,1.);
#1122=VECTOR('',#3812,1.);
#1123=VECTOR('',#3813,1.);
#1124=VECTOR('',#3816,1.);
#1125=VECTOR('',#3817,1.);
#1126=VECTOR('',#3820,1.);
#1127=VECTOR('',#3821,1.);
#1128=VECTOR('',#3824,1.);
#1129=VECTOR('',#3831,1.);
#1130=VECTOR('',#3834,1.);
#1131=VECTOR('',#3835,1.);
#1132=VECTOR('',#3836,1.);
#1133=VECTOR('',#3839,1.);
#1134=VECTOR('',#3840,1.);
#1135=VECTOR('',#3843,1.);
#1136=VECTOR('',#3844,1.);
#1137=VECTOR('',#3847,1.);
#1138=VECTOR('',#3854,0.12);
#1139=VECTOR('',#3863,0.12);
#1140=VECTOR('',#3872,0.12);
#1141=VECTOR('',#3881,0.12);
#1142=VECTOR('',#3888,0.26);
#1143=VECTOR('',#3895,0.26);
#1144=VECTOR('',#3902,0.26);
#1145=VECTOR('',#3909,0.26);
#1146=VECTOR('',#3918,0.11);
#1147=VECTOR('',#3923,0.11);
#1148=VECTOR('',#3928,0.11);
#1149=VECTOR('',#3933,0.11);
#1150=VECTOR('',#3938,0.11);
#1151=VECTOR('',#3943,0.11);
#1152=VECTOR('',#3948,0.11);
#1153=VECTOR('',#3951,0.7);
#1154=VECTOR('',#3960,0.51);
#1155=VECTOR('',#3967,0.9);
#1156=VECTOR('',#3976,0.475);
#1157=VECTOR('',#3983,0.6);
#1158=VECTOR('',#3996,0.475);
#1159=VECTOR('',#4003,0.6);
#1160=VECTOR('',#4016,0.475);
#1161=VECTOR('',#4023,0.6);
#1162=VECTOR('',#4036,0.475);
#1163=VECTOR('',#4043,0.6);
#1164=VECTOR('',#4056,0.225);
#1165=VECTOR('',#4063,0.225);
#1166=VECTOR('',#4070,0.225);
#1167=VECTOR('',#4077,0.225);
#1168=VECTOR('',#4084,0.5);
#1169=VECTOR('',#4091,0.5);
#1170=VECTOR('',#4098,0.5);
#1171=VECTOR('',#4105,0.5);
#1172=VECTOR('',#4110,0.825);
#1173=VECTOR('',#4115,0.825);
#1174=VECTOR('',#4120,0.825);
#1175=VECTOR('',#4125,0.825);
#1176=VECTOR('',#4130,1.);
#1177=VECTOR('',#4131,1.);
#1178=VECTOR('',#4134,1.);
#1179=VECTOR('',#4137,1.);
#1180=VECTOR('',#4138,1.);
#1181=VECTOR('',#4139,1.);
#1182=VECTOR('',#4142,1.);
#1183=VECTOR('',#4145,1.);
#1184=VECTOR('',#4148,1.);
#1185=VECTOR('',#4149,1.);
#1186=VECTOR('',#4150,1.);
#1187=VECTOR('',#4151,1.);
#1188=VECTOR('',#4154,1.);
#1189=VECTOR('',#4157,1.);
#1190=VECTOR('',#4158,1.);
#1191=VECTOR('',#4161,1.);
#1192=VECTOR('',#4162,1.);
#1193=VECTOR('',#4165,1.);
#1194=VECTOR('',#4168,1.);
#1195=VECTOR('',#4169,1.);
#1196=VECTOR('',#4172,1.);
#1197=CIRCLE('',#3002,1.3);
#1198=CIRCLE('',#3003,1.3);
#1199=CIRCLE('',#3005,1.1);
#1200=CIRCLE('',#3007,1.3);
#1201=CIRCLE('',#3008,1.3);
#1202=CIRCLE('',#3010,1.1);
#1203=CIRCLE('',#3012,1.3);
#1204=CIRCLE('',#3013,1.3);
#1205=CIRCLE('',#3015,1.1);
#1206=CIRCLE('',#3017,1.3);
#1207=CIRCLE('',#3018,1.3);
#1208=CIRCLE('',#3020,1.1);
#1209=CIRCLE('',#3023,0.75);
#1210=CIRCLE('',#3024,0.75);
#1211=CIRCLE('',#3028,0.9);
#1212=CIRCLE('',#3032,0.250000000000001);
#1213=CIRCLE('',#3033,0.25);
#1214=CIRCLE('',#3034,0.250000000000001);
#1215=CIRCLE('',#3037,0.250000000000001);
#1216=CIRCLE('',#3038,0.25);
#1217=CIRCLE('',#3039,0.250000000000001);
#1218=CIRCLE('',#3043,0.250000000000001);
#1219=CIRCLE('',#3044,0.25);
#1220=CIRCLE('',#3045,0.250000000000001);
#1221=CIRCLE('',#3049,0.250000000000001);
#1222=CIRCLE('',#3050,0.25);
#1223=CIRCLE('',#3051,0.250000000000001);
#1224=CIRCLE('',#3057,0.25);
#1225=CIRCLE('',#3059,0.25);
#1226=CIRCLE('',#3062,0.25);
#1227=CIRCLE('',#3064,0.25);
#1228=CIRCLE('',#3066,0.25);
#1229=CIRCLE('',#3069,0.25);
#1230=CIRCLE('',#3071,0.25);
#1231=CIRCLE('',#3073,0.3175);
#1232=CIRCLE('',#3074,0.11);
#1233=CIRCLE('',#3075,0.11);
#1234=CIRCLE('',#3076,0.11);
#1235=CIRCLE('',#3077,0.11);
#1236=CIRCLE('',#3078,0.11);
#1237=CIRCLE('',#3079,0.11);
#1238=CIRCLE('',#3080,0.11);
#1239=CIRCLE('',#3081,0.85);
#1240=CIRCLE('',#3099,0.25);
#1241=CIRCLE('',#3101,0.26);
#1242=CIRCLE('',#3102,0.26);
#1243=CIRCLE('',#3103,0.2575);
#1244=CIRCLE('',#3104,0.7);
#1245=CIRCLE('',#3105,0.7);
#1246=CIRCLE('',#3106,0.825);
#1247=CIRCLE('',#3107,0.825);
#1248=CIRCLE('',#3108,0.825);
#1249=CIRCLE('',#3109,0.825);
#1250=CIRCLE('',#3110,0.26);
#1251=CIRCLE('',#3111,0.26);
#1252=CIRCLE('',#3112,0.9);
#1253=CIRCLE('',#3113,0.9);
#1254=CIRCLE('',#3152,0.2575);
#1255=CIRCLE('',#3161,0.7);
#1256=CIRCLE('',#3168,0.12);
#1257=CIRCLE('',#3169,0.12);
#1258=CIRCLE('',#3172,0.12);
#1259=CIRCLE('',#3173,0.12);
#1260=CIRCLE('',#3176,0.12);
#1261=CIRCLE('',#3177,0.12);
#1262=CIRCLE('',#3180,0.12);
#1263=CIRCLE('',#3181,0.12);
#1264=CIRCLE('',#3184,0.26);
#1265=CIRCLE('',#3187,0.26);
#1266=CIRCLE('',#3190,0.26);
#1267=CIRCLE('',#3193,0.26);
#1268=CIRCLE('',#3196,0.11);
#1269=CIRCLE('',#3198,0.11);
#1270=CIRCLE('',#3200,0.11);
#1271=CIRCLE('',#3202,0.11);
#1272=CIRCLE('',#3204,0.11);
#1273=CIRCLE('',#3206,0.11);
#1274=CIRCLE('',#3208,0.11);
#1275=CIRCLE('',#3210,0.7);
#1276=CIRCLE('',#3213,0.51);
#1277=CIRCLE('',#3214,0.51);
#1278=CIRCLE('',#3217,0.9);
#1279=CIRCLE('',#3220,0.475);
#1280=CIRCLE('',#3221,0.475);
#1281=CIRCLE('',#3223,0.6);
#1282=CIRCLE('',#3224,0.6);
#1283=CIRCLE('',#3227,0.825);
#1284=CIRCLE('',#3229,0.475);
#1285=CIRCLE('',#3230,0.475);
#1286=CIRCLE('',#3232,0.6);
#1287=CIRCLE('',#3233,0.6);
#1288=CIRCLE('',#3236,0.825);
#1289=CIRCLE('',#3238,0.475);
#1290=CIRCLE('',#3239,0.475);
#1291=CIRCLE('',#3241,0.6);
#1292=CIRCLE('',#3242,0.6);
#1293=CIRCLE('',#3245,0.825);
#1294=CIRCLE('',#3247,0.475);
#1295=CIRCLE('',#3248,0.475);
#1296=CIRCLE('',#3250,0.6);
#1297=CIRCLE('',#3251,0.6);
#1298=CIRCLE('',#3254,0.825);
#1299=CIRCLE('',#3256,0.225);
#1300=CIRCLE('',#3257,0.225);
#1301=CIRCLE('',#3259,0.225);
#1302=CIRCLE('',#3260,0.225);
#1303=CIRCLE('',#3262,0.225);
#1304=CIRCLE('',#3263,0.225);
#1305=CIRCLE('',#3265,0.225);
#1306=CIRCLE('',#3266,0.225);
#1307=CIRCLE('',#3268,0.5);
#1308=CIRCLE('',#3271,0.5);
#1309=CIRCLE('',#3274,0.5);
#1310=CIRCLE('',#3277,0.5);
#1311=VERTEX_POINT('',#4179);
#1312=VERTEX_POINT('',#4181);
#1313=VERTEX_POINT('',#4185);
#1314=VERTEX_POINT('',#4188);
#1315=VERTEX_POINT('',#4190);
#1316=VERTEX_POINT('',#4194);
#1317=VERTEX_POINT('',#4197);
#1318=VERTEX_POINT('',#4199);
#1319=VERTEX_POINT('',#4203);
#1320=VERTEX_POINT('',#4206);
#1321=VERTEX_POINT('',#4208);
#1322=VERTEX_POINT('',#4212);
#1323=VERTEX_POINT('',#4215);
#1324=VERTEX_POINT('',#4216);
#1325=VERTEX_POINT('',#4218);
#1326=VERTEX_POINT('',#4220);
#1327=VERTEX_POINT('',#4224);
#1328=VERTEX_POINT('',#4226);
#1329=VERTEX_POINT('',#4230);
#1330=VERTEX_POINT('',#4231);
#1331=VERTEX_POINT('',#4233);
#1332=VERTEX_POINT('',#4235);
#1333=VERTEX_POINT('',#4237);
#1334=VERTEX_POINT('',#4239);
#1335=VERTEX_POINT('',#4243);
#1336=VERTEX_POINT('',#4244);
#1337=VERTEX_POINT('',#4246);
#1338=VERTEX_POINT('',#4248);
#1339=VERTEX_POINT('',#4252);
#1340=VERTEX_POINT('',#4254);
#1341=VERTEX_POINT('',#4259);
#1342=VERTEX_POINT('',#4263);
#1343=VERTEX_POINT('',#4264);
#1344=VERTEX_POINT('',#4266);
#1345=VERTEX_POINT('',#4268);
#1346=VERTEX_POINT('',#4272);
#1347=VERTEX_POINT('',#4274);
#1348=VERTEX_POINT('',#4312);
#1349=VERTEX_POINT('',#4313);
#1350=VERTEX_POINT('',#4315);
#1351=VERTEX_POINT('',#4317);
#1352=VERTEX_POINT('',#4319);
#1353=VERTEX_POINT('',#4357);
#1354=VERTEX_POINT('',#4358);
#1355=VERTEX_POINT('',#4360);
#1356=VERTEX_POINT('',#4362);
#1357=VERTEX_POINT('',#4364);
#1358=VERTEX_POINT('',#4405);
#1359=VERTEX_POINT('',#4406);
#1360=VERTEX_POINT('',#4408);
#1361=VERTEX_POINT('',#4410);
#1362=VERTEX_POINT('',#4412);
#1363=VERTEX_POINT('',#4453);
#1364=VERTEX_POINT('',#4454);
#1365=VERTEX_POINT('',#4456);
#1366=VERTEX_POINT('',#4458);
#1367=VERTEX_POINT('',#4460);
#1368=VERTEX_POINT('',#4470);
#1369=VERTEX_POINT('',#4472);
#1370=VERTEX_POINT('',#4476);
#1371=VERTEX_POINT('',#4478);
#1372=VERTEX_POINT('',#4482);
#1373=VERTEX_POINT('',#4486);
#1374=VERTEX_POINT('',#4488);
#1375=VERTEX_POINT('',#4492);
#1376=VERTEX_POINT('',#4496);
#1377=VERTEX_POINT('',#4498);
#1378=VERTEX_POINT('',#4502);
#1379=VERTEX_POINT('',#4506);
#1380=VERTEX_POINT('',#4508);
#1381=VERTEX_POINT('',#4512);
#1382=VERTEX_POINT('',#4516);
#1383=VERTEX_POINT('',#4518);
#1384=VERTEX_POINT('',#4520);
#1385=VERTEX_POINT('',#4522);
#1386=VERTEX_POINT('',#4524);
#1387=VERTEX_POINT('',#4526);
#1388=VERTEX_POINT('',#4528);
#1389=VERTEX_POINT('',#4530);
#1390=VERTEX_POINT('',#4532);
#1391=VERTEX_POINT('',#4534);
#1392=VERTEX_POINT('',#4535);
#1393=VERTEX_POINT('',#4537);
#1394=VERTEX_POINT('',#4539);
#1395=VERTEX_POINT('',#4542);
#1396=VERTEX_POINT('',#4543);
#1397=VERTEX_POINT('',#4545);
#1398=VERTEX_POINT('',#4547);
#1399=VERTEX_POINT('',#4550);
#1400=VERTEX_POINT('',#4551);
#1401=VERTEX_POINT('',#4553);
#1402=VERTEX_POINT('',#4555);
#1403=VERTEX_POINT('',#4558);
#1404=VERTEX_POINT('',#4559);
#1405=VERTEX_POINT('',#4561);
#1406=VERTEX_POINT('',#4563);
#1407=VERTEX_POINT('',#4566);
#1408=VERTEX_POINT('',#4567);
#1409=VERTEX_POINT('',#4569);
#1410=VERTEX_POINT('',#4571);
#1411=VERTEX_POINT('',#4574);
#1412=VERTEX_POINT('',#4575);
#1413=VERTEX_POINT('',#4577);
#1414=VERTEX_POINT('',#4579);
#1415=VERTEX_POINT('',#4582);
#1416=VERTEX_POINT('',#4583);
#1417=VERTEX_POINT('',#4585);
#1418=VERTEX_POINT('',#4587);
#1419=VERTEX_POINT('',#4591);
#1420=VERTEX_POINT('',#4593);
#1421=VERTEX_POINT('',#4597);
#1422=VERTEX_POINT('',#4601);
#1423=VERTEX_POINT('',#4607);
#1424=VERTEX_POINT('',#4609);
#1425=VERTEX_POINT('',#4613);
#1426=VERTEX_POINT('',#4615);
#1427=VERTEX_POINT('',#4623);
#1428=VERTEX_POINT('',#4625);
#1429=VERTEX_POINT('',#4627);
#1430=VERTEX_POINT('',#4631);
#1431=VERTEX_POINT('',#4635);
#1432=VERTEX_POINT('',#4641);
#1433=VERTEX_POINT('',#4642);
#1434=VERTEX_POINT('',#4644);
#1435=VERTEX_POINT('',#4646);
#1436=VERTEX_POINT('',#4657);
#1437=VERTEX_POINT('',#4663);
#1438=VERTEX_POINT('',#4665);
#1439=VERTEX_POINT('',#4667);
#1440=VERTEX_POINT('',#4669);
#1441=VERTEX_POINT('',#4670);
#1442=VERTEX_POINT('',#4672);
#1443=VERTEX_POINT('',#4674);
#1444=VERTEX_POINT('',#4676);
#1445=VERTEX_POINT('',#4678);
#1446=VERTEX_POINT('',#4680);
#1447=VERTEX_POINT('',#4683);
#1448=VERTEX_POINT('',#4685);
#1449=VERTEX_POINT('',#4687);
#1450=VERTEX_POINT('',#4689);
#1451=VERTEX_POINT('',#4691);
#1452=VERTEX_POINT('',#4693);
#1453=VERTEX_POINT('',#4695);
#1454=VERTEX_POINT('',#4696);
#1455=VERTEX_POINT('',#4698);
#1456=VERTEX_POINT('',#4700);
#1457=VERTEX_POINT('',#4703);
#1458=VERTEX_POINT('',#4706);
#1459=VERTEX_POINT('',#4708);
#1460=VERTEX_POINT('',#4712);
#1461=VERTEX_POINT('',#4716);
#1462=VERTEX_POINT('',#4718);
#1463=VERTEX_POINT('',#4722);
#1464=VERTEX_POINT('',#4726);
#1465=VERTEX_POINT('',#4733);
#1466=VERTEX_POINT('',#4735);
#1467=VERTEX_POINT('',#4739);
#1468=VERTEX_POINT('',#4743);
#1469=VERTEX_POINT('',#4750);
#1470=VERTEX_POINT('',#4752);
#1471=VERTEX_POINT('',#4756);
#1472=VERTEX_POINT('',#4760);
#1473=VERTEX_POINT('',#4767);
#1474=VERTEX_POINT('',#4769);
#1475=VERTEX_POINT('',#4773);
#1476=VERTEX_POINT('',#4777);
#1477=VERTEX_POINT('',#4784);
#1478=VERTEX_POINT('',#4786);
#1479=VERTEX_POINT('',#4790);
#1480=VERTEX_POINT('',#4794);
#1481=VERTEX_POINT('',#4801);
#1482=VERTEX_POINT('',#4803);
#1483=VERTEX_POINT('',#4807);
#1484=VERTEX_POINT('',#4811);
#1485=VERTEX_POINT('',#4819);
#1486=VERTEX_POINT('',#4821);
#1487=VERTEX_POINT('',#4825);
#1488=VERTEX_POINT('',#4829);
#1489=VERTEX_POINT('',#4835);
#1490=VERTEX_POINT('',#4837);
#1491=VERTEX_POINT('',#4841);
#1492=VERTEX_POINT('',#4845);
#1493=VERTEX_POINT('',#4853);
#1494=VERTEX_POINT('',#4854);
#1495=VERTEX_POINT('',#4859);
#1496=VERTEX_POINT('',#4863);
#1497=VERTEX_POINT('',#4873);
#1498=VERTEX_POINT('',#4874);
#1499=VERTEX_POINT('',#4879);
#1500=VERTEX_POINT('',#4883);
#1501=VERTEX_POINT('',#4890);
#1502=VERTEX_POINT('',#4892);
#1503=VERTEX_POINT('',#4897);
#1504=VERTEX_POINT('',#4899);
#1505=VERTEX_POINT('',#4904);
#1506=VERTEX_POINT('',#4906);
#1507=VERTEX_POINT('',#4911);
#1508=VERTEX_POINT('',#4913);
#1509=VERTEX_POINT('',#4918);
#1510=VERTEX_POINT('',#4923);
#1511=VERTEX_POINT('',#4928);
#1512=VERTEX_POINT('',#4933);
#1513=VERTEX_POINT('',#4938);
#1514=VERTEX_POINT('',#4942);
#1515=VERTEX_POINT('',#4946);
#1516=VERTEX_POINT('',#4950);
#1517=VERTEX_POINT('',#4954);
#1518=VERTEX_POINT('',#4958);
#1519=VERTEX_POINT('',#4962);
#1520=VERTEX_POINT('',#4966);
#1521=VERTEX_POINT('',#4971);
#1522=VERTEX_POINT('',#4973);
#1523=VERTEX_POINT('',#4978);
#1524=VERTEX_POINT('',#4983);
#1525=VERTEX_POINT('',#4985);
#1526=VERTEX_POINT('',#4989);
#1527=VERTEX_POINT('',#4991);
#1528=VERTEX_POINT('',#4996);
#1529=VERTEX_POINT('',#4999);
#1530=VERTEX_POINT('',#5001);
#1531=VERTEX_POINT('',#5005);
#1532=VERTEX_POINT('',#5007);
#1533=VERTEX_POINT('',#5012);
#1534=VERTEX_POINT('',#5015);
#1535=VERTEX_POINT('',#5017);
#1536=VERTEX_POINT('',#5021);
#1537=VERTEX_POINT('',#5023);
#1538=VERTEX_POINT('',#5028);
#1539=VERTEX_POINT('',#5031);
#1540=VERTEX_POINT('',#5033);
#1541=VERTEX_POINT('',#5037);
#1542=VERTEX_POINT('',#5039);
#1543=VERTEX_POINT('',#5044);
#1544=VERTEX_POINT('',#5047);
#1545=VERTEX_POINT('',#5049);
#1546=VERTEX_POINT('',#5053);
#1547=VERTEX_POINT('',#5055);
#1548=VERTEX_POINT('',#5059);
#1549=VERTEX_POINT('',#5061);
#1550=VERTEX_POINT('',#5065);
#1551=VERTEX_POINT('',#5067);
#1552=VERTEX_POINT('',#5071);
#1553=VERTEX_POINT('',#5076);
#1554=VERTEX_POINT('',#5081);
#1555=VERTEX_POINT('',#5086);
#1556=VERTEX_POINT('',#5103);
#1557=VERTEX_POINT('',#5109);
#1558=VERTEX_POINT('',#5111);
#1559=VERTEX_POINT('',#5119);
#1560=VERTEX_POINT('',#5121);
#1561=VERTEX_POINT('',#5123);
#1562=VERTEX_POINT('',#5129);
#1563=VERTEX_POINT('',#5133);
#1564=VERTEX_POINT('',#5139);
#1565=EDGE_CURVE('',#1311,#1311,#1197,.T.);
#1566=EDGE_CURVE('',#1311,#1312,#649,.T.);
#1567=EDGE_CURVE('',#1312,#1312,#1198,.T.);
#1568=EDGE_CURVE('',#1313,#1313,#1199,.T.);
#1569=EDGE_CURVE('',#1314,#1314,#1200,.T.);
#1570=EDGE_CURVE('',#1314,#1315,#650,.T.);
#1571=EDGE_CURVE('',#1315,#1315,#1201,.T.);
#1572=EDGE_CURVE('',#1316,#1316,#1202,.T.);
#1573=EDGE_CURVE('',#1317,#1317,#1203,.T.);
#1574=EDGE_CURVE('',#1317,#1318,#651,.T.);
#1575=EDGE_CURVE('',#1318,#1318,#1204,.T.);
#1576=EDGE_CURVE('',#1319,#1319,#1205,.T.);
#1577=EDGE_CURVE('',#1320,#1320,#1206,.T.);
#1578=EDGE_CURVE('',#1320,#1321,#652,.T.);
#1579=EDGE_CURVE('',#1321,#1321,#1207,.T.);
#1580=EDGE_CURVE('',#1322,#1322,#1208,.T.);
#1581=EDGE_CURVE('',#1323,#1324,#653,.T.);
#1582=EDGE_CURVE('',#1325,#1323,#654,.T.);
#1583=EDGE_CURVE('',#1325,#1326,#655,.T.);
#1584=EDGE_CURVE('',#1326,#1324,#656,.T.);
#1585=EDGE_CURVE('',#1327,#1327,#1209,.T.);
#1586=EDGE_CURVE('',#1327,#1328,#657,.T.);
#1587=EDGE_CURVE('',#1328,#1328,#1210,.T.);
#1588=EDGE_CURVE('',#1329,#1330,#658,.T.);
#1589=EDGE_CURVE('',#1329,#1331,#659,.T.);
#1590=EDGE_CURVE('',#1331,#1332,#660,.T.);
#1591=EDGE_CURVE('',#1333,#1332,#661,.T.);
#1592=EDGE_CURVE('',#1333,#1334,#662,.T.);
#1593=EDGE_CURVE('',#1334,#1330,#663,.T.);
#1594=EDGE_CURVE('',#1335,#1336,#664,.T.);
#1595=EDGE_CURVE('',#1335,#1337,#665,.T.);
#1596=EDGE_CURVE('',#1338,#1337,#666,.T.);
#1597=EDGE_CURVE('',#1336,#1338,#667,.T.);
#1598=EDGE_CURVE('',#1337,#1339,#1211,.T.);
#1599=EDGE_CURVE('',#1340,#1335,#668,.T.);
#1600=EDGE_CURVE('',#1326,#1340,#669,.T.);
#1601=EDGE_CURVE('',#1339,#1325,#670,.T.);
#1602=EDGE_CURVE('',#1339,#1341,#671,.T.);
#1603=EDGE_CURVE('',#1341,#1323,#672,.T.);
#1604=EDGE_CURVE('',#1342,#1343,#673,.T.);
#1605=EDGE_CURVE('',#1342,#1344,#674,.T.);
#1606=EDGE_CURVE('',#1344,#1345,#675,.T.);
#1607=EDGE_CURVE('',#1343,#1345,#676,.T.);
#1608=EDGE_CURVE('',#1344,#1346,#677,.T.);
#1609=EDGE_CURVE('',#1347,#1342,#678,.T.);
#1610=EDGE_CURVE('',#1346,#1347,#679,.T.);
#1611=EDGE_CURVE('',#1348,#1349,#1212,.T.);
#1612=EDGE_CURVE('',#1349,#1350,#1213,.T.);
#1613=EDGE_CURVE('',#1350,#1351,#1214,.T.);
#1614=EDGE_CURVE('',#1351,#1352,#21,.T.);
#1615=EDGE_CURVE('',#1352,#1348,#22,.T.);
#1616=EDGE_CURVE('',#1353,#1354,#1215,.T.);
#1617=EDGE_CURVE('',#1354,#1355,#1216,.T.);
#1618=EDGE_CURVE('',#1355,#1356,#1217,.T.);
#1619=EDGE_CURVE('',#1356,#1357,#23,.T.);
#1620=EDGE_CURVE('',#1357,#1353,#24,.T.);
#1621=EDGE_CURVE('',#1352,#1357,#680,.T.);
#1622=EDGE_CURVE('',#1356,#1348,#681,.T.);
#1623=EDGE_CURVE('',#1358,#1359,#1218,.T.);
#1624=EDGE_CURVE('',#1359,#1360,#1219,.T.);
#1625=EDGE_CURVE('',#1360,#1361,#1220,.T.);
#1626=EDGE_CURVE('',#1361,#1362,#25,.T.);
#1627=EDGE_CURVE('',#1362,#1358,#26,.T.);
#1628=EDGE_CURVE('',#1357,#1362,#682,.T.);
#1629=EDGE_CURVE('',#1361,#1353,#683,.T.);
#1630=EDGE_CURVE('',#1363,#1364,#1221,.T.);
#1631=EDGE_CURVE('',#1364,#1365,#1222,.T.);
#1632=EDGE_CURVE('',#1365,#1366,#1223,.T.);
#1633=EDGE_CURVE('',#1366,#1367,#27,.T.);
#1634=EDGE_CURVE('',#1367,#1363,#28,.T.);
#1635=EDGE_CURVE('',#1362,#1367,#684,.T.);
#1636=EDGE_CURVE('',#1366,#1358,#685,.T.);
#1637=EDGE_CURVE('',#1351,#1363,#686,.T.);
#1638=EDGE_CURVE('',#1367,#1352,#687,.T.);
#1639=EDGE_CURVE('',#1355,#1368,#688,.T.);
#1640=EDGE_CURVE('',#1368,#1369,#1224,.T.);
#1641=EDGE_CURVE('',#1369,#1356,#689,.T.);
#1642=EDGE_CURVE('',#1353,#1370,#690,.T.);
#1643=EDGE_CURVE('',#1370,#1371,#1225,.T.);
#1644=EDGE_CURVE('',#1371,#1354,#691,.T.);
#1645=EDGE_CURVE('',#1372,#1361,#692,.T.);
#1646=EDGE_CURVE('',#1372,#1370,#693,.T.);
#1647=EDGE_CURVE('',#1358,#1373,#694,.T.);
#1648=EDGE_CURVE('',#1373,#1374,#1226,.T.);
#1649=EDGE_CURVE('',#1374,#1359,#695,.T.);
#1650=EDGE_CURVE('',#1360,#1375,#696,.T.);
#1651=EDGE_CURVE('',#1375,#1372,#1227,.T.);
#1652=EDGE_CURVE('',#1350,#1376,#697,.T.);
#1653=EDGE_CURVE('',#1376,#1377,#1228,.T.);
#1654=EDGE_CURVE('',#1377,#1351,#698,.T.);
#1655=EDGE_CURVE('',#1378,#1366,#699,.T.);
#1656=EDGE_CURVE('',#1378,#1373,#700,.T.);
#1657=EDGE_CURVE('',#1363,#1379,#701,.T.);
#1658=EDGE_CURVE('',#1379,#1380,#1229,.T.);
#1659=EDGE_CURVE('',#1380,#1364,#702,.T.);
#1660=EDGE_CURVE('',#1365,#1381,#703,.T.);
#1661=EDGE_CURVE('',#1381,#1378,#1230,.T.);
#1662=EDGE_CURVE('',#1382,#1382,#1231,.T.);
#1663=EDGE_CURVE('',#1383,#1383,#1232,.T.);
#1664=EDGE_CURVE('',#1384,#1384,#1233,.T.);
#1665=EDGE_CURVE('',#1385,#1385,#1234,.T.);
#1666=EDGE_CURVE('',#1386,#1386,#1235,.T.);
#1667=EDGE_CURVE('',#1387,#1387,#1236,.T.);
#1668=EDGE_CURVE('',#1388,#1388,#1237,.T.);
#1669=EDGE_CURVE('',#1389,#1389,#1238,.T.);
#1670=EDGE_CURVE('',#1390,#1390,#1239,.T.);
#1671=EDGE_CURVE('',#1391,#1392,#704,.T.);
#1672=EDGE_CURVE('',#1393,#1391,#705,.T.);
#1673=EDGE_CURVE('',#1394,#1393,#706,.T.);
#1674=EDGE_CURVE('',#1392,#1394,#707,.T.);
#1675=EDGE_CURVE('',#1395,#1396,#708,.T.);
#1676=EDGE_CURVE('',#1396,#1397,#709,.T.);
#1677=EDGE_CURVE('',#1397,#1398,#710,.T.);
#1678=EDGE_CURVE('',#1398,#1395,#711,.T.);
#1679=EDGE_CURVE('',#1399,#1400,#712,.T.);
#1680=EDGE_CURVE('',#1400,#1401,#713,.T.);
#1681=EDGE_CURVE('',#1401,#1402,#714,.T.);
#1682=EDGE_CURVE('',#1402,#1399,#715,.T.);
#1683=EDGE_CURVE('',#1403,#1404,#716,.T.);
#1684=EDGE_CURVE('',#1404,#1405,#717,.T.);
#1685=EDGE_CURVE('',#1405,#1406,#718,.T.);
#1686=EDGE_CURVE('',#1406,#1403,#719,.T.);
#1687=EDGE_CURVE('',#1407,#1408,#720,.T.);
#1688=EDGE_CURVE('',#1408,#1409,#721,.T.);
#1689=EDGE_CURVE('',#1409,#1410,#722,.T.);
#1690=EDGE_CURVE('',#1410,#1407,#723,.T.);
#1691=EDGE_CURVE('',#1411,#1412,#724,.T.);
#1692=EDGE_CURVE('',#1412,#1413,#725,.T.);
#1693=EDGE_CURVE('',#1413,#1414,#726,.T.);
#1694=EDGE_CURVE('',#1414,#1411,#727,.T.);
#1695=EDGE_CURVE('',#1415,#1416,#728,.T.);
#1696=EDGE_CURVE('',#1416,#1417,#729,.T.);
#1697=EDGE_CURVE('',#1417,#1418,#730,.T.);
#1698=EDGE_CURVE('',#1418,#1415,#731,.T.);
#1699=EDGE_CURVE('',#1419,#1380,#732,.T.);
#1700=EDGE_CURVE('',#1419,#1420,#733,.T.);
#1701=EDGE_CURVE('',#1420,#1364,#734,.T.);
#1702=EDGE_CURVE('',#1421,#1420,#735,.T.);
#1703=EDGE_CURVE('',#1365,#1421,#736,.T.);
#1704=EDGE_CURVE('',#1422,#1419,#737,.T.);
#1705=EDGE_CURVE('',#1422,#1421,#738,.T.);
#1706=EDGE_CURVE('',#1381,#1422,#739,.T.);
#1707=EDGE_CURVE('',#1355,#1423,#740,.T.);
#1708=EDGE_CURVE('',#1424,#1423,#741,.T.);
#1709=EDGE_CURVE('',#1368,#1424,#742,.T.);
#1710=EDGE_CURVE('',#1425,#1371,#743,.T.);
#1711=EDGE_CURVE('',#1425,#1426,#744,.T.);
#1712=EDGE_CURVE('',#1426,#1354,#745,.T.);
#1713=EDGE_CURVE('',#1424,#1425,#746,.T.);
#1714=EDGE_CURVE('',#1423,#1426,#747,.T.);
#1715=EDGE_CURVE('',#1427,#1349,#748,.T.);
#1716=EDGE_CURVE('',#1428,#1427,#749,.T.);
#1717=EDGE_CURVE('',#1428,#1429,#750,.T.);
#1718=EDGE_CURVE('',#1429,#1349,#751,.T.);
#1719=EDGE_CURVE('',#1430,#1429,#752,.T.);
#1720=EDGE_CURVE('',#1350,#1430,#753,.T.);
#1721=EDGE_CURVE('',#1431,#1428,#754,.T.);
#1722=EDGE_CURVE('',#1431,#1430,#755,.T.);
#1723=EDGE_CURVE('',#1376,#1431,#756,.T.);
#1724=EDGE_CURVE('',#1432,#1433,#757,.T.);
#1725=EDGE_CURVE('',#1432,#1434,#758,.T.);
#1726=EDGE_CURVE('',#1434,#1435,#759,.T.);
#1727=EDGE_CURVE('',#1433,#1435,#760,.T.);
#1728=EDGE_CURVE('',#1360,#1434,#761,.T.);
#1729=EDGE_CURVE('',#1375,#1432,#762,.T.);
#1730=EDGE_CURVE('',#1433,#1374,#763,.T.);
#1731=EDGE_CURVE('',#1435,#1359,#764,.T.);
#1732=EDGE_CURVE('',#1348,#1436,#765,.T.);
#1733=EDGE_CURVE('',#1436,#1427,#1240,.T.);
#1734=EDGE_CURVE('',#1377,#1379,#766,.T.);
#1735=EDGE_CURVE('',#1369,#1436,#767,.T.);
#1736=EDGE_CURVE('',#1437,#1437,#1241,.T.);
#1737=EDGE_CURVE('',#1438,#1438,#1242,.T.);
#1738=EDGE_CURVE('',#1439,#1439,#1243,.T.);
#1739=EDGE_CURVE('',#1440,#1441,#768,.T.);
#1740=EDGE_CURVE('',#1441,#1442,#769,.T.);
#1741=EDGE_CURVE('',#1442,#1443,#770,.T.);
#1742=EDGE_CURVE('',#1443,#1444,#771,.T.);
#1743=EDGE_CURVE('',#1444,#1445,#772,.T.);
#1744=EDGE_CURVE('',#1445,#1446,#1244,.T.);
#1745=EDGE_CURVE('',#1446,#1440,#1245,.T.);
#1746=EDGE_CURVE('',#1447,#1447,#1246,.T.);
#1747=EDGE_CURVE('',#1448,#1448,#1247,.T.);
#1748=EDGE_CURVE('',#1449,#1449,#1248,.T.);
#1749=EDGE_CURVE('',#1450,#1450,#1249,.T.);
#1750=EDGE_CURVE('',#1451,#1451,#1250,.T.);
#1751=EDGE_CURVE('',#1452,#1452,#1251,.T.);
#1752=EDGE_CURVE('',#1453,#1454,#773,.T.);
#1753=EDGE_CURVE('',#1454,#1455,#774,.T.);
#1754=EDGE_CURVE('',#1455,#1456,#775,.T.);
#1755=EDGE_CURVE('',#1456,#1453,#776,.T.);
#1756=EDGE_CURVE('',#1324,#1457,#777,.T.);
#1757=EDGE_CURVE('',#1457,#1343,#778,.T.);
#1758=EDGE_CURVE('',#1345,#1458,#779,.T.);
#1759=EDGE_CURVE('',#1458,#1459,#780,.T.);
#1760=EDGE_CURVE('',#1459,#1333,#781,.T.);
#1761=EDGE_CURVE('',#1332,#1336,#782,.T.);
#1762=EDGE_CURVE('',#1338,#1460,#1252,.T.);
#1763=EDGE_CURVE('',#1460,#1341,#1253,.T.);
#1764=EDGE_CURVE('',#1461,#1417,#783,.T.);
#1765=EDGE_CURVE('',#1462,#1461,#784,.T.);
#1766=EDGE_CURVE('',#1462,#1418,#785,.T.);
#1767=EDGE_CURVE('',#1463,#1462,#786,.T.);
#1768=EDGE_CURVE('',#1463,#1415,#787,.T.);
#1769=EDGE_CURVE('',#1464,#1463,#788,.T.);
#1770=EDGE_CURVE('',#1464,#1416,#789,.T.);
#1771=EDGE_CURVE('',#1461,#1464,#790,.T.);
#1772=EDGE_CURVE('',#1465,#1413,#791,.T.);
#1773=EDGE_CURVE('',#1466,#1465,#792,.T.);
#1774=EDGE_CURVE('',#1466,#1414,#793,.T.);
#1775=EDGE_CURVE('',#1467,#1466,#794,.T.);
#1776=EDGE_CURVE('',#1467,#1411,#795,.T.);
#1777=EDGE_CURVE('',#1468,#1467,#796,.T.);
#1778=EDGE_CURVE('',#1468,#1412,#797,.T.);
#1779=EDGE_CURVE('',#1465,#1468,#798,.T.);
#1780=EDGE_CURVE('',#1469,#1409,#799,.T.);
#1781=EDGE_CURVE('',#1470,#1469,#800,.T.);
#1782=EDGE_CURVE('',#1470,#1410,#801,.T.);
#1783=EDGE_CURVE('',#1471,#1470,#802,.T.);
#1784=EDGE_CURVE('',#1471,#1407,#803,.T.);
#1785=EDGE_CURVE('',#1472,#1471,#804,.T.);
#1786=EDGE_CURVE('',#1472,#1408,#805,.T.);
#1787=EDGE_CURVE('',#1469,#1472,#806,.T.);
#1788=EDGE_CURVE('',#1473,#1405,#807,.T.);
#1789=EDGE_CURVE('',#1474,#1473,#808,.T.);
#1790=EDGE_CURVE('',#1474,#1406,#809,.T.);
#1791=EDGE_CURVE('',#1475,#1474,#810,.T.);
#1792=EDGE_CURVE('',#1475,#1403,#811,.T.);
#1793=EDGE_CURVE('',#1476,#1475,#812,.T.);
#1794=EDGE_CURVE('',#1476,#1404,#813,.T.);
#1795=EDGE_CURVE('',#1473,#1476,#814,.T.);
#1796=EDGE_CURVE('',#1477,#1401,#815,.T.);
#1797=EDGE_CURVE('',#1478,#1477,#816,.T.);
#1798=EDGE_CURVE('',#1478,#1402,#817,.T.);
#1799=EDGE_CURVE('',#1479,#1478,#818,.T.);
#1800=EDGE_CURVE('',#1479,#1399,#819,.T.);
#1801=EDGE_CURVE('',#1480,#1479,#820,.T.);
#1802=EDGE_CURVE('',#1480,#1400,#821,.T.);
#1803=EDGE_CURVE('',#1477,#1480,#822,.T.);
#1804=EDGE_CURVE('',#1481,#1397,#823,.T.);
#1805=EDGE_CURVE('',#1482,#1481,#824,.T.);
#1806=EDGE_CURVE('',#1482,#1398,#825,.T.);
#1807=EDGE_CURVE('',#1483,#1482,#826,.T.);
#1808=EDGE_CURVE('',#1483,#1395,#827,.T.);
#1809=EDGE_CURVE('',#1484,#1483,#828,.T.);
#1810=EDGE_CURVE('',#1484,#1396,#829,.T.);
#1811=EDGE_CURVE('',#1481,#1484,#830,.T.);
#1812=EDGE_CURVE('',#1392,#1485,#831,.T.);
#1813=EDGE_CURVE('',#1485,#1486,#832,.T.);
#1814=EDGE_CURVE('',#1486,#1391,#833,.T.);
#1815=EDGE_CURVE('',#1487,#1485,#834,.T.);
#1816=EDGE_CURVE('',#1487,#1394,#835,.T.);
#1817=EDGE_CURVE('',#1486,#1488,#836,.T.);
#1818=EDGE_CURVE('',#1488,#1393,#837,.T.);
#1819=EDGE_CURVE('',#1488,#1487,#838,.T.);
#1820=EDGE_CURVE('',#1489,#1486,#839,.T.);
#1821=EDGE_CURVE('',#1490,#1489,#840,.T.);
#1822=EDGE_CURVE('',#1490,#1488,#841,.T.);
#1823=EDGE_CURVE('',#1491,#1485,#842,.T.);
#1824=EDGE_CURVE('',#1489,#1491,#843,.T.);
#1825=EDGE_CURVE('',#1382,#1492,#844,.T.);
#1826=EDGE_CURVE('',#1492,#1492,#1254,.T.);
#1827=EDGE_CURVE('',#1439,#1492,#845,.T.);
#1828=EDGE_CURVE('',#1390,#1328,#846,.T.);
#1829=EDGE_CURVE('',#1493,#1494,#847,.T.);
#1830=EDGE_CURVE('',#1494,#1454,#848,.T.);
#1831=EDGE_CURVE('',#1493,#1453,#849,.T.);
#1832=EDGE_CURVE('',#1495,#1493,#850,.T.);
#1833=EDGE_CURVE('',#1495,#1456,#851,.T.);
#1834=EDGE_CURVE('',#1496,#1495,#852,.T.);
#1835=EDGE_CURVE('',#1496,#1455,#853,.T.);
#1836=EDGE_CURVE('',#1494,#1496,#854,.T.);
#1837=EDGE_CURVE('',#1440,#1445,#1255,.T.);
#1838=EDGE_CURVE('',#1445,#1440,#855,.T.);
#1839=EDGE_CURVE('',#1497,#1498,#856,.T.);
#1840=EDGE_CURVE('',#1498,#1443,#857,.T.);
#1841=EDGE_CURVE('',#1497,#1442,#858,.T.);
#1842=EDGE_CURVE('',#1499,#1497,#859,.T.);
#1843=EDGE_CURVE('',#1499,#1441,#860,.T.);
#1844=EDGE_CURVE('',#1500,#1499,#861,.T.);
#1845=EDGE_CURVE('',#1500,#1444,#862,.T.);
#1846=EDGE_CURVE('',#1498,#1500,#863,.T.);
#1847=EDGE_CURVE('',#1501,#1501,#1256,.T.);
#1848=EDGE_CURVE('',#1501,#1502,#864,.T.);
#1849=EDGE_CURVE('',#1502,#1502,#1257,.T.);
#1850=EDGE_CURVE('',#1503,#1503,#1258,.T.);
#1851=EDGE_CURVE('',#1503,#1504,#865,.T.);
#1852=EDGE_CURVE('',#1504,#1504,#1259,.T.);
#1853=EDGE_CURVE('',#1505,#1505,#1260,.T.);
#1854=EDGE_CURVE('',#1505,#1506,#866,.T.);
#1855=EDGE_CURVE('',#1506,#1506,#1261,.T.);
#1856=EDGE_CURVE('',#1507,#1507,#1262,.T.);
#1857=EDGE_CURVE('',#1507,#1508,#867,.T.);
#1858=EDGE_CURVE('',#1508,#1508,#1263,.T.);
#1859=EDGE_CURVE('',#1452,#1509,#868,.T.);
#1860=EDGE_CURVE('',#1509,#1509,#1264,.T.);
#1861=EDGE_CURVE('',#1437,#1510,#869,.T.);
#1862=EDGE_CURVE('',#1510,#1510,#1265,.T.);
#1863=EDGE_CURVE('',#1451,#1511,#870,.T.);
#1864=EDGE_CURVE('',#1511,#1511,#1266,.T.);
#1865=EDGE_CURVE('',#1438,#1512,#871,.T.);
#1866=EDGE_CURVE('',#1512,#1512,#1267,.T.);
#1867=EDGE_CURVE('',#1513,#1513,#1268,.T.);
#1868=EDGE_CURVE('',#1513,#1389,#872,.T.);
#1869=EDGE_CURVE('',#1514,#1514,#1269,.T.);
#1870=EDGE_CURVE('',#1514,#1388,#873,.T.);
#1871=EDGE_CURVE('',#1515,#1515,#1270,.T.);
#1872=EDGE_CURVE('',#1515,#1387,#874,.T.);
#1873=EDGE_CURVE('',#1516,#1516,#1271,.T.);
#1874=EDGE_CURVE('',#1516,#1386,#875,.T.);
#1875=EDGE_CURVE('',#1517,#1517,#1272,.T.);
#1876=EDGE_CURVE('',#1517,#1385,#876,.T.);
#1877=EDGE_CURVE('',#1518,#1518,#1273,.T.);
#1878=EDGE_CURVE('',#1518,#1384,#877,.T.);
#1879=EDGE_CURVE('',#1519,#1519,#1274,.T.);
#1880=EDGE_CURVE('',#1519,#1383,#878,.T.);
#1881=EDGE_CURVE('',#1446,#1520,#879,.T.);
#1882=EDGE_CURVE('',#1520,#1520,#1275,.T.);
#1883=EDGE_CURVE('',#1521,#1521,#1276,.T.);
#1884=EDGE_CURVE('',#1521,#1522,#880,.T.);
#1885=EDGE_CURVE('',#1522,#1522,#1277,.T.);
#1886=EDGE_CURVE('',#1460,#1523,#881,.T.);
#1887=EDGE_CURVE('',#1523,#1523,#1278,.T.);
#1888=EDGE_CURVE('',#1524,#1524,#1279,.T.);
#1889=EDGE_CURVE('',#1524,#1525,#882,.T.);
#1890=EDGE_CURVE('',#1525,#1525,#1280,.T.);
#1891=EDGE_CURVE('',#1526,#1526,#1281,.T.);
#1892=EDGE_CURVE('',#1526,#1527,#883,.T.);
#1893=EDGE_CURVE('',#1527,#1527,#1282,.T.);
#1894=EDGE_CURVE('',#1528,#1528,#1283,.T.);
#1895=EDGE_CURVE('',#1529,#1529,#1284,.T.);
#1896=EDGE_CURVE('',#1529,#1530,#884,.T.);
#1897=EDGE_CURVE('',#1530,#1530,#1285,.T.);
#1898=EDGE_CURVE('',#1531,#1531,#1286,.T.);
#1899=EDGE_CURVE('',#1531,#1532,#885,.T.);
#1900=EDGE_CURVE('',#1532,#1532,#1287,.T.);
#1901=EDGE_CURVE('',#1533,#1533,#1288,.T.);
#1902=EDGE_CURVE('',#1534,#1534,#1289,.T.);
#1903=EDGE_CURVE('',#1534,#1535,#886,.T.);
#1904=EDGE_CURVE('',#1535,#1535,#1290,.T.);
#1905=EDGE_CURVE('',#1536,#1536,#1291,.T.);
#1906=EDGE_CURVE('',#1536,#1537,#887,.T.);
#1907=EDGE_CURVE('',#1537,#1537,#1292,.T.);
#1908=EDGE_CURVE('',#1538,#1538,#1293,.T.);
#1909=EDGE_CURVE('',#1539,#1539,#1294,.T.);
#1910=EDGE_CURVE('',#1539,#1540,#888,.T.);
#1911=EDGE_CURVE('',#1540,#1540,#1295,.T.);
#1912=EDGE_CURVE('',#1541,#1541,#1296,.T.);
#1913=EDGE_CURVE('',#1541,#1542,#889,.T.);
#1914=EDGE_CURVE('',#1542,#1542,#1297,.T.);
#1915=EDGE_CURVE('',#1543,#1543,#1298,.T.);
#1916=EDGE_CURVE('',#1544,#1544,#1299,.T.);
#1917=EDGE_CURVE('',#1544,#1545,#890,.T.);
#1918=EDGE_CURVE('',#1545,#1545,#1300,.T.);
#1919=EDGE_CURVE('',#1546,#1546,#1301,.T.);
#1920=EDGE_CURVE('',#1546,#1547,#891,.T.);
#1921=EDGE_CURVE('',#1547,#1547,#1302,.T.);
#1922=EDGE_CURVE('',#1548,#1548,#1303,.T.);
#1923=EDGE_CURVE('',#1548,#1549,#892,.T.);
#1924=EDGE_CURVE('',#1549,#1549,#1304,.T.);
#1925=EDGE_CURVE('',#1550,#1550,#1305,.T.);
#1926=EDGE_CURVE('',#1550,#1551,#893,.T.);
#1927=EDGE_CURVE('',#1551,#1551,#1306,.T.);
#1928=EDGE_CURVE('',#1552,#1552,#1307,.T.);
#1929=EDGE_CURVE('',#1552,#1313,#894,.T.);
#1930=EDGE_CURVE('',#1553,#1553,#1308,.T.);
#1931=EDGE_CURVE('',#1553,#1316,#895,.T.);
#1932=EDGE_CURVE('',#1554,#1554,#1309,.T.);
#1933=EDGE_CURVE('',#1554,#1319,#896,.T.);
#1934=EDGE_CURVE('',#1555,#1555,#1310,.T.);
#1935=EDGE_CURVE('',#1555,#1322,#897,.T.);
#1936=EDGE_CURVE('',#1450,#1528,#898,.T.);
#1937=EDGE_CURVE('',#1449,#1533,#899,.T.);
#1938=EDGE_CURVE('',#1448,#1538,#900,.T.);
#1939=EDGE_CURVE('',#1447,#1543,#901,.T.);
#1940=EDGE_CURVE('',#1556,#1490,#902,.T.);
#1941=EDGE_CURVE('',#1556,#1487,#903,.T.);
#1942=EDGE_CURVE('',#1491,#1556,#904,.T.);
#1943=EDGE_CURVE('',#1340,#1557,#905,.T.);
#1944=EDGE_CURVE('',#1558,#1557,#906,.T.);
#1945=EDGE_CURVE('',#1324,#1558,#907,.T.);
#1946=EDGE_CURVE('',#1557,#1331,#908,.T.);
#1947=EDGE_CURVE('',#1558,#1329,#909,.T.);
#1948=EDGE_CURVE('',#1330,#1559,#910,.T.);
#1949=EDGE_CURVE('',#1560,#1559,#911,.T.);
#1950=EDGE_CURVE('',#1560,#1561,#912,.T.);
#1951=EDGE_CURVE('',#1561,#1457,#913,.T.);
#1952=EDGE_CURVE('',#1347,#1457,#914,.T.);
#1953=EDGE_CURVE('',#1562,#1561,#915,.T.);
#1954=EDGE_CURVE('',#1346,#1562,#916,.T.);
#1955=EDGE_CURVE('',#1563,#1562,#917,.T.);
#1956=EDGE_CURVE('',#1458,#1563,#918,.T.);
#1957=EDGE_CURVE('',#1563,#1560,#919,.T.);
#1958=EDGE_CURVE('',#1559,#1564,#920,.T.);
#1959=EDGE_CURVE('',#1459,#1564,#921,.T.);
#1960=EDGE_CURVE('',#1564,#1334,#922,.T.);
#1961=ORIENTED_EDGE('',*,*,#1565,.F.);
#1962=ORIENTED_EDGE('',*,*,#1566,.T.);
#1963=ORIENTED_EDGE('',*,*,#1567,.F.);
#1964=ORIENTED_EDGE('',*,*,#1566,.F.);
#1965=ORIENTED_EDGE('',*,*,#1565,.T.);
#1966=ORIENTED_EDGE('',*,*,#1568,.F.);
#1967=ORIENTED_EDGE('',*,*,#1569,.F.);
#1968=ORIENTED_EDGE('',*,*,#1570,.T.);
#1969=ORIENTED_EDGE('',*,*,#1571,.F.);
#1970=ORIENTED_EDGE('',*,*,#1570,.F.);
#1971=ORIENTED_EDGE('',*,*,#1569,.T.);
#1972=ORIENTED_EDGE('',*,*,#1572,.F.);
#1973=ORIENTED_EDGE('',*,*,#1573,.F.);
#1974=ORIENTED_EDGE('',*,*,#1574,.T.);
#1975=ORIENTED_EDGE('',*,*,#1575,.F.);
#1976=ORIENTED_EDGE('',*,*,#1574,.F.);
#1977=ORIENTED_EDGE('',*,*,#1573,.T.);
#1978=ORIENTED_EDGE('',*,*,#1576,.F.);
#1979=ORIENTED_EDGE('',*,*,#1577,.F.);
#1980=ORIENTED_EDGE('',*,*,#1578,.T.);
#1981=ORIENTED_EDGE('',*,*,#1579,.F.);
#1982=ORIENTED_EDGE('',*,*,#1578,.F.);
#1983=ORIENTED_EDGE('',*,*,#1577,.T.);
#1984=ORIENTED_EDGE('',*,*,#1580,.F.);
#1985=ORIENTED_EDGE('',*,*,#1581,.F.);
#1986=ORIENTED_EDGE('',*,*,#1582,.F.);
#1987=ORIENTED_EDGE('',*,*,#1583,.T.);
#1988=ORIENTED_EDGE('',*,*,#1584,.T.);
#1989=ORIENTED_EDGE('',*,*,#1585,.F.);
#1990=ORIENTED_EDGE('',*,*,#1586,.T.);
#1991=ORIENTED_EDGE('',*,*,#1587,.F.);
#1992=ORIENTED_EDGE('',*,*,#1586,.F.);
#1993=ORIENTED_EDGE('',*,*,#1588,.F.);
#1994=ORIENTED_EDGE('',*,*,#1589,.T.);
#1995=ORIENTED_EDGE('',*,*,#1590,.T.);
#1996=ORIENTED_EDGE('',*,*,#1591,.F.);
#1997=ORIENTED_EDGE('',*,*,#1592,.T.);
#1998=ORIENTED_EDGE('',*,*,#1593,.T.);
#1999=ORIENTED_EDGE('',*,*,#1594,.F.);
#2000=ORIENTED_EDGE('',*,*,#1595,.T.);
#2001=ORIENTED_EDGE('',*,*,#1596,.F.);
#2002=ORIENTED_EDGE('',*,*,#1597,.F.);
#2003=ORIENTED_EDGE('',*,*,#1598,.F.);
#2004=ORIENTED_EDGE('',*,*,#1595,.F.);
#2005=ORIENTED_EDGE('',*,*,#1599,.F.);
#2006=ORIENTED_EDGE('',*,*,#1600,.F.);
#2007=ORIENTED_EDGE('',*,*,#1583,.F.);
#2008=ORIENTED_EDGE('',*,*,#1601,.F.);
#2009=ORIENTED_EDGE('',*,*,#1602,.F.);
#2010=ORIENTED_EDGE('',*,*,#1601,.T.);
#2011=ORIENTED_EDGE('',*,*,#1582,.T.);
#2012=ORIENTED_EDGE('',*,*,#1603,.F.);
#2013=ORIENTED_EDGE('',*,*,#1604,.F.);
#2014=ORIENTED_EDGE('',*,*,#1605,.T.);
#2015=ORIENTED_EDGE('',*,*,#1606,.T.);
#2016=ORIENTED_EDGE('',*,*,#1607,.F.);
#2017=ORIENTED_EDGE('',*,*,#1608,.F.);
#2018=ORIENTED_EDGE('',*,*,#1605,.F.);
#2019=ORIENTED_EDGE('',*,*,#1609,.F.);
#2020=ORIENTED_EDGE('',*,*,#1610,.F.);
#2021=ORIENTED_EDGE('',*,*,#1611,.T.);
#2022=ORIENTED_EDGE('',*,*,#1612,.T.);
#2023=ORIENTED_EDGE('',*,*,#1613,.T.);
#2024=ORIENTED_EDGE('',*,*,#1614,.T.);
#2025=ORIENTED_EDGE('',*,*,#1615,.T.);
#2026=ORIENTED_EDGE('',*,*,#1616,.T.);
#2027=ORIENTED_EDGE('',*,*,#1617,.T.);
#2028=ORIENTED_EDGE('',*,*,#1618,.T.);
#2029=ORIENTED_EDGE('',*,*,#1619,.T.);
#2030=ORIENTED_EDGE('',*,*,#1620,.T.);
#2031=ORIENTED_EDGE('',*,*,#1615,.F.);
#2032=ORIENTED_EDGE('',*,*,#1621,.T.);
#2033=ORIENTED_EDGE('',*,*,#1619,.F.);
#2034=ORIENTED_EDGE('',*,*,#1622,.T.);
#2035=ORIENTED_EDGE('',*,*,#1623,.T.);
#2036=ORIENTED_EDGE('',*,*,#1624,.T.);
#2037=ORIENTED_EDGE('',*,*,#1625,.T.);
#2038=ORIENTED_EDGE('',*,*,#1626,.T.);
#2039=ORIENTED_EDGE('',*,*,#1627,.T.);
#2040=ORIENTED_EDGE('',*,*,#1620,.F.);
#2041=ORIENTED_EDGE('',*,*,#1628,.T.);
#2042=ORIENTED_EDGE('',*,*,#1626,.F.);
#2043=ORIENTED_EDGE('',*,*,#1629,.T.);
#2044=ORIENTED_EDGE('',*,*,#1630,.T.);
#2045=ORIENTED_EDGE('',*,*,#1631,.T.);
#2046=ORIENTED_EDGE('',*,*,#1632,.T.);
#2047=ORIENTED_EDGE('',*,*,#1633,.T.);
#2048=ORIENTED_EDGE('',*,*,#1634,.T.);
#2049=ORIENTED_EDGE('',*,*,#1627,.F.);
#2050=ORIENTED_EDGE('',*,*,#1635,.T.);
#2051=ORIENTED_EDGE('',*,*,#1633,.F.);
#2052=ORIENTED_EDGE('',*,*,#1636,.T.);
#2053=ORIENTED_EDGE('',*,*,#1614,.F.);
#2054=ORIENTED_EDGE('',*,*,#1637,.T.);
#2055=ORIENTED_EDGE('',*,*,#1634,.F.);
#2056=ORIENTED_EDGE('',*,*,#1638,.T.);
#2057=ORIENTED_EDGE('',*,*,#1618,.F.);
#2058=ORIENTED_EDGE('',*,*,#1639,.T.);
#2059=ORIENTED_EDGE('',*,*,#1640,.T.);
#2060=ORIENTED_EDGE('',*,*,#1641,.T.);
#2061=ORIENTED_EDGE('',*,*,#1616,.F.);
#2062=ORIENTED_EDGE('',*,*,#1642,.T.);
#2063=ORIENTED_EDGE('',*,*,#1643,.T.);
#2064=ORIENTED_EDGE('',*,*,#1644,.T.);
#2065=ORIENTED_EDGE('',*,*,#1629,.F.);
#2066=ORIENTED_EDGE('',*,*,#1645,.F.);
#2067=ORIENTED_EDGE('',*,*,#1646,.T.);
#2068=ORIENTED_EDGE('',*,*,#1642,.F.);
#2069=ORIENTED_EDGE('',*,*,#1623,.F.);
#2070=ORIENTED_EDGE('',*,*,#1647,.T.);
#2071=ORIENTED_EDGE('',*,*,#1648,.T.);
#2072=ORIENTED_EDGE('',*,*,#1649,.T.);
#2073=ORIENTED_EDGE('',*,*,#1625,.F.);
#2074=ORIENTED_EDGE('',*,*,#1650,.T.);
#2075=ORIENTED_EDGE('',*,*,#1651,.T.);
#2076=ORIENTED_EDGE('',*,*,#1645,.T.);
#2077=ORIENTED_EDGE('',*,*,#1613,.F.);
#2078=ORIENTED_EDGE('',*,*,#1652,.T.);
#2079=ORIENTED_EDGE('',*,*,#1653,.T.);
#2080=ORIENTED_EDGE('',*,*,#1654,.T.);
#2081=ORIENTED_EDGE('',*,*,#1636,.F.);
#2082=ORIENTED_EDGE('',*,*,#1655,.F.);
#2083=ORIENTED_EDGE('',*,*,#1656,.T.);
#2084=ORIENTED_EDGE('',*,*,#1647,.F.);
#2085=ORIENTED_EDGE('',*,*,#1630,.F.);
#2086=ORIENTED_EDGE('',*,*,#1657,.T.);
#2087=ORIENTED_EDGE('',*,*,#1658,.T.);
#2088=ORIENTED_EDGE('',*,*,#1659,.T.);
#2089=ORIENTED_EDGE('',*,*,#1632,.F.);
#2090=ORIENTED_EDGE('',*,*,#1660,.T.);
#2091=ORIENTED_EDGE('',*,*,#1661,.T.);
#2092=ORIENTED_EDGE('',*,*,#1655,.T.);
#2093=ORIENTED_EDGE('',*,*,#1621,.F.);
#2094=ORIENTED_EDGE('',*,*,#1638,.F.);
#2095=ORIENTED_EDGE('',*,*,#1635,.F.);
#2096=ORIENTED_EDGE('',*,*,#1628,.F.);
#2097=ORIENTED_EDGE('',*,*,#1662,.F.);
#2098=ORIENTED_EDGE('',*,*,#1663,.T.);
#2099=ORIENTED_EDGE('',*,*,#1664,.T.);
#2100=ORIENTED_EDGE('',*,*,#1665,.T.);
#2101=ORIENTED_EDGE('',*,*,#1666,.T.);
#2102=ORIENTED_EDGE('',*,*,#1667,.T.);
#2103=ORIENTED_EDGE('',*,*,#1668,.T.);
#2104=ORIENTED_EDGE('',*,*,#1669,.T.);
#2105=ORIENTED_EDGE('',*,*,#1670,.F.);
#2106=ORIENTED_EDGE('',*,*,#1671,.F.);
#2107=ORIENTED_EDGE('',*,*,#1672,.F.);
#2108=ORIENTED_EDGE('',*,*,#1673,.F.);
#2109=ORIENTED_EDGE('',*,*,#1674,.F.);
#2110=ORIENTED_EDGE('',*,*,#1675,.T.);
#2111=ORIENTED_EDGE('',*,*,#1676,.T.);
#2112=ORIENTED_EDGE('',*,*,#1677,.T.);
#2113=ORIENTED_EDGE('',*,*,#1678,.T.);
#2114=ORIENTED_EDGE('',*,*,#1679,.T.);
#2115=ORIENTED_EDGE('',*,*,#1680,.T.);
#2116=ORIENTED_EDGE('',*,*,#1681,.T.);
#2117=ORIENTED_EDGE('',*,*,#1682,.T.);
#2118=ORIENTED_EDGE('',*,*,#1683,.T.);
#2119=ORIENTED_EDGE('',*,*,#1684,.T.);
#2120=ORIENTED_EDGE('',*,*,#1685,.T.);
#2121=ORIENTED_EDGE('',*,*,#1686,.T.);
#2122=ORIENTED_EDGE('',*,*,#1687,.T.);
#2123=ORIENTED_EDGE('',*,*,#1688,.T.);
#2124=ORIENTED_EDGE('',*,*,#1689,.T.);
#2125=ORIENTED_EDGE('',*,*,#1690,.T.);
#2126=ORIENTED_EDGE('',*,*,#1691,.T.);
#2127=ORIENTED_EDGE('',*,*,#1692,.T.);
#2128=ORIENTED_EDGE('',*,*,#1693,.T.);
#2129=ORIENTED_EDGE('',*,*,#1694,.T.);
#2130=ORIENTED_EDGE('',*,*,#1695,.T.);
#2131=ORIENTED_EDGE('',*,*,#1696,.T.);
#2132=ORIENTED_EDGE('',*,*,#1697,.T.);
#2133=ORIENTED_EDGE('',*,*,#1698,.T.);
#2134=ORIENTED_EDGE('',*,*,#1579,.T.);
#2135=ORIENTED_EDGE('',*,*,#1575,.T.);
#2136=ORIENTED_EDGE('',*,*,#1571,.T.);
#2137=ORIENTED_EDGE('',*,*,#1567,.T.);
#2138=ORIENTED_EDGE('',*,*,#1659,.F.);
#2139=ORIENTED_EDGE('',*,*,#1699,.F.);
#2140=ORIENTED_EDGE('',*,*,#1700,.T.);
#2141=ORIENTED_EDGE('',*,*,#1701,.T.);
#2142=ORIENTED_EDGE('',*,*,#1631,.F.);
#2143=ORIENTED_EDGE('',*,*,#1701,.F.);
#2144=ORIENTED_EDGE('',*,*,#1702,.F.);
#2145=ORIENTED_EDGE('',*,*,#1703,.F.);
#2146=ORIENTED_EDGE('',*,*,#1704,.F.);
#2147=ORIENTED_EDGE('',*,*,#1705,.T.);
#2148=ORIENTED_EDGE('',*,*,#1702,.T.);
#2149=ORIENTED_EDGE('',*,*,#1700,.F.);
#2150=ORIENTED_EDGE('',*,*,#1660,.F.);
#2151=ORIENTED_EDGE('',*,*,#1703,.T.);
#2152=ORIENTED_EDGE('',*,*,#1705,.F.);
#2153=ORIENTED_EDGE('',*,*,#1706,.F.);
#2154=ORIENTED_EDGE('',*,*,#1639,.F.);
#2155=ORIENTED_EDGE('',*,*,#1707,.T.);
#2156=ORIENTED_EDGE('',*,*,#1708,.F.);
#2157=ORIENTED_EDGE('',*,*,#1709,.F.);
#2158=ORIENTED_EDGE('',*,*,#1644,.F.);
#2159=ORIENTED_EDGE('',*,*,#1710,.F.);
#2160=ORIENTED_EDGE('',*,*,#1711,.T.);
#2161=ORIENTED_EDGE('',*,*,#1712,.T.);
#2162=ORIENTED_EDGE('',*,*,#1713,.F.);
#2163=ORIENTED_EDGE('',*,*,#1708,.T.);
#2164=ORIENTED_EDGE('',*,*,#1714,.T.);
#2165=ORIENTED_EDGE('',*,*,#1711,.F.);
#2166=ORIENTED_EDGE('',*,*,#1617,.F.);
#2167=ORIENTED_EDGE('',*,*,#1712,.F.);
#2168=ORIENTED_EDGE('',*,*,#1714,.F.);
#2169=ORIENTED_EDGE('',*,*,#1707,.F.);
#2170=ORIENTED_EDGE('',*,*,#1715,.F.);
#2171=ORIENTED_EDGE('',*,*,#1716,.F.);
#2172=ORIENTED_EDGE('',*,*,#1717,.T.);
#2173=ORIENTED_EDGE('',*,*,#1718,.T.);
#2174=ORIENTED_EDGE('',*,*,#1612,.F.);
#2175=ORIENTED_EDGE('',*,*,#1718,.F.);
#2176=ORIENTED_EDGE('',*,*,#1719,.F.);
#2177=ORIENTED_EDGE('',*,*,#1720,.F.);
#2178=ORIENTED_EDGE('',*,*,#1721,.F.);
#2179=ORIENTED_EDGE('',*,*,#1722,.T.);
#2180=ORIENTED_EDGE('',*,*,#1719,.T.);
#2181=ORIENTED_EDGE('',*,*,#1717,.F.);
#2182=ORIENTED_EDGE('',*,*,#1652,.F.);
#2183=ORIENTED_EDGE('',*,*,#1720,.T.);
#2184=ORIENTED_EDGE('',*,*,#1722,.F.);
#2185=ORIENTED_EDGE('',*,*,#1723,.F.);
#2186=ORIENTED_EDGE('',*,*,#1724,.F.);
#2187=ORIENTED_EDGE('',*,*,#1725,.T.);
#2188=ORIENTED_EDGE('',*,*,#1726,.T.);
#2189=ORIENTED_EDGE('',*,*,#1727,.F.);
#2190=ORIENTED_EDGE('',*,*,#1650,.F.);
#2191=ORIENTED_EDGE('',*,*,#1728,.T.);
#2192=ORIENTED_EDGE('',*,*,#1725,.F.);
#2193=ORIENTED_EDGE('',*,*,#1729,.F.);
#2194=ORIENTED_EDGE('',*,*,#1649,.F.);
#2195=ORIENTED_EDGE('',*,*,#1730,.F.);
#2196=ORIENTED_EDGE('',*,*,#1727,.T.);
#2197=ORIENTED_EDGE('',*,*,#1731,.T.);
#2198=ORIENTED_EDGE('',*,*,#1624,.F.);
#2199=ORIENTED_EDGE('',*,*,#1731,.F.);
#2200=ORIENTED_EDGE('',*,*,#1726,.F.);
#2201=ORIENTED_EDGE('',*,*,#1728,.F.);
#2202=ORIENTED_EDGE('',*,*,#1611,.F.);
#2203=ORIENTED_EDGE('',*,*,#1732,.T.);
#2204=ORIENTED_EDGE('',*,*,#1733,.T.);
#2205=ORIENTED_EDGE('',*,*,#1715,.T.);
#2206=ORIENTED_EDGE('',*,*,#1699,.T.);
#2207=ORIENTED_EDGE('',*,*,#1658,.F.);
#2208=ORIENTED_EDGE('',*,*,#1734,.F.);
#2209=ORIENTED_EDGE('',*,*,#1653,.F.);
#2210=ORIENTED_EDGE('',*,*,#1723,.T.);
#2211=ORIENTED_EDGE('',*,*,#1721,.T.);
#2212=ORIENTED_EDGE('',*,*,#1716,.T.);
#2213=ORIENTED_EDGE('',*,*,#1733,.F.);
#2214=ORIENTED_EDGE('',*,*,#1735,.F.);
#2215=ORIENTED_EDGE('',*,*,#1640,.F.);
#2216=ORIENTED_EDGE('',*,*,#1709,.T.);
#2217=ORIENTED_EDGE('',*,*,#1713,.T.);
#2218=ORIENTED_EDGE('',*,*,#1710,.T.);
#2219=ORIENTED_EDGE('',*,*,#1643,.F.);
#2220=ORIENTED_EDGE('',*,*,#1646,.F.);
#2221=ORIENTED_EDGE('',*,*,#1651,.F.);
#2222=ORIENTED_EDGE('',*,*,#1729,.T.);
#2223=ORIENTED_EDGE('',*,*,#1724,.T.);
#2224=ORIENTED_EDGE('',*,*,#1730,.T.);
#2225=ORIENTED_EDGE('',*,*,#1648,.F.);
#2226=ORIENTED_EDGE('',*,*,#1656,.F.);
#2227=ORIENTED_EDGE('',*,*,#1661,.F.);
#2228=ORIENTED_EDGE('',*,*,#1706,.T.);
#2229=ORIENTED_EDGE('',*,*,#1704,.T.);
#2230=ORIENTED_EDGE('',*,*,#1736,.T.);
#2231=ORIENTED_EDGE('',*,*,#1737,.T.);
#2232=ORIENTED_EDGE('',*,*,#1738,.T.);
#2233=ORIENTED_EDGE('',*,*,#1739,.T.);
#2234=ORIENTED_EDGE('',*,*,#1740,.T.);
#2235=ORIENTED_EDGE('',*,*,#1741,.T.);
#2236=ORIENTED_EDGE('',*,*,#1742,.T.);
#2237=ORIENTED_EDGE('',*,*,#1743,.T.);
#2238=ORIENTED_EDGE('',*,*,#1744,.T.);
#2239=ORIENTED_EDGE('',*,*,#1745,.T.);
#2240=ORIENTED_EDGE('',*,*,#1746,.T.);
#2241=ORIENTED_EDGE('',*,*,#1747,.T.);
#2242=ORIENTED_EDGE('',*,*,#1748,.T.);
#2243=ORIENTED_EDGE('',*,*,#1749,.T.);
#2244=ORIENTED_EDGE('',*,*,#1750,.T.);
#2245=ORIENTED_EDGE('',*,*,#1751,.T.);
#2246=ORIENTED_EDGE('',*,*,#1752,.T.);
#2247=ORIENTED_EDGE('',*,*,#1753,.T.);
#2248=ORIENTED_EDGE('',*,*,#1754,.T.);
#2249=ORIENTED_EDGE('',*,*,#1755,.T.);
#2250=ORIENTED_EDGE('',*,*,#1581,.T.);
#2251=ORIENTED_EDGE('',*,*,#1756,.T.);
#2252=ORIENTED_EDGE('',*,*,#1757,.T.);
#2253=ORIENTED_EDGE('',*,*,#1607,.T.);
#2254=ORIENTED_EDGE('',*,*,#1758,.T.);
#2255=ORIENTED_EDGE('',*,*,#1759,.T.);
#2256=ORIENTED_EDGE('',*,*,#1760,.T.);
#2257=ORIENTED_EDGE('',*,*,#1591,.T.);
#2258=ORIENTED_EDGE('',*,*,#1761,.T.);
#2259=ORIENTED_EDGE('',*,*,#1597,.T.);
#2260=ORIENTED_EDGE('',*,*,#1762,.T.);
#2261=ORIENTED_EDGE('',*,*,#1763,.T.);
#2262=ORIENTED_EDGE('',*,*,#1603,.T.);
#2263=ORIENTED_EDGE('',*,*,#1697,.F.);
#2264=ORIENTED_EDGE('',*,*,#1764,.F.);
#2265=ORIENTED_EDGE('',*,*,#1765,.F.);
#2266=ORIENTED_EDGE('',*,*,#1766,.T.);
#2267=ORIENTED_EDGE('',*,*,#1698,.F.);
#2268=ORIENTED_EDGE('',*,*,#1766,.F.);
#2269=ORIENTED_EDGE('',*,*,#1767,.F.);
#2270=ORIENTED_EDGE('',*,*,#1768,.T.);
#2271=ORIENTED_EDGE('',*,*,#1695,.F.);
#2272=ORIENTED_EDGE('',*,*,#1768,.F.);
#2273=ORIENTED_EDGE('',*,*,#1769,.F.);
#2274=ORIENTED_EDGE('',*,*,#1770,.T.);
#2275=ORIENTED_EDGE('',*,*,#1696,.F.);
#2276=ORIENTED_EDGE('',*,*,#1770,.F.);
#2277=ORIENTED_EDGE('',*,*,#1771,.F.);
#2278=ORIENTED_EDGE('',*,*,#1764,.T.);
#2279=ORIENTED_EDGE('',*,*,#1767,.T.);
#2280=ORIENTED_EDGE('',*,*,#1765,.T.);
#2281=ORIENTED_EDGE('',*,*,#1771,.T.);
#2282=ORIENTED_EDGE('',*,*,#1769,.T.);
#2283=ORIENTED_EDGE('',*,*,#1693,.F.);
#2284=ORIENTED_EDGE('',*,*,#1772,.F.);
#2285=ORIENTED_EDGE('',*,*,#1773,.F.);
#2286=ORIENTED_EDGE('',*,*,#1774,.T.);
#2287=ORIENTED_EDGE('',*,*,#1694,.F.);
#2288=ORIENTED_EDGE('',*,*,#1774,.F.);
#2289=ORIENTED_EDGE('',*,*,#1775,.F.);
#2290=ORIENTED_EDGE('',*,*,#1776,.T.);
#2291=ORIENTED_EDGE('',*,*,#1691,.F.);
#2292=ORIENTED_EDGE('',*,*,#1776,.F.);
#2293=ORIENTED_EDGE('',*,*,#1777,.F.);
#2294=ORIENTED_EDGE('',*,*,#1778,.T.);
#2295=ORIENTED_EDGE('',*,*,#1692,.F.);
#2296=ORIENTED_EDGE('',*,*,#1778,.F.);
#2297=ORIENTED_EDGE('',*,*,#1779,.F.);
#2298=ORIENTED_EDGE('',*,*,#1772,.T.);
#2299=ORIENTED_EDGE('',*,*,#1775,.T.);
#2300=ORIENTED_EDGE('',*,*,#1773,.T.);
#2301=ORIENTED_EDGE('',*,*,#1779,.T.);
#2302=ORIENTED_EDGE('',*,*,#1777,.T.);
#2303=ORIENTED_EDGE('',*,*,#1689,.F.);
#2304=ORIENTED_EDGE('',*,*,#1780,.F.);
#2305=ORIENTED_EDGE('',*,*,#1781,.F.);
#2306=ORIENTED_EDGE('',*,*,#1782,.T.);
#2307=ORIENTED_EDGE('',*,*,#1690,.F.);
#2308=ORIENTED_EDGE('',*,*,#1782,.F.);
#2309=ORIENTED_EDGE('',*,*,#1783,.F.);
#2310=ORIENTED_EDGE('',*,*,#1784,.T.);
#2311=ORIENTED_EDGE('',*,*,#1687,.F.);
#2312=ORIENTED_EDGE('',*,*,#1784,.F.);
#2313=ORIENTED_EDGE('',*,*,#1785,.F.);
#2314=ORIENTED_EDGE('',*,*,#1786,.T.);
#2315=ORIENTED_EDGE('',*,*,#1688,.F.);
#2316=ORIENTED_EDGE('',*,*,#1786,.F.);
#2317=ORIENTED_EDGE('',*,*,#1787,.F.);
#2318=ORIENTED_EDGE('',*,*,#1780,.T.);
#2319=ORIENTED_EDGE('',*,*,#1783,.T.);
#2320=ORIENTED_EDGE('',*,*,#1781,.T.);
#2321=ORIENTED_EDGE('',*,*,#1787,.T.);
#2322=ORIENTED_EDGE('',*,*,#1785,.T.);
#2323=ORIENTED_EDGE('',*,*,#1685,.F.);
#2324=ORIENTED_EDGE('',*,*,#1788,.F.);
#2325=ORIENTED_EDGE('',*,*,#1789,.F.);
#2326=ORIENTED_EDGE('',*,*,#1790,.T.);
#2327=ORIENTED_EDGE('',*,*,#1686,.F.);
#2328=ORIENTED_EDGE('',*,*,#1790,.F.);
#2329=ORIENTED_EDGE('',*,*,#1791,.F.);
#2330=ORIENTED_EDGE('',*,*,#1792,.T.);
#2331=ORIENTED_EDGE('',*,*,#1683,.F.);
#2332=ORIENTED_EDGE('',*,*,#1792,.F.);
#2333=ORIENTED_EDGE('',*,*,#1793,.F.);
#2334=ORIENTED_EDGE('',*,*,#1794,.T.);
#2335=ORIENTED_EDGE('',*,*,#1684,.F.);
#2336=ORIENTED_EDGE('',*,*,#1794,.F.);
#2337=ORIENTED_EDGE('',*,*,#1795,.F.);
#2338=ORIENTED_EDGE('',*,*,#1788,.T.);
#2339=ORIENTED_EDGE('',*,*,#1791,.T.);
#2340=ORIENTED_EDGE('',*,*,#1789,.T.);
#2341=ORIENTED_EDGE('',*,*,#1795,.T.);
#2342=ORIENTED_EDGE('',*,*,#1793,.T.);
#2343=ORIENTED_EDGE('',*,*,#1681,.F.);
#2344=ORIENTED_EDGE('',*,*,#1796,.F.);
#2345=ORIENTED_EDGE('',*,*,#1797,.F.);
#2346=ORIENTED_EDGE('',*,*,#1798,.T.);
#2347=ORIENTED_EDGE('',*,*,#1682,.F.);
#2348=ORIENTED_EDGE('',*,*,#1798,.F.);
#2349=ORIENTED_EDGE('',*,*,#1799,.F.);
#2350=ORIENTED_EDGE('',*,*,#1800,.T.);
#2351=ORIENTED_EDGE('',*,*,#1679,.F.);
#2352=ORIENTED_EDGE('',*,*,#1800,.F.);
#2353=ORIENTED_EDGE('',*,*,#1801,.F.);
#2354=ORIENTED_EDGE('',*,*,#1802,.T.);
#2355=ORIENTED_EDGE('',*,*,#1680,.F.);
#2356=ORIENTED_EDGE('',*,*,#1802,.F.);
#2357=ORIENTED_EDGE('',*,*,#1803,.F.);
#2358=ORIENTED_EDGE('',*,*,#1796,.T.);
#2359=ORIENTED_EDGE('',*,*,#1799,.T.);
#2360=ORIENTED_EDGE('',*,*,#1797,.T.);
#2361=ORIENTED_EDGE('',*,*,#1803,.T.);
#2362=ORIENTED_EDGE('',*,*,#1801,.T.);
#2363=ORIENTED_EDGE('',*,*,#1677,.F.);
#2364=ORIENTED_EDGE('',*,*,#1804,.F.);
#2365=ORIENTED_EDGE('',*,*,#1805,.F.);
#2366=ORIENTED_EDGE('',*,*,#1806,.T.);
#2367=ORIENTED_EDGE('',*,*,#1678,.F.);
#2368=ORIENTED_EDGE('',*,*,#1806,.F.);
#2369=ORIENTED_EDGE('',*,*,#1807,.F.);
#2370=ORIENTED_EDGE('',*,*,#1808,.T.);
#2371=ORIENTED_EDGE('',*,*,#1675,.F.);
#2372=ORIENTED_EDGE('',*,*,#1808,.F.);
#2373=ORIENTED_EDGE('',*,*,#1809,.F.);
#2374=ORIENTED_EDGE('',*,*,#1810,.T.);
#2375=ORIENTED_EDGE('',*,*,#1676,.F.);
#2376=ORIENTED_EDGE('',*,*,#1810,.F.);
#2377=ORIENTED_EDGE('',*,*,#1811,.F.);
#2378=ORIENTED_EDGE('',*,*,#1804,.T.);
#2379=ORIENTED_EDGE('',*,*,#1807,.T.);
#2380=ORIENTED_EDGE('',*,*,#1805,.T.);
#2381=ORIENTED_EDGE('',*,*,#1811,.T.);
#2382=ORIENTED_EDGE('',*,*,#1809,.T.);
#2383=ORIENTED_EDGE('',*,*,#1622,.F.);
#2384=ORIENTED_EDGE('',*,*,#1641,.F.);
#2385=ORIENTED_EDGE('',*,*,#1735,.T.);
#2386=ORIENTED_EDGE('',*,*,#1732,.F.);
#2387=ORIENTED_EDGE('',*,*,#1671,.T.);
#2388=ORIENTED_EDGE('',*,*,#1812,.T.);
#2389=ORIENTED_EDGE('',*,*,#1813,.T.);
#2390=ORIENTED_EDGE('',*,*,#1814,.T.);
#2391=ORIENTED_EDGE('',*,*,#1815,.T.);
#2392=ORIENTED_EDGE('',*,*,#1812,.F.);
#2393=ORIENTED_EDGE('',*,*,#1674,.T.);
#2394=ORIENTED_EDGE('',*,*,#1816,.F.);
#2395=ORIENTED_EDGE('',*,*,#1672,.T.);
#2396=ORIENTED_EDGE('',*,*,#1814,.F.);
#2397=ORIENTED_EDGE('',*,*,#1817,.T.);
#2398=ORIENTED_EDGE('',*,*,#1818,.T.);
#2399=ORIENTED_EDGE('',*,*,#1673,.T.);
#2400=ORIENTED_EDGE('',*,*,#1818,.F.);
#2401=ORIENTED_EDGE('',*,*,#1819,.T.);
#2402=ORIENTED_EDGE('',*,*,#1816,.T.);
#2403=ORIENTED_EDGE('',*,*,#1817,.F.);
#2404=ORIENTED_EDGE('',*,*,#1820,.F.);
#2405=ORIENTED_EDGE('',*,*,#1821,.F.);
#2406=ORIENTED_EDGE('',*,*,#1822,.T.);
#2407=ORIENTED_EDGE('',*,*,#1813,.F.);
#2408=ORIENTED_EDGE('',*,*,#1823,.F.);
#2409=ORIENTED_EDGE('',*,*,#1824,.F.);
#2410=ORIENTED_EDGE('',*,*,#1820,.T.);
#2411=ORIENTED_EDGE('',*,*,#1662,.T.);
#2412=ORIENTED_EDGE('',*,*,#1825,.T.);
#2413=ORIENTED_EDGE('',*,*,#1826,.T.);
#2414=ORIENTED_EDGE('',*,*,#1825,.F.);
#2415=ORIENTED_EDGE('',*,*,#1738,.F.);
#2416=ORIENTED_EDGE('',*,*,#1827,.T.);
#2417=ORIENTED_EDGE('',*,*,#1826,.F.);
#2418=ORIENTED_EDGE('',*,*,#1827,.F.);
#2419=ORIENTED_EDGE('',*,*,#1670,.T.);
#2420=ORIENTED_EDGE('',*,*,#1828,.T.);
#2421=ORIENTED_EDGE('',*,*,#1587,.T.);
#2422=ORIENTED_EDGE('',*,*,#1828,.F.);
#2423=ORIENTED_EDGE('',*,*,#1829,.T.);
#2424=ORIENTED_EDGE('',*,*,#1830,.T.);
#2425=ORIENTED_EDGE('',*,*,#1752,.F.);
#2426=ORIENTED_EDGE('',*,*,#1831,.F.);
#2427=ORIENTED_EDGE('',*,*,#1832,.T.);
#2428=ORIENTED_EDGE('',*,*,#1831,.T.);
#2429=ORIENTED_EDGE('',*,*,#1755,.F.);
#2430=ORIENTED_EDGE('',*,*,#1833,.F.);
#2431=ORIENTED_EDGE('',*,*,#1834,.T.);
#2432=ORIENTED_EDGE('',*,*,#1833,.T.);
#2433=ORIENTED_EDGE('',*,*,#1754,.F.);
#2434=ORIENTED_EDGE('',*,*,#1835,.F.);
#2435=ORIENTED_EDGE('',*,*,#1836,.T.);
#2436=ORIENTED_EDGE('',*,*,#1835,.T.);
#2437=ORIENTED_EDGE('',*,*,#1753,.F.);
#2438=ORIENTED_EDGE('',*,*,#1830,.F.);
#2439=ORIENTED_EDGE('',*,*,#1836,.F.);
#2440=ORIENTED_EDGE('',*,*,#1829,.F.);
#2441=ORIENTED_EDGE('',*,*,#1832,.F.);
#2442=ORIENTED_EDGE('',*,*,#1834,.F.);
#2443=ORIENTED_EDGE('',*,*,#1837,.T.);
#2444=ORIENTED_EDGE('',*,*,#1838,.T.);
#2445=ORIENTED_EDGE('',*,*,#1839,.T.);
#2446=ORIENTED_EDGE('',*,*,#1840,.T.);
#2447=ORIENTED_EDGE('',*,*,#1741,.F.);
#2448=ORIENTED_EDGE('',*,*,#1841,.F.);
#2449=ORIENTED_EDGE('',*,*,#1842,.T.);
#2450=ORIENTED_EDGE('',*,*,#1841,.T.);
#2451=ORIENTED_EDGE('',*,*,#1740,.F.);
#2452=ORIENTED_EDGE('',*,*,#1843,.F.);
#2453=ORIENTED_EDGE('',*,*,#1844,.T.);
#2454=ORIENTED_EDGE('',*,*,#1843,.T.);
#2455=ORIENTED_EDGE('',*,*,#1739,.F.);
#2456=ORIENTED_EDGE('',*,*,#1838,.F.);
#2457=ORIENTED_EDGE('',*,*,#1743,.F.);
#2458=ORIENTED_EDGE('',*,*,#1845,.F.);
#2459=ORIENTED_EDGE('',*,*,#1846,.T.);
#2460=ORIENTED_EDGE('',*,*,#1845,.T.);
#2461=ORIENTED_EDGE('',*,*,#1742,.F.);
#2462=ORIENTED_EDGE('',*,*,#1840,.F.);
#2463=ORIENTED_EDGE('',*,*,#1846,.F.);
#2464=ORIENTED_EDGE('',*,*,#1839,.F.);
#2465=ORIENTED_EDGE('',*,*,#1842,.F.);
#2466=ORIENTED_EDGE('',*,*,#1844,.F.);
#2467=ORIENTED_EDGE('',*,*,#1847,.F.);
#2468=ORIENTED_EDGE('',*,*,#1848,.T.);
#2469=ORIENTED_EDGE('',*,*,#1849,.T.);
#2470=ORIENTED_EDGE('',*,*,#1848,.F.);
#2471=ORIENTED_EDGE('',*,*,#1849,.F.);
#2472=ORIENTED_EDGE('',*,*,#1850,.F.);
#2473=ORIENTED_EDGE('',*,*,#1851,.T.);
#2474=ORIENTED_EDGE('',*,*,#1852,.T.);
#2475=ORIENTED_EDGE('',*,*,#1851,.F.);
#2476=ORIENTED_EDGE('',*,*,#1852,.F.);
#2477=ORIENTED_EDGE('',*,*,#1853,.F.);
#2478=ORIENTED_EDGE('',*,*,#1854,.T.);
#2479=ORIENTED_EDGE('',*,*,#1855,.T.);
#2480=ORIENTED_EDGE('',*,*,#1854,.F.);
#2481=ORIENTED_EDGE('',*,*,#1855,.F.);
#2482=ORIENTED_EDGE('',*,*,#1856,.F.);
#2483=ORIENTED_EDGE('',*,*,#1857,.T.);
#2484=ORIENTED_EDGE('',*,*,#1858,.T.);
#2485=ORIENTED_EDGE('',*,*,#1857,.F.);
#2486=ORIENTED_EDGE('',*,*,#1858,.F.);
#2487=ORIENTED_EDGE('',*,*,#1751,.F.);
#2488=ORIENTED_EDGE('',*,*,#1859,.T.);
#2489=ORIENTED_EDGE('',*,*,#1860,.T.);
#2490=ORIENTED_EDGE('',*,*,#1859,.F.);
#2491=ORIENTED_EDGE('',*,*,#1860,.F.);
#2492=ORIENTED_EDGE('',*,*,#1856,.T.);
#2493=ORIENTED_EDGE('',*,*,#1736,.F.);
#2494=ORIENTED_EDGE('',*,*,#1861,.T.);
#2495=ORIENTED_EDGE('',*,*,#1862,.T.);
#2496=ORIENTED_EDGE('',*,*,#1861,.F.);
#2497=ORIENTED_EDGE('',*,*,#1862,.F.);
#2498=ORIENTED_EDGE('',*,*,#1853,.T.);
#2499=ORIENTED_EDGE('',*,*,#1750,.F.);
#2500=ORIENTED_EDGE('',*,*,#1863,.T.);
#2501=ORIENTED_EDGE('',*,*,#1864,.T.);
#2502=ORIENTED_EDGE('',*,*,#1863,.F.);
#2503=ORIENTED_EDGE('',*,*,#1864,.F.);
#2504=ORIENTED_EDGE('',*,*,#1850,.T.);
#2505=ORIENTED_EDGE('',*,*,#1737,.F.);
#2506=ORIENTED_EDGE('',*,*,#1865,.T.);
#2507=ORIENTED_EDGE('',*,*,#1866,.T.);
#2508=ORIENTED_EDGE('',*,*,#1865,.F.);
#2509=ORIENTED_EDGE('',*,*,#1866,.F.);
#2510=ORIENTED_EDGE('',*,*,#1847,.T.);
#2511=ORIENTED_EDGE('',*,*,#1867,.F.);
#2512=ORIENTED_EDGE('',*,*,#1868,.T.);
#2513=ORIENTED_EDGE('',*,*,#1669,.F.);
#2514=ORIENTED_EDGE('',*,*,#1868,.F.);
#2515=ORIENTED_EDGE('',*,*,#1869,.F.);
#2516=ORIENTED_EDGE('',*,*,#1870,.T.);
#2517=ORIENTED_EDGE('',*,*,#1668,.F.);
#2518=ORIENTED_EDGE('',*,*,#1870,.F.);
#2519=ORIENTED_EDGE('',*,*,#1871,.F.);
#2520=ORIENTED_EDGE('',*,*,#1872,.T.);
#2521=ORIENTED_EDGE('',*,*,#1667,.F.);
#2522=ORIENTED_EDGE('',*,*,#1872,.F.);
#2523=ORIENTED_EDGE('',*,*,#1873,.F.);
#2524=ORIENTED_EDGE('',*,*,#1874,.T.);
#2525=ORIENTED_EDGE('',*,*,#1666,.F.);
#2526=ORIENTED_EDGE('',*,*,#1874,.F.);
#2527=ORIENTED_EDGE('',*,*,#1875,.F.);
#2528=ORIENTED_EDGE('',*,*,#1876,.T.);
#2529=ORIENTED_EDGE('',*,*,#1665,.F.);
#2530=ORIENTED_EDGE('',*,*,#1876,.F.);
#2531=ORIENTED_EDGE('',*,*,#1877,.F.);
#2532=ORIENTED_EDGE('',*,*,#1878,.T.);
#2533=ORIENTED_EDGE('',*,*,#1664,.F.);
#2534=ORIENTED_EDGE('',*,*,#1878,.F.);
#2535=ORIENTED_EDGE('',*,*,#1879,.F.);
#2536=ORIENTED_EDGE('',*,*,#1880,.T.);
#2537=ORIENTED_EDGE('',*,*,#1663,.F.);
#2538=ORIENTED_EDGE('',*,*,#1880,.F.);
#2539=ORIENTED_EDGE('',*,*,#1744,.F.);
#2540=ORIENTED_EDGE('',*,*,#1837,.F.);
#2541=ORIENTED_EDGE('',*,*,#1745,.F.);
#2542=ORIENTED_EDGE('',*,*,#1881,.T.);
#2543=ORIENTED_EDGE('',*,*,#1882,.T.);
#2544=ORIENTED_EDGE('',*,*,#1881,.F.);
#2545=ORIENTED_EDGE('',*,*,#1882,.F.);
#2546=ORIENTED_EDGE('',*,*,#1879,.T.);
#2547=ORIENTED_EDGE('',*,*,#1877,.T.);
#2548=ORIENTED_EDGE('',*,*,#1875,.T.);
#2549=ORIENTED_EDGE('',*,*,#1873,.T.);
#2550=ORIENTED_EDGE('',*,*,#1871,.T.);
#2551=ORIENTED_EDGE('',*,*,#1869,.T.);
#2552=ORIENTED_EDGE('',*,*,#1867,.T.);
#2553=ORIENTED_EDGE('',*,*,#1883,.F.);
#2554=ORIENTED_EDGE('',*,*,#1884,.T.);
#2555=ORIENTED_EDGE('',*,*,#1885,.F.);
#2556=ORIENTED_EDGE('',*,*,#1884,.F.);
#2557=ORIENTED_EDGE('',*,*,#1585,.T.);
#2558=ORIENTED_EDGE('',*,*,#1885,.T.);
#2559=ORIENTED_EDGE('',*,*,#1602,.T.);
#2560=ORIENTED_EDGE('',*,*,#1763,.F.);
#2561=ORIENTED_EDGE('',*,*,#1886,.T.);
#2562=ORIENTED_EDGE('',*,*,#1887,.T.);
#2563=ORIENTED_EDGE('',*,*,#1886,.F.);
#2564=ORIENTED_EDGE('',*,*,#1762,.F.);
#2565=ORIENTED_EDGE('',*,*,#1596,.T.);
#2566=ORIENTED_EDGE('',*,*,#1598,.T.);
#2567=ORIENTED_EDGE('',*,*,#1887,.F.);
#2568=ORIENTED_EDGE('',*,*,#1883,.T.);
#2569=ORIENTED_EDGE('',*,*,#1888,.F.);
#2570=ORIENTED_EDGE('',*,*,#1889,.T.);
#2571=ORIENTED_EDGE('',*,*,#1890,.T.);
#2572=ORIENTED_EDGE('',*,*,#1889,.F.);
#2573=ORIENTED_EDGE('',*,*,#1891,.F.);
#2574=ORIENTED_EDGE('',*,*,#1892,.T.);
#2575=ORIENTED_EDGE('',*,*,#1893,.T.);
#2576=ORIENTED_EDGE('',*,*,#1892,.F.);
#2577=ORIENTED_EDGE('',*,*,#1893,.F.);
#2578=ORIENTED_EDGE('',*,*,#1890,.F.);
#2579=ORIENTED_EDGE('',*,*,#1894,.F.);
#2580=ORIENTED_EDGE('',*,*,#1891,.T.);
#2581=ORIENTED_EDGE('',*,*,#1895,.F.);
#2582=ORIENTED_EDGE('',*,*,#1896,.T.);
#2583=ORIENTED_EDGE('',*,*,#1897,.T.);
#2584=ORIENTED_EDGE('',*,*,#1896,.F.);
#2585=ORIENTED_EDGE('',*,*,#1898,.F.);
#2586=ORIENTED_EDGE('',*,*,#1899,.T.);
#2587=ORIENTED_EDGE('',*,*,#1900,.T.);
#2588=ORIENTED_EDGE('',*,*,#1899,.F.);
#2589=ORIENTED_EDGE('',*,*,#1900,.F.);
#2590=ORIENTED_EDGE('',*,*,#1897,.F.);
#2591=ORIENTED_EDGE('',*,*,#1901,.F.);
#2592=ORIENTED_EDGE('',*,*,#1898,.T.);
#2593=ORIENTED_EDGE('',*,*,#1902,.F.);
#2594=ORIENTED_EDGE('',*,*,#1903,.T.);
#2595=ORIENTED_EDGE('',*,*,#1904,.T.);
#2596=ORIENTED_EDGE('',*,*,#1903,.F.);
#2597=ORIENTED_EDGE('',*,*,#1905,.F.);
#2598=ORIENTED_EDGE('',*,*,#1906,.T.);
#2599=ORIENTED_EDGE('',*,*,#1907,.T.);
#2600=ORIENTED_EDGE('',*,*,#1906,.F.);
#2601=ORIENTED_EDGE('',*,*,#1907,.F.);
#2602=ORIENTED_EDGE('',*,*,#1904,.F.);
#2603=ORIENTED_EDGE('',*,*,#1908,.F.);
#2604=ORIENTED_EDGE('',*,*,#1905,.T.);
#2605=ORIENTED_EDGE('',*,*,#1909,.F.);
#2606=ORIENTED_EDGE('',*,*,#1910,.T.);
#2607=ORIENTED_EDGE('',*,*,#1911,.T.);
#2608=ORIENTED_EDGE('',*,*,#1910,.F.);
#2609=ORIENTED_EDGE('',*,*,#1912,.F.);
#2610=ORIENTED_EDGE('',*,*,#1913,.T.);
#2611=ORIENTED_EDGE('',*,*,#1914,.T.);
#2612=ORIENTED_EDGE('',*,*,#1913,.F.);
#2613=ORIENTED_EDGE('',*,*,#1914,.F.);
#2614=ORIENTED_EDGE('',*,*,#1911,.F.);
#2615=ORIENTED_EDGE('',*,*,#1915,.F.);
#2616=ORIENTED_EDGE('',*,*,#1912,.T.);
#2617=ORIENTED_EDGE('',*,*,#1916,.F.);
#2618=ORIENTED_EDGE('',*,*,#1917,.T.);
#2619=ORIENTED_EDGE('',*,*,#1918,.F.);
#2620=ORIENTED_EDGE('',*,*,#1917,.F.);
#2621=ORIENTED_EDGE('',*,*,#1919,.F.);
#2622=ORIENTED_EDGE('',*,*,#1920,.T.);
#2623=ORIENTED_EDGE('',*,*,#1921,.F.);
#2624=ORIENTED_EDGE('',*,*,#1920,.F.);
#2625=ORIENTED_EDGE('',*,*,#1922,.F.);
#2626=ORIENTED_EDGE('',*,*,#1923,.T.);
#2627=ORIENTED_EDGE('',*,*,#1924,.F.);
#2628=ORIENTED_EDGE('',*,*,#1923,.F.);
#2629=ORIENTED_EDGE('',*,*,#1925,.F.);
#2630=ORIENTED_EDGE('',*,*,#1926,.T.);
#2631=ORIENTED_EDGE('',*,*,#1927,.F.);
#2632=ORIENTED_EDGE('',*,*,#1926,.F.);
#2633=ORIENTED_EDGE('',*,*,#1928,.F.);
#2634=ORIENTED_EDGE('',*,*,#1929,.T.);
#2635=ORIENTED_EDGE('',*,*,#1568,.T.);
#2636=ORIENTED_EDGE('',*,*,#1929,.F.);
#2637=ORIENTED_EDGE('',*,*,#1928,.T.);
#2638=ORIENTED_EDGE('',*,*,#1918,.T.);
#2639=ORIENTED_EDGE('',*,*,#1930,.F.);
#2640=ORIENTED_EDGE('',*,*,#1931,.T.);
#2641=ORIENTED_EDGE('',*,*,#1572,.T.);
#2642=ORIENTED_EDGE('',*,*,#1931,.F.);
#2643=ORIENTED_EDGE('',*,*,#1930,.T.);
#2644=ORIENTED_EDGE('',*,*,#1921,.T.);
#2645=ORIENTED_EDGE('',*,*,#1932,.F.);
#2646=ORIENTED_EDGE('',*,*,#1933,.T.);
#2647=ORIENTED_EDGE('',*,*,#1576,.T.);
#2648=ORIENTED_EDGE('',*,*,#1933,.F.);
#2649=ORIENTED_EDGE('',*,*,#1932,.T.);
#2650=ORIENTED_EDGE('',*,*,#1924,.T.);
#2651=ORIENTED_EDGE('',*,*,#1934,.F.);
#2652=ORIENTED_EDGE('',*,*,#1935,.T.);
#2653=ORIENTED_EDGE('',*,*,#1580,.T.);
#2654=ORIENTED_EDGE('',*,*,#1935,.F.);
#2655=ORIENTED_EDGE('',*,*,#1934,.T.);
#2656=ORIENTED_EDGE('',*,*,#1927,.T.);
#2657=ORIENTED_EDGE('',*,*,#1749,.F.);
#2658=ORIENTED_EDGE('',*,*,#1936,.T.);
#2659=ORIENTED_EDGE('',*,*,#1894,.T.);
#2660=ORIENTED_EDGE('',*,*,#1936,.F.);
#2661=ORIENTED_EDGE('',*,*,#1888,.T.);
#2662=ORIENTED_EDGE('',*,*,#1925,.T.);
#2663=ORIENTED_EDGE('',*,*,#1748,.F.);
#2664=ORIENTED_EDGE('',*,*,#1937,.T.);
#2665=ORIENTED_EDGE('',*,*,#1901,.T.);
#2666=ORIENTED_EDGE('',*,*,#1937,.F.);
#2667=ORIENTED_EDGE('',*,*,#1895,.T.);
#2668=ORIENTED_EDGE('',*,*,#1922,.T.);
#2669=ORIENTED_EDGE('',*,*,#1747,.F.);
#2670=ORIENTED_EDGE('',*,*,#1938,.T.);
#2671=ORIENTED_EDGE('',*,*,#1908,.T.);
#2672=ORIENTED_EDGE('',*,*,#1938,.F.);
#2673=ORIENTED_EDGE('',*,*,#1902,.T.);
#2674=ORIENTED_EDGE('',*,*,#1919,.T.);
#2675=ORIENTED_EDGE('',*,*,#1746,.F.);
#2676=ORIENTED_EDGE('',*,*,#1939,.T.);
#2677=ORIENTED_EDGE('',*,*,#1915,.T.);
#2678=ORIENTED_EDGE('',*,*,#1939,.F.);
#2679=ORIENTED_EDGE('',*,*,#1909,.T.);
#2680=ORIENTED_EDGE('',*,*,#1916,.T.);
#2681=ORIENTED_EDGE('',*,*,#1819,.F.);
#2682=ORIENTED_EDGE('',*,*,#1822,.F.);
#2683=ORIENTED_EDGE('',*,*,#1940,.F.);
#2684=ORIENTED_EDGE('',*,*,#1941,.T.);
#2685=ORIENTED_EDGE('',*,*,#1815,.F.);
#2686=ORIENTED_EDGE('',*,*,#1941,.F.);
#2687=ORIENTED_EDGE('',*,*,#1942,.F.);
#2688=ORIENTED_EDGE('',*,*,#1823,.T.);
#2689=ORIENTED_EDGE('',*,*,#1943,.T.);
#2690=ORIENTED_EDGE('',*,*,#1944,.F.);
#2691=ORIENTED_EDGE('',*,*,#1945,.F.);
#2692=ORIENTED_EDGE('',*,*,#1584,.F.);
#2693=ORIENTED_EDGE('',*,*,#1600,.T.);
#2694=ORIENTED_EDGE('',*,*,#1590,.F.);
#2695=ORIENTED_EDGE('',*,*,#1946,.F.);
#2696=ORIENTED_EDGE('',*,*,#1943,.F.);
#2697=ORIENTED_EDGE('',*,*,#1599,.T.);
#2698=ORIENTED_EDGE('',*,*,#1594,.T.);
#2699=ORIENTED_EDGE('',*,*,#1761,.F.);
#2700=ORIENTED_EDGE('',*,*,#1946,.T.);
#2701=ORIENTED_EDGE('',*,*,#1589,.F.);
#2702=ORIENTED_EDGE('',*,*,#1947,.F.);
#2703=ORIENTED_EDGE('',*,*,#1944,.T.);
#2704=ORIENTED_EDGE('',*,*,#1945,.T.);
#2705=ORIENTED_EDGE('',*,*,#1947,.T.);
#2706=ORIENTED_EDGE('',*,*,#1588,.T.);
#2707=ORIENTED_EDGE('',*,*,#1948,.T.);
#2708=ORIENTED_EDGE('',*,*,#1949,.F.);
#2709=ORIENTED_EDGE('',*,*,#1950,.T.);
#2710=ORIENTED_EDGE('',*,*,#1951,.T.);
#2711=ORIENTED_EDGE('',*,*,#1756,.F.);
#2712=ORIENTED_EDGE('',*,*,#1757,.F.);
#2713=ORIENTED_EDGE('',*,*,#1952,.F.);
#2714=ORIENTED_EDGE('',*,*,#1609,.T.);
#2715=ORIENTED_EDGE('',*,*,#1604,.T.);
#2716=ORIENTED_EDGE('',*,*,#1952,.T.);
#2717=ORIENTED_EDGE('',*,*,#1951,.F.);
#2718=ORIENTED_EDGE('',*,*,#1953,.F.);
#2719=ORIENTED_EDGE('',*,*,#1954,.F.);
#2720=ORIENTED_EDGE('',*,*,#1610,.T.);
#2721=ORIENTED_EDGE('',*,*,#1606,.F.);
#2722=ORIENTED_EDGE('',*,*,#1608,.T.);
#2723=ORIENTED_EDGE('',*,*,#1954,.T.);
#2724=ORIENTED_EDGE('',*,*,#1955,.F.);
#2725=ORIENTED_EDGE('',*,*,#1956,.F.);
#2726=ORIENTED_EDGE('',*,*,#1758,.F.);
#2727=ORIENTED_EDGE('',*,*,#1955,.T.);
#2728=ORIENTED_EDGE('',*,*,#1953,.T.);
#2729=ORIENTED_EDGE('',*,*,#1950,.F.);
#2730=ORIENTED_EDGE('',*,*,#1957,.F.);
#2731=ORIENTED_EDGE('',*,*,#1949,.T.);
#2732=ORIENTED_EDGE('',*,*,#1958,.T.);
#2733=ORIENTED_EDGE('',*,*,#1959,.F.);
#2734=ORIENTED_EDGE('',*,*,#1759,.F.);
#2735=ORIENTED_EDGE('',*,*,#1956,.T.);
#2736=ORIENTED_EDGE('',*,*,#1957,.T.);
#2737=ORIENTED_EDGE('',*,*,#1760,.F.);
#2738=ORIENTED_EDGE('',*,*,#1959,.T.);
#2739=ORIENTED_EDGE('',*,*,#1960,.T.);
#2740=ORIENTED_EDGE('',*,*,#1592,.F.);
#2741=ORIENTED_EDGE('',*,*,#1960,.F.);
#2742=ORIENTED_EDGE('',*,*,#1958,.F.);
#2743=ORIENTED_EDGE('',*,*,#1948,.F.);
#2744=ORIENTED_EDGE('',*,*,#1593,.F.);
#2745=ORIENTED_EDGE('',*,*,#1824,.T.);
#2746=ORIENTED_EDGE('',*,*,#1942,.T.);
#2747=ORIENTED_EDGE('',*,*,#1940,.T.);
#2748=ORIENTED_EDGE('',*,*,#1821,.T.);
#2749=ORIENTED_EDGE('',*,*,#1637,.F.);
#2750=ORIENTED_EDGE('',*,*,#1654,.F.);
#2751=ORIENTED_EDGE('',*,*,#1734,.T.);
#2752=ORIENTED_EDGE('',*,*,#1657,.F.);
#2753=CYLINDRICAL_SURFACE('',#3001,1.3);
#2754=CYLINDRICAL_SURFACE('',#3006,1.3);
#2755=CYLINDRICAL_SURFACE('',#3011,1.3);
#2756=CYLINDRICAL_SURFACE('',#3016,1.3);
#2757=CYLINDRICAL_SURFACE('',#3022,0.75);
#2758=CYLINDRICAL_SURFACE('',#3042,0.3);
#2759=CYLINDRICAL_SURFACE('',#3048,0.3);
#2760=CYLINDRICAL_SURFACE('',#3054,0.3);
#2761=CYLINDRICAL_SURFACE('',#3055,0.3);
#2762=CYLINDRICAL_SURFACE('',#3056,0.25);
#2763=CYLINDRICAL_SURFACE('',#3058,0.25);
#2764=CYLINDRICAL_SURFACE('',#3061,0.25);
#2765=CYLINDRICAL_SURFACE('',#3063,0.25);
#2766=CYLINDRICAL_SURFACE('',#3065,0.25);
#2767=CYLINDRICAL_SURFACE('',#3068,0.25);
#2768=CYLINDRICAL_SURFACE('',#3070,0.25);
#2769=CYLINDRICAL_SURFACE('',#3098,0.25);
#2770=CYLINDRICAL_SURFACE('',#3153,0.2575);
#2771=CYLINDRICAL_SURFACE('',#3167,0.12);
#2772=CYLINDRICAL_SURFACE('',#3171,0.12);
#2773=CYLINDRICAL_SURFACE('',#3175,0.12);
#2774=CYLINDRICAL_SURFACE('',#3179,0.12);
#2775=CYLINDRICAL_SURFACE('',#3183,0.26);
#2776=CYLINDRICAL_SURFACE('',#3186,0.26);
#2777=CYLINDRICAL_SURFACE('',#3189,0.26);
#2778=CYLINDRICAL_SURFACE('',#3192,0.26);
#2779=CYLINDRICAL_SURFACE('',#3195,0.11);
#2780=CYLINDRICAL_SURFACE('',#3197,0.11);
#2781=CYLINDRICAL_SURFACE('',#3199,0.11);
#2782=CYLINDRICAL_SURFACE('',#3201,0.11);
#2783=CYLINDRICAL_SURFACE('',#3203,0.11);
#2784=CYLINDRICAL_SURFACE('',#3205,0.11);
#2785=CYLINDRICAL_SURFACE('',#3207,0.11);
#2786=CYLINDRICAL_SURFACE('',#3209,0.7);
#2787=CYLINDRICAL_SURFACE('',#3212,0.51);
#2788=CYLINDRICAL_SURFACE('',#3216,0.9);
#2789=CYLINDRICAL_SURFACE('',#3219,0.475);
#2790=CYLINDRICAL_SURFACE('',#3222,0.6);
#2791=CYLINDRICAL_SURFACE('',#3228,0.475);
#2792=CYLINDRICAL_SURFACE('',#3231,0.6);
#2793=CYLINDRICAL_SURFACE('',#3237,0.475);
#2794=CYLINDRICAL_SURFACE('',#3240,0.6);
#2795=CYLINDRICAL_SURFACE('',#3246,0.475);
#2796=CYLINDRICAL_SURFACE('',#3249,0.6);
#2797=CYLINDRICAL_SURFACE('',#3255,0.225);
#2798=CYLINDRICAL_SURFACE('',#3258,0.225);
#2799=CYLINDRICAL_SURFACE('',#3261,0.225);
#2800=CYLINDRICAL_SURFACE('',#3264,0.225);
#2801=CYLINDRICAL_SURFACE('',#3279,0.825);
#2802=CYLINDRICAL_SURFACE('',#3281,0.825);
#2803=CYLINDRICAL_SURFACE('',#3283,0.825);
#2804=CYLINDRICAL_SURFACE('',#3285,0.825);
#2805=ADVANCED_FACE('',(#219),#2753,.F.);
#2806=ADVANCED_FACE('',(#220,#33),#99,.T.);
#2807=ADVANCED_FACE('',(#221),#2754,.F.);
#2808=ADVANCED_FACE('',(#222,#34),#100,.T.);
#2809=ADVANCED_FACE('',(#223),#2755,.F.);
#2810=ADVANCED_FACE('',(#224,#35),#101,.T.);
#2811=ADVANCED_FACE('',(#225),#2756,.F.);
#2812=ADVANCED_FACE('',(#226,#36),#102,.T.);
#2813=ADVANCED_FACE('',(#227),#103,.T.);
#2814=ADVANCED_FACE('',(#228),#2757,.F.);
#2815=ADVANCED_FACE('',(#229),#104,.F.);
#2816=ADVANCED_FACE('',(#230),#105,.T.);
#2817=ADVANCED_FACE('',(#231),#106,.F.);
#2818=ADVANCED_FACE('',(#232),#107,.T.);
#2819=ADVANCED_FACE('',(#233),#108,.T.);
#2820=ADVANCED_FACE('',(#234),#109,.F.);
#2821=ADVANCED_FACE('',(#235),#29,.F.);
#2822=ADVANCED_FACE('',(#236),#30,.F.);
#2823=ADVANCED_FACE('',(#237),#2758,.T.);
#2824=ADVANCED_FACE('',(#238),#31,.F.);
#2825=ADVANCED_FACE('',(#239),#2759,.T.);
#2826=ADVANCED_FACE('',(#240),#32,.F.);
#2827=ADVANCED_FACE('',(#241),#2760,.T.);
#2828=ADVANCED_FACE('',(#242),#2761,.T.);
#2829=ADVANCED_FACE('',(#243),#2762,.T.);
#2830=ADVANCED_FACE('',(#244),#2763,.T.);
#2831=ADVANCED_FACE('',(#245),#110,.T.);
#2832=ADVANCED_FACE('',(#246),#2764,.T.);
#2833=ADVANCED_FACE('',(#247),#2765,.T.);
#2834=ADVANCED_FACE('',(#248),#2766,.T.);
#2835=ADVANCED_FACE('',(#249),#111,.T.);
#2836=ADVANCED_FACE('',(#250),#2767,.T.);
#2837=ADVANCED_FACE('',(#251),#2768,.T.);
#2838=ADVANCED_FACE('',(#252,#37,#38,#39,#40,#41,#42,#43,#44,#45,#46,#47,
#48,#49,#50,#51,#52,#53,#54,#55,#56),#112,.T.);
#2839=ADVANCED_FACE('',(#253),#113,.F.);
#2840=ADVANCED_FACE('',(#254),#114,.F.);
#2841=ADVANCED_FACE('',(#255),#115,.F.);
#2842=ADVANCED_FACE('',(#256),#116,.F.);
#2843=ADVANCED_FACE('',(#257),#117,.F.);
#2844=ADVANCED_FACE('',(#258),#118,.F.);
#2845=ADVANCED_FACE('',(#259),#119,.F.);
#2846=ADVANCED_FACE('',(#260),#120,.F.);
#2847=ADVANCED_FACE('',(#261),#121,.F.);
#2848=ADVANCED_FACE('',(#262),#122,.F.);
#2849=ADVANCED_FACE('',(#263),#123,.F.);
#2850=ADVANCED_FACE('',(#264),#124,.F.);
#2851=ADVANCED_FACE('',(#265),#125,.F.);
#2852=ADVANCED_FACE('',(#266),#126,.F.);
#2853=ADVANCED_FACE('',(#267),#127,.F.);
#2854=ADVANCED_FACE('',(#268),#128,.F.);
#2855=ADVANCED_FACE('',(#269),#2769,.T.);
#2856=ADVANCED_FACE('',(#270,#57,#58,#59,#60,#61,#62,#63,#64,#65,#66,#67,
#68),#129,.F.);
#2857=ADVANCED_FACE('',(#271),#130,.F.);
#2858=ADVANCED_FACE('',(#272),#131,.F.);
#2859=ADVANCED_FACE('',(#273),#132,.F.);
#2860=ADVANCED_FACE('',(#274),#133,.F.);
#2861=ADVANCED_FACE('',(#275),#134,.T.);
#2862=ADVANCED_FACE('',(#276),#135,.F.);
#2863=ADVANCED_FACE('',(#277),#136,.F.);
#2864=ADVANCED_FACE('',(#278),#137,.F.);
#2865=ADVANCED_FACE('',(#279),#138,.F.);
#2866=ADVANCED_FACE('',(#280),#139,.T.);
#2867=ADVANCED_FACE('',(#281),#140,.F.);
#2868=ADVANCED_FACE('',(#282),#141,.F.);
#2869=ADVANCED_FACE('',(#283),#142,.F.);
#2870=ADVANCED_FACE('',(#284),#143,.F.);
#2871=ADVANCED_FACE('',(#285),#144,.T.);
#2872=ADVANCED_FACE('',(#286),#145,.F.);
#2873=ADVANCED_FACE('',(#287),#146,.F.);
#2874=ADVANCED_FACE('',(#288),#147,.F.);
#2875=ADVANCED_FACE('',(#289),#148,.F.);
#2876=ADVANCED_FACE('',(#290),#149,.T.);
#2877=ADVANCED_FACE('',(#291),#150,.F.);
#2878=ADVANCED_FACE('',(#292),#151,.F.);
#2879=ADVANCED_FACE('',(#293),#152,.F.);
#2880=ADVANCED_FACE('',(#294),#153,.F.);
#2881=ADVANCED_FACE('',(#295),#154,.T.);
#2882=ADVANCED_FACE('',(#296),#155,.F.);
#2883=ADVANCED_FACE('',(#297),#156,.F.);
#2884=ADVANCED_FACE('',(#298),#157,.F.);
#2885=ADVANCED_FACE('',(#299),#158,.F.);
#2886=ADVANCED_FACE('',(#300),#159,.T.);
#2887=ADVANCED_FACE('',(#301),#160,.T.);
#2888=ADVANCED_FACE('',(#302),#161,.T.);
#2889=ADVANCED_FACE('',(#303),#162,.T.);
#2890=ADVANCED_FACE('',(#304),#163,.T.);
#2891=ADVANCED_FACE('',(#305),#164,.T.);
#2892=ADVANCED_FACE('',(#306),#165,.F.);
#2893=ADVANCED_FACE('',(#307),#166,.F.);
#2894=ADVANCED_FACE('',(#308),#15,.F.);
#2895=ADVANCED_FACE('',(#309),#2770,.F.);
#2896=ADVANCED_FACE('',(#310),#16,.F.);
#2897=ADVANCED_FACE('',(#311),#167,.T.);
#2898=ADVANCED_FACE('',(#312),#168,.T.);
#2899=ADVANCED_FACE('',(#313),#169,.T.);
#2900=ADVANCED_FACE('',(#314),#170,.T.);
#2901=ADVANCED_FACE('',(#315),#171,.F.);
#2902=ADVANCED_FACE('',(#316),#172,.T.);
#2903=ADVANCED_FACE('',(#317),#173,.T.);
#2904=ADVANCED_FACE('',(#318),#174,.T.);
#2905=ADVANCED_FACE('',(#319),#175,.T.);
#2906=ADVANCED_FACE('',(#320),#176,.T.);
#2907=ADVANCED_FACE('',(#321),#177,.F.);
#2908=ADVANCED_FACE('',(#322),#2771,.F.);
#2909=ADVANCED_FACE('',(#323),#178,.F.);
#2910=ADVANCED_FACE('',(#324),#2772,.F.);
#2911=ADVANCED_FACE('',(#325),#179,.F.);
#2912=ADVANCED_FACE('',(#326),#2773,.F.);
#2913=ADVANCED_FACE('',(#327),#180,.F.);
#2914=ADVANCED_FACE('',(#328),#2774,.F.);
#2915=ADVANCED_FACE('',(#329),#181,.F.);
#2916=ADVANCED_FACE('',(#330),#2775,.T.);
#2917=ADVANCED_FACE('',(#331,#69),#182,.F.);
#2918=ADVANCED_FACE('',(#332),#2776,.T.);
#2919=ADVANCED_FACE('',(#333,#70),#183,.F.);
#2920=ADVANCED_FACE('',(#334),#2777,.T.);
#2921=ADVANCED_FACE('',(#335,#71),#184,.F.);
#2922=ADVANCED_FACE('',(#336),#2778,.T.);
#2923=ADVANCED_FACE('',(#337,#72),#185,.F.);
#2924=ADVANCED_FACE('',(#338),#2779,.F.);
#2925=ADVANCED_FACE('',(#339),#2780,.F.);
#2926=ADVANCED_FACE('',(#340),#2781,.F.);
#2927=ADVANCED_FACE('',(#341),#2782,.F.);
#2928=ADVANCED_FACE('',(#342),#2783,.F.);
#2929=ADVANCED_FACE('',(#343),#2784,.F.);
#2930=ADVANCED_FACE('',(#344),#2785,.F.);
#2931=ADVANCED_FACE('',(#345),#2786,.F.);
#2932=ADVANCED_FACE('',(#346,#73,#74,#75,#76,#77,#78,#79),#186,.F.);
#2933=ADVANCED_FACE('',(#347),#2787,.F.);
#2934=ADVANCED_FACE('',(#348,#80),#187,.T.);
#2935=ADVANCED_FACE('',(#349),#2788,.T.);
#2936=ADVANCED_FACE('',(#350,#81),#188,.F.);
#2937=ADVANCED_FACE('',(#351),#2789,.F.);
#2938=ADVANCED_FACE('',(#352),#2790,.T.);
#2939=ADVANCED_FACE('',(#353,#82),#189,.F.);
#2940=ADVANCED_FACE('',(#354,#83),#190,.F.);
#2941=ADVANCED_FACE('',(#355),#2791,.F.);
#2942=ADVANCED_FACE('',(#356),#2792,.T.);
#2943=ADVANCED_FACE('',(#357,#84),#191,.F.);
#2944=ADVANCED_FACE('',(#358,#85),#192,.F.);
#2945=ADVANCED_FACE('',(#359),#2793,.F.);
#2946=ADVANCED_FACE('',(#360),#2794,.T.);
#2947=ADVANCED_FACE('',(#361,#86),#193,.F.);
#2948=ADVANCED_FACE('',(#362,#87),#194,.F.);
#2949=ADVANCED_FACE('',(#363),#2795,.F.);
#2950=ADVANCED_FACE('',(#364),#2796,.T.);
#2951=ADVANCED_FACE('',(#365,#88),#195,.F.);
#2952=ADVANCED_FACE('',(#366,#89),#196,.F.);
#2953=ADVANCED_FACE('',(#367),#2797,.F.);
#2954=ADVANCED_FACE('',(#368),#2798,.F.);
#2955=ADVANCED_FACE('',(#369),#2799,.F.);
#2956=ADVANCED_FACE('',(#370),#2800,.F.);
#2957=ADVANCED_FACE('',(#371),#17,.F.);
#2958=ADVANCED_FACE('',(#372,#90),#197,.T.);
#2959=ADVANCED_FACE('',(#373),#18,.F.);
#2960=ADVANCED_FACE('',(#374,#91),#198,.T.);
#2961=ADVANCED_FACE('',(#375),#19,.F.);
#2962=ADVANCED_FACE('',(#376,#92),#199,.T.);
#2963=ADVANCED_FACE('',(#377),#20,.F.);
#2964=ADVANCED_FACE('',(#378,#93),#200,.T.);
#2965=ADVANCED_FACE('',(#379),#2801,.T.);
#2966=ADVANCED_FACE('',(#380,#94),#201,.F.);
#2967=ADVANCED_FACE('',(#381),#2802,.T.);
#2968=ADVANCED_FACE('',(#382,#95),#202,.F.);
#2969=ADVANCED_FACE('',(#383),#2803,.T.);
#2970=ADVANCED_FACE('',(#384,#96),#203,.F.);
#2971=ADVANCED_FACE('',(#385),#2804,.T.);
#2972=ADVANCED_FACE('',(#386,#97),#204,.F.);
#2973=ADVANCED_FACE('',(#387),#205,.F.);
#2974=ADVANCED_FACE('',(#388),#206,.F.);
#2975=ADVANCED_FACE('',(#389),#207,.T.);
#2976=ADVANCED_FACE('',(#390),#208,.T.);
#2977=ADVANCED_FACE('',(#391),#209,.T.);
#2978=ADVANCED_FACE('',(#392),#210,.F.);
#2979=ADVANCED_FACE('',(#393),#211,.T.);
#2980=ADVANCED_FACE('',(#394),#212,.T.);
#2981=ADVANCED_FACE('',(#395),#213,.T.);
#2982=ADVANCED_FACE('',(#396),#214,.T.);
#2983=ADVANCED_FACE('',(#397),#215,.F.);
#2984=ADVANCED_FACE('',(#398),#216,.F.);
#2985=ADVANCED_FACE('',(#399,#98),#217,.F.);
#2986=ADVANCED_FACE('',(#400),#218,.T.);
#2987=CLOSED_SHELL('',(#2805,#2806,#2807,#2808,#2809,#2810,#2811,#2812,
#2813,#2814,#2815,#2816,#2817,#2818,#2819,#2820,#2821,#2822,#2823,#2824,
#2825,#2826,#2827,#2828,#2829,#2830,#2831,#2832,#2833,#2834,#2835,#2836,
#2837,#2838,#2839,#2840,#2841,#2842,#2843,#2844,#2845,#2846,#2847,#2848,
#2849,#2850,#2851,#2852,#2853,#2854,#2855,#2856,#2857,#2858,#2859,#2860,
#2861,#2862,#2863,#2864,#2865,#2866,#2867,#2868,#2869,#2870,#2871,#2872,
#2873,#2874,#2875,#2876,#2877,#2878,#2879,#2880,#2881,#2882,#2883,#2884,
#2885,#2886,#2887,#2888,#2889,#2890,#2891,#2892,#2893,#2894,#2895,#2896,
#2897,#2898,#2899,#2900,#2901,#2902,#2903,#2904,#2905,#2906,#2907,#2908,
#2909,#2910,#2911,#2912,#2913,#2914,#2915,#2916,#2917,#2918,#2919,#2920,
#2921,#2922,#2923,#2924,#2925,#2926,#2927,#2928,#2929,#2930,#2931,#2932,
#2933,#2934,#2935,#2936,#2937,#2938,#2939,#2940,#2941,#2942,#2943,#2944,
#2945,#2946,#2947,#2948,#2949,#2950,#2951,#2952,#2953,#2954,#2955,#2956,
#2957,#2958,#2959,#2960,#2961,#2962,#2963,#2964,#2965,#2966,#2967,#2968,
#2969,#2970,#2971,#2972,#2973,#2974,#2975,#2976,#2977,#2978,#2979,#2980,
#2981,#2982,#2983,#2984,#2985,#2986));
#2988=DERIVED_UNIT_ELEMENT(#2990,1.);
#2989=DERIVED_UNIT_ELEMENT(#5151,-3.);
#2990=(
MASS_UNIT()
NAMED_UNIT(*)
SI_UNIT(.KILO.,.GRAM.)
);
#2991=DERIVED_UNIT((#2988,#2989));
#2992=MEASURE_REPRESENTATION_ITEM('density measure',
POSITIVE_RATIO_MEASURE(7850.),#2991);
#2993=PROPERTY_DEFINITION_REPRESENTATION(#2998,#2995);
#2994=PROPERTY_DEFINITION_REPRESENTATION(#2999,#2996);
#2995=REPRESENTATION('material name',(#2997),#5148);
#2996=REPRESENTATION('density',(#2992),#5148);
#2997=DESCRIPTIVE_REPRESENTATION_ITEM('Steel','Steel');
#2998=PROPERTY_DEFINITION('material property','material name',#5158);
#2999=PROPERTY_DEFINITION('material property','density of part',#5158);
#3000=AXIS2_PLACEMENT_3D('',#4177,#3301,#3302);
#3001=AXIS2_PLACEMENT_3D('',#4178,#3303,#3304);
#3002=AXIS2_PLACEMENT_3D('',#4180,#3305,#3306);
#3003=AXIS2_PLACEMENT_3D('',#4183,#3308,#3309);
#3004=AXIS2_PLACEMENT_3D('',#4184,#3310,#3311);
#3005=AXIS2_PLACEMENT_3D('',#4186,#3312,#3313);
#3006=AXIS2_PLACEMENT_3D('',#4187,#3314,#3315);
#3007=AXIS2_PLACEMENT_3D('',#4189,#3316,#3317);
#3008=AXIS2_PLACEMENT_3D('',#4192,#3319,#3320);
#3009=AXIS2_PLACEMENT_3D('',#4193,#3321,#3322);
#3010=AXIS2_PLACEMENT_3D('',#4195,#3323,#3324);
#3011=AXIS2_PLACEMENT_3D('',#4196,#3325,#3326);
#3012=AXIS2_PLACEMENT_3D('',#4198,#3327,#3328);
#3013=AXIS2_PLACEMENT_3D('',#4201,#3330,#3331);
#3014=AXIS2_PLACEMENT_3D('',#4202,#3332,#3333);
#3015=AXIS2_PLACEMENT_3D('',#4204,#3334,#3335);
#3016=AXIS2_PLACEMENT_3D('',#4205,#3336,#3337);
#3017=AXIS2_PLACEMENT_3D('',#4207,#3338,#3339);
#3018=AXIS2_PLACEMENT_3D('',#4210,#3341,#3342);
#3019=AXIS2_PLACEMENT_3D('',#4211,#3343,#3344);
#3020=AXIS2_PLACEMENT_3D('',#4213,#3345,#3346);
#3021=AXIS2_PLACEMENT_3D('',#4214,#3347,#3348);
#3022=AXIS2_PLACEMENT_3D('',#4223,#3353,#3354);
#3023=AXIS2_PLACEMENT_3D('',#4225,#3355,#3356);
#3024=AXIS2_PLACEMENT_3D('',#4228,#3358,#3359);
#3025=AXIS2_PLACEMENT_3D('',#4229,#3360,#3361);
#3026=AXIS2_PLACEMENT_3D('',#4242,#3368,#3369);
#3027=AXIS2_PLACEMENT_3D('',#4251,#3374,#3375);
#3028=AXIS2_PLACEMENT_3D('',#4253,#3376,#3377);
#3029=AXIS2_PLACEMENT_3D('',#4258,#3381,#3382);
#3030=AXIS2_PLACEMENT_3D('',#4262,#3385,#3386);
#3031=AXIS2_PLACEMENT_3D('',#4271,#3391,#3392);
#3032=AXIS2_PLACEMENT_3D('',#4314,#3396,#3397);
#3033=AXIS2_PLACEMENT_3D('',#4316,#3398,#3399);
#3034=AXIS2_PLACEMENT_3D('',#4318,#3400,#3401);
#3035=AXIS2_PLACEMENT_3D('',#4320,#3402,#3403);
#3036=AXIS2_PLACEMENT_3D('',#4321,#3404,#3405);
#3037=AXIS2_PLACEMENT_3D('',#4359,#3406,#3407);
#3038=AXIS2_PLACEMENT_3D('',#4361,#3408,#3409);
#3039=AXIS2_PLACEMENT_3D('',#4363,#3410,#3411);
#3040=AXIS2_PLACEMENT_3D('',#4365,#3412,#3413);
#3041=AXIS2_PLACEMENT_3D('',#4366,#3414,#3415);
#3042=AXIS2_PLACEMENT_3D('',#4367,#3416,#3417);
#3043=AXIS2_PLACEMENT_3D('',#4407,#3420,#3421);
#3044=AXIS2_PLACEMENT_3D('',#4409,#3422,#3423);
#3045=AXIS2_PLACEMENT_3D('',#4411,#3424,#3425);
#3046=AXIS2_PLACEMENT_3D('',#4413,#3426,#3427);
#3047=AXIS2_PLACEMENT_3D('',#4414,#3428,#3429);
#3048=AXIS2_PLACEMENT_3D('',#4415,#3430,#3431);
#3049=AXIS2_PLACEMENT_3D('',#4455,#3434,#3435);
#3050=AXIS2_PLACEMENT_3D('',#4457,#3436,#3437);
#3051=AXIS2_PLACEMENT_3D('',#4459,#3438,#3439);
#3052=AXIS2_PLACEMENT_3D('',#4461,#3440,#3441);
#3053=AXIS2_PLACEMENT_3D('',#4462,#3442,#3443);
#3054=AXIS2_PLACEMENT_3D('',#4463,#3444,#3445);
#3055=AXIS2_PLACEMENT_3D('',#4466,#3448,#3449);
#3056=AXIS2_PLACEMENT_3D('',#4469,#3452,#3453);
#3057=AXIS2_PLACEMENT_3D('',#4473,#3455,#3456);
#3058=AXIS2_PLACEMENT_3D('',#4475,#3458,#3459);
#3059=AXIS2_PLACEMENT_3D('',#4479,#3461,#3462);
#3060=AXIS2_PLACEMENT_3D('',#4481,#3464,#3465);
#3061=AXIS2_PLACEMENT_3D('',#4485,#3468,#3469);
#3062=AXIS2_PLACEMENT_3D('',#4489,#3471,#3472);
#3063=AXIS2_PLACEMENT_3D('',#4491,#3474,#3475);
#3064=AXIS2_PLACEMENT_3D('',#4494,#3477,#3478);
#3065=AXIS2_PLACEMENT_3D('',#4495,#3479,#3480);
#3066=AXIS2_PLACEMENT_3D('',#4499,#3482,#3483);
#3067=AXIS2_PLACEMENT_3D('',#4501,#3485,#3486);
#3068=AXIS2_PLACEMENT_3D('',#4505,#3489,#3490);
#3069=AXIS2_PLACEMENT_3D('',#4509,#3492,#3493);
#3070=AXIS2_PLACEMENT_3D('',#4511,#3495,#3496);
#3071=AXIS2_PLACEMENT_3D('',#4514,#3498,#3499);
#3072=AXIS2_PLACEMENT_3D('',#4515,#3500,#3501);
#3073=AXIS2_PLACEMENT_3D('',#4517,#3502,#3503);
#3074=AXIS2_PLACEMENT_3D('',#4519,#3504,#3505);
#3075=AXIS2_PLACEMENT_3D('',#4521,#3506,#3507);
#3076=AXIS2_PLACEMENT_3D('',#4523,#3508,#3509);
#3077=AXIS2_PLACEMENT_3D('',#4525,#3510,#3511);
#3078=AXIS2_PLACEMENT_3D('',#4527,#3512,#3513);
#3079=AXIS2_PLACEMENT_3D('',#4529,#3514,#3515);
#3080=AXIS2_PLACEMENT_3D('',#4531,#3516,#3517);
#3081=AXIS2_PLACEMENT_3D('',#4533,#3518,#3519);
#3082=AXIS2_PLACEMENT_3D('',#4590,#3548,#3549);
#3083=AXIS2_PLACEMENT_3D('',#4596,#3553,#3554);
#3084=AXIS2_PLACEMENT_3D('',#4600,#3557,#3558);
#3085=AXIS2_PLACEMENT_3D('',#4604,#3561,#3562);
#3086=AXIS2_PLACEMENT_3D('',#4606,#3564,#3565);
#3087=AXIS2_PLACEMENT_3D('',#4612,#3569,#3570);
#3088=AXIS2_PLACEMENT_3D('',#4618,#3574,#3575);
#3089=AXIS2_PLACEMENT_3D('',#4621,#3578,#3579);
#3090=AXIS2_PLACEMENT_3D('',#4622,#3580,#3581);
#3091=AXIS2_PLACEMENT_3D('',#4630,#3586,#3587);
#3092=AXIS2_PLACEMENT_3D('',#4634,#3590,#3591);
#3093=AXIS2_PLACEMENT_3D('',#4638,#3594,#3595);
#3094=AXIS2_PLACEMENT_3D('',#4640,#3597,#3598);
#3095=AXIS2_PLACEMENT_3D('',#4649,#3603,#3604);
#3096=AXIS2_PLACEMENT_3D('',#4652,#3607,#3608);
#3097=AXIS2_PLACEMENT_3D('',#4655,#3611,#3612);
#3098=AXIS2_PLACEMENT_3D('',#4656,#3613,#3614);
#3099=AXIS2_PLACEMENT_3D('',#4659,#3616,#3617);
#3100=AXIS2_PLACEMENT_3D('',#4660,#3618,#3619);
#3101=AXIS2_PLACEMENT_3D('',#4664,#3622,#3623);
#3102=AXIS2_PLACEMENT_3D('',#4666,#3624,#3625);
#3103=AXIS2_PLACEMENT_3D('',#4668,#3626,#3627);
#3104=AXIS2_PLACEMENT_3D('',#4681,#3633,#3634);
#3105=AXIS2_PLACEMENT_3D('',#4682,#3635,#3636);
#3106=AXIS2_PLACEMENT_3D('',#4684,#3637,#3638);
#3107=AXIS2_PLACEMENT_3D('',#4686,#3639,#3640);
#3108=AXIS2_PLACEMENT_3D('',#4688,#3641,#3642);
#3109=AXIS2_PLACEMENT_3D('',#4690,#3643,#3644);
#3110=AXIS2_PLACEMENT_3D('',#4692,#3645,#3646);
#3111=AXIS2_PLACEMENT_3D('',#4694,#3647,#3648);
#3112=AXIS2_PLACEMENT_3D('',#4713,#3659,#3660);
#3113=AXIS2_PLACEMENT_3D('',#4714,#3661,#3662);
#3114=AXIS2_PLACEMENT_3D('',#4715,#3663,#3664);
#3115=AXIS2_PLACEMENT_3D('',#4721,#3668,#3669);
#3116=AXIS2_PLACEMENT_3D('',#4725,#3672,#3673);
#3117=AXIS2_PLACEMENT_3D('',#4729,#3676,#3677);
#3118=AXIS2_PLACEMENT_3D('',#4731,#3679,#3680);
#3119=AXIS2_PLACEMENT_3D('',#4732,#3681,#3682);
#3120=AXIS2_PLACEMENT_3D('',#4738,#3686,#3687);
#3121=AXIS2_PLACEMENT_3D('',#4742,#3690,#3691);
#3122=AXIS2_PLACEMENT_3D('',#4746,#3694,#3695);
#3123=AXIS2_PLACEMENT_3D('',#4748,#3697,#3698);
#3124=AXIS2_PLACEMENT_3D('',#4749,#3699,#3700);
#3125=AXIS2_PLACEMENT_3D('',#4755,#3704,#3705);
#3126=AXIS2_PLACEMENT_3D('',#4759,#3708,#3709);
#3127=AXIS2_PLACEMENT_3D('',#4763,#3712,#3713);
#3128=AXIS2_PLACEMENT_3D('',#4765,#3715,#3716);
#3129=AXIS2_PLACEMENT_3D('',#4766,#3717,#3718);
#3130=AXIS2_PLACEMENT_3D('',#4772,#3722,#3723);
#3131=AXIS2_PLACEMENT_3D('',#4776,#3726,#3727);
#3132=AXIS2_PLACEMENT_3D('',#4780,#3730,#3731);
#3133=AXIS2_PLACEMENT_3D('',#4782,#3733,#3734);
#3134=AXIS2_PLACEMENT_3D('',#4783,#3735,#3736);
#3135=AXIS2_PLACEMENT_3D('',#4789,#3740,#3741);
#3136=AXIS2_PLACEMENT_3D('',#4793,#3744,#3745);
#3137=AXIS2_PLACEMENT_3D('',#4797,#3748,#3749);
#3138=AXIS2_PLACEMENT_3D('',#4799,#3751,#3752);
#3139=AXIS2_PLACEMENT_3D('',#4800,#3753,#3754);
#3140=AXIS2_PLACEMENT_3D('',#4806,#3758,#3759);
#3141=AXIS2_PLACEMENT_3D('',#4810,#3762,#3763);
#3142=AXIS2_PLACEMENT_3D('',#4814,#3766,#3767);
#3143=AXIS2_PLACEMENT_3D('',#4816,#3769,#3770);
#3144=AXIS2_PLACEMENT_3D('',#4817,#3771,#3772);
#3145=AXIS2_PLACEMENT_3D('',#4818,#3773,#3774);
#3146=AXIS2_PLACEMENT_3D('',#4824,#3778,#3779);
#3147=AXIS2_PLACEMENT_3D('',#4828,#3782,#3783);
#3148=AXIS2_PLACEMENT_3D('',#4832,#3786,#3787);
#3149=AXIS2_PLACEMENT_3D('',#4834,#3789,#3790);
#3150=AXIS2_PLACEMENT_3D('',#4840,#3794,#3795);
#3151=AXIS2_PLACEMENT_3D('',#4844,#3798,#3799);
#3152=AXIS2_PLACEMENT_3D('',#4847,#3801,#3802);
#3153=AXIS2_PLACEMENT_3D('',#4848,#3803,#3804);
#3154=AXIS2_PLACEMENT_3D('',#4850,#3806,#3807);
#3155=AXIS2_PLACEMENT_3D('',#4852,#3809,#3810);
#3156=AXIS2_PLACEMENT_3D('',#4858,#3814,#3815);
#3157=AXIS2_PLACEMENT_3D('',#4862,#3818,#3819);
#3158=AXIS2_PLACEMENT_3D('',#4866,#3822,#3823);
#3159=AXIS2_PLACEMENT_3D('',#4868,#3825,#3826);
#3160=AXIS2_PLACEMENT_3D('',#4869,#3827,#3828);
#3161=AXIS2_PLACEMENT_3D('',#4870,#3829,#3830);
#3162=AXIS2_PLACEMENT_3D('',#4872,#3832,#3833);
#3163=AXIS2_PLACEMENT_3D('',#4878,#3837,#3838);
#3164=AXIS2_PLACEMENT_3D('',#4882,#3841,#3842);
#3165=AXIS2_PLACEMENT_3D('',#4886,#3845,#3846);
#3166=AXIS2_PLACEMENT_3D('',#4888,#3848,#3849);
#3167=AXIS2_PLACEMENT_3D('',#4889,#3850,#3851);
#3168=AXIS2_PLACEMENT_3D('',#4891,#3852,#3853);
#3169=AXIS2_PLACEMENT_3D('',#4894,#3855,#3856);
#3170=AXIS2_PLACEMENT_3D('',#4895,#3857,#3858);
#3171=AXIS2_PLACEMENT_3D('',#4896,#3859,#3860);
#3172=AXIS2_PLACEMENT_3D('',#4898,#3861,#3862);
#3173=AXIS2_PLACEMENT_3D('',#4901,#3864,#3865);
#3174=AXIS2_PLACEMENT_3D('',#4902,#3866,#3867);
#3175=AXIS2_PLACEMENT_3D('',#4903,#3868,#3869);
#3176=AXIS2_PLACEMENT_3D('',#4905,#3870,#3871);
#3177=AXIS2_PLACEMENT_3D('',#4908,#3873,#3874);
#3178=AXIS2_PLACEMENT_3D('',#4909,#3875,#3876);
#3179=AXIS2_PLACEMENT_3D('',#4910,#3877,#3878);
#3180=AXIS2_PLACEMENT_3D('',#4912,#3879,#3880);
#3181=AXIS2_PLACEMENT_3D('',#4915,#3882,#3883);
#3182=AXIS2_PLACEMENT_3D('',#4916,#3884,#3885);
#3183=AXIS2_PLACEMENT_3D('',#4917,#3886,#3887);
#3184=AXIS2_PLACEMENT_3D('',#4920,#3889,#3890);
#3185=AXIS2_PLACEMENT_3D('',#4921,#3891,#3892);
#3186=AXIS2_PLACEMENT_3D('',#4922,#3893,#3894);
#3187=AXIS2_PLACEMENT_3D('',#4925,#3896,#3897);
#3188=AXIS2_PLACEMENT_3D('',#4926,#3898,#3899);
#3189=AXIS2_PLACEMENT_3D('',#4927,#3900,#3901);
#3190=AXIS2_PLACEMENT_3D('',#4930,#3903,#3904);
#3191=AXIS2_PLACEMENT_3D('',#4931,#3905,#3906);
#3192=AXIS2_PLACEMENT_3D('',#4932,#3907,#3908);
#3193=AXIS2_PLACEMENT_3D('',#4935,#3910,#3911);
#3194=AXIS2_PLACEMENT_3D('',#4936,#3912,#3913);
#3195=AXIS2_PLACEMENT_3D('',#4937,#3914,#3915);
#3196=AXIS2_PLACEMENT_3D('',#4939,#3916,#3917);
#3197=AXIS2_PLACEMENT_3D('',#4941,#3919,#3920);
#3198=AXIS2_PLACEMENT_3D('',#4943,#3921,#3922);
#3199=AXIS2_PLACEMENT_3D('',#4945,#3924,#3925);
#3200=AXIS2_PLACEMENT_3D('',#4947,#3926,#3927);
#3201=AXIS2_PLACEMENT_3D('',#4949,#3929,#3930);
#3202=AXIS2_PLACEMENT_3D('',#4951,#3931,#3932);
#3203=AXIS2_PLACEMENT_3D('',#4953,#3934,#3935);
#3204=AXIS2_PLACEMENT_3D('',#4955,#3936,#3937);
#3205=AXIS2_PLACEMENT_3D('',#4957,#3939,#3940);
#3206=AXIS2_PLACEMENT_3D('',#4959,#3941,#3942);
#3207=AXIS2_PLACEMENT_3D('',#4961,#3944,#3945);
#3208=AXIS2_PLACEMENT_3D('',#4963,#3946,#3947);
#3209=AXIS2_PLACEMENT_3D('',#4965,#3949,#3950);
#3210=AXIS2_PLACEMENT_3D('',#4968,#3952,#3953);
#3211=AXIS2_PLACEMENT_3D('',#4969,#3954,#3955);
#3212=AXIS2_PLACEMENT_3D('',#4970,#3956,#3957);
#3213=AXIS2_PLACEMENT_3D('',#4972,#3958,#3959);
#3214=AXIS2_PLACEMENT_3D('',#4975,#3961,#3962);
#3215=AXIS2_PLACEMENT_3D('',#4976,#3963,#3964);
#3216=AXIS2_PLACEMENT_3D('',#4977,#3965,#3966);
#3217=AXIS2_PLACEMENT_3D('',#4980,#3968,#3969);
#3218=AXIS2_PLACEMENT_3D('',#4981,#3970,#3971);
#3219=AXIS2_PLACEMENT_3D('',#4982,#3972,#3973);
#3220=AXIS2_PLACEMENT_3D('',#4984,#3974,#3975);
#3221=AXIS2_PLACEMENT_3D('',#4987,#3977,#3978);
#3222=AXIS2_PLACEMENT_3D('',#4988,#3979,#3980);
#3223=AXIS2_PLACEMENT_3D('',#4990,#3981,#3982);
#3224=AXIS2_PLACEMENT_3D('',#4993,#3984,#3985);
#3225=AXIS2_PLACEMENT_3D('',#4994,#3986,#3987);
#3226=AXIS2_PLACEMENT_3D('',#4995,#3988,#3989);
#3227=AXIS2_PLACEMENT_3D('',#4997,#3990,#3991);
#3228=AXIS2_PLACEMENT_3D('',#4998,#3992,#3993);
#3229=AXIS2_PLACEMENT_3D('',#5000,#3994,#3995);
#3230=AXIS2_PLACEMENT_3D('',#5003,#3997,#3998);
#3231=AXIS2_PLACEMENT_3D('',#5004,#3999,#4000);
#3232=AXIS2_PLACEMENT_3D('',#5006,#4001,#4002);
#3233=AXIS2_PLACEMENT_3D('',#5009,#4004,#4005);
#3234=AXIS2_PLACEMENT_3D('',#5010,#4006,#4007);
#3235=AXIS2_PLACEMENT_3D('',#5011,#4008,#4009);
#3236=AXIS2_PLACEMENT_3D('',#5013,#4010,#4011);
#3237=AXIS2_PLACEMENT_3D('',#5014,#4012,#4013);
#3238=AXIS2_PLACEMENT_3D('',#5016,#4014,#4015);
#3239=AXIS2_PLACEMENT_3D('',#5019,#4017,#4018);
#3240=AXIS2_PLACEMENT_3D('',#5020,#4019,#4020);
#3241=AXIS2_PLACEMENT_3D('',#5022,#4021,#4022);
#3242=AXIS2_PLACEMENT_3D('',#5025,#4024,#4025);
#3243=AXIS2_PLACEMENT_3D('',#5026,#4026,#4027);
#3244=AXIS2_PLACEMENT_3D('',#5027,#4028,#4029);
#3245=AXIS2_PLACEMENT_3D('',#5029,#4030,#4031);
#3246=AXIS2_PLACEMENT_3D('',#5030,#4032,#4033);
#3247=AXIS2_PLACEMENT_3D('',#5032,#4034,#4035);
#3248=AXIS2_PLACEMENT_3D('',#5035,#4037,#4038);
#3249=AXIS2_PLACEMENT_3D('',#5036,#4039,#4040);
#3250=AXIS2_PLACEMENT_3D('',#5038,#4041,#4042);
#3251=AXIS2_PLACEMENT_3D('',#5041,#4044,#4045);
#3252=AXIS2_PLACEMENT_3D('',#5042,#4046,#4047);
#3253=AXIS2_PLACEMENT_3D('',#5043,#4048,#4049);
#3254=AXIS2_PLACEMENT_3D('',#5045,#4050,#4051);
#3255=AXIS2_PLACEMENT_3D('',#5046,#4052,#4053);
#3256=AXIS2_PLACEMENT_3D('',#5048,#4054,#4055);
#3257=AXIS2_PLACEMENT_3D('',#5051,#4057,#4058);
#3258=AXIS2_PLACEMENT_3D('',#5052,#4059,#4060);
#3259=AXIS2_PLACEMENT_3D('',#5054,#4061,#4062);
#3260=AXIS2_PLACEMENT_3D('',#5057,#4064,#4065);
#3261=AXIS2_PLACEMENT_3D('',#5058,#4066,#4067);
#3262=AXIS2_PLACEMENT_3D('',#5060,#4068,#4069);
#3263=AXIS2_PLACEMENT_3D('',#5063,#4071,#4072);
#3264=AXIS2_PLACEMENT_3D('',#5064,#4073,#4074);
#3265=AXIS2_PLACEMENT_3D('',#5066,#4075,#4076);
#3266=AXIS2_PLACEMENT_3D('',#5069,#4078,#4079);
#3267=AXIS2_PLACEMENT_3D('',#5070,#4080,#4081);
#3268=AXIS2_PLACEMENT_3D('',#5072,#4082,#4083);
#3269=AXIS2_PLACEMENT_3D('',#5074,#4085,#4086);
#3270=AXIS2_PLACEMENT_3D('',#5075,#4087,#4088);
#3271=AXIS2_PLACEMENT_3D('',#5077,#4089,#4090);
#3272=AXIS2_PLACEMENT_3D('',#5079,#4092,#4093);
#3273=AXIS2_PLACEMENT_3D('',#5080,#4094,#4095);
#3274=AXIS2_PLACEMENT_3D('',#5082,#4096,#4097);
#3275=AXIS2_PLACEMENT_3D('',#5084,#4099,#4100);
#3276=AXIS2_PLACEMENT_3D('',#5085,#4101,#4102);
#3277=AXIS2_PLACEMENT_3D('',#5087,#4103,#4104);
#3278=AXIS2_PLACEMENT_3D('',#5089,#4106,#4107);
#3279=AXIS2_PLACEMENT_3D('',#5090,#4108,#4109);
#3280=AXIS2_PLACEMENT_3D('',#5092,#4111,#4112);
#3281=AXIS2_PLACEMENT_3D('',#5093,#4113,#4114);
#3282=AXIS2_PLACEMENT_3D('',#5095,#4116,#4117);
#3283=AXIS2_PLACEMENT_3D('',#5096,#4118,#4119);
#3284=AXIS2_PLACEMENT_3D('',#5098,#4121,#4122);
#3285=AXIS2_PLACEMENT_3D('',#5099,#4123,#4124);
#3286=AXIS2_PLACEMENT_3D('',#5101,#4126,#4127);
#3287=AXIS2_PLACEMENT_3D('',#5102,#4128,#4129);
#3288=AXIS2_PLACEMENT_3D('',#5106,#4132,#4133);
#3289=AXIS2_PLACEMENT_3D('',#5108,#4135,#4136);
#3290=AXIS2_PLACEMENT_3D('',#5114,#4140,#4141);
#3291=AXIS2_PLACEMENT_3D('',#5116,#4143,#4144);
#3292=AXIS2_PLACEMENT_3D('',#5118,#4146,#4147);
#3293=AXIS2_PLACEMENT_3D('',#5126,#4152,#4153);
#3294=AXIS2_PLACEMENT_3D('',#5128,#4155,#4156);
#3295=AXIS2_PLACEMENT_3D('',#5132,#4159,#4160);
#3296=AXIS2_PLACEMENT_3D('',#5136,#4163,#4164);
#3297=AXIS2_PLACEMENT_3D('',#5138,#4166,#4167);
#3298=AXIS2_PLACEMENT_3D('',#5142,#4170,#4171);
#3299=AXIS2_PLACEMENT_3D('',#5144,#4173,#4174);
#3300=AXIS2_PLACEMENT_3D('',#5145,#4175,#4176);
#3301=DIRECTION('axis',(0.,0.,1.));
#3302=DIRECTION('refdir',(1.,0.,0.));
#3303=DIRECTION('center_axis',(0.,0.,1.));
#3304=DIRECTION('ref_axis',(1.,0.,0.));
#3305=DIRECTION('center_axis',(0.,0.,1.));
#3306=DIRECTION('ref_axis',(1.,0.,0.));
#3307=DIRECTION('',(0.,0.,1.));
#3308=DIRECTION('center_axis',(0.,0.,-1.));
#3309=DIRECTION('ref_axis',(1.,0.,0.));
#3310=DIRECTION('center_axis',(0.,0.,1.));
#3311=DIRECTION('ref_axis',(1.,0.,0.));
#3312=DIRECTION('center_axis',(0.,0.,1.));
#3313=DIRECTION('ref_axis',(1.,0.,0.));
#3314=DIRECTION('center_axis',(0.,0.,1.));
#3315=DIRECTION('ref_axis',(1.,0.,0.));
#3316=DIRECTION('center_axis',(0.,0.,1.));
#3317=DIRECTION('ref_axis',(1.,0.,0.));
#3318=DIRECTION('',(0.,0.,1.));
#3319=DIRECTION('center_axis',(0.,0.,-1.));
#3320=DIRECTION('ref_axis',(1.,0.,0.));
#3321=DIRECTION('center_axis',(0.,0.,1.));
#3322=DIRECTION('ref_axis',(1.,0.,0.));
#3323=DIRECTION('center_axis',(0.,0.,1.));
#3324=DIRECTION('ref_axis',(1.,0.,0.));
#3325=DIRECTION('center_axis',(0.,0.,1.));
#3326=DIRECTION('ref_axis',(1.,0.,0.));
#3327=DIRECTION('center_axis',(0.,0.,1.));
#3328=DIRECTION('ref_axis',(1.,0.,0.));
#3329=DIRECTION('',(0.,0.,1.));
#3330=DIRECTION('center_axis',(0.,0.,-1.));
#3331=DIRECTION('ref_axis',(1.,0.,0.));
#3332=DIRECTION('center_axis',(0.,0.,1.));
#3333=DIRECTION('ref_axis',(1.,0.,0.));
#3334=DIRECTION('center_axis',(0.,0.,1.));
#3335=DIRECTION('ref_axis',(1.,0.,0.));
#3336=DIRECTION('center_axis',(0.,0.,1.));
#3337=DIRECTION('ref_axis',(1.,0.,0.));
#3338=DIRECTION('center_axis',(0.,0.,1.));
#3339=DIRECTION('ref_axis',(1.,0.,0.));
#3340=DIRECTION('',(0.,0.,1.));
#3341=DIRECTION('center_axis',(0.,0.,-1.));
#3342=DIRECTION('ref_axis',(1.,0.,0.));
#3343=DIRECTION('center_axis',(0.,0.,1.));
#3344=DIRECTION('ref_axis',(1.,0.,0.));
#3345=DIRECTION('center_axis',(0.,0.,1.));
#3346=DIRECTION('ref_axis',(1.,0.,0.));
#3347=DIRECTION('center_axis',(1.,0.,0.));
#3348=DIRECTION('ref_axis',(0.,1.,0.));
#3349=DIRECTION('',(0.,1.,0.));
#3350=DIRECTION('',(0.,0.,1.));
#3351=DIRECTION('',(0.,1.,0.));
#3352=DIRECTION('',(0.,0.,1.));
#3353=DIRECTION('center_axis',(0.,0.,1.));
#3354=DIRECTION('ref_axis',(1.,0.,0.));
#3355=DIRECTION('center_axis',(0.,0.,1.));
#3356=DIRECTION('ref_axis',(1.,0.,0.));
#3357=DIRECTION('',(0.,0.,1.));
#3358=DIRECTION('center_axis',(0.,0.,-1.));
#3359=DIRECTION('ref_axis',(1.,0.,0.));
#3360=DIRECTION('center_axis',(0.,-1.,0.));
#3361=DIRECTION('ref_axis',(1.,0.,0.));
#3362=DIRECTION('',(0.,0.,1.));
#3363=DIRECTION('',(-1.,0.,0.));
#3364=DIRECTION('',(0.,0.,-1.));
#3365=DIRECTION('',(1.,0.,0.));
#3366=DIRECTION('',(0.,0.,1.));
#3367=DIRECTION('',(1.,0.,0.));
#3368=DIRECTION('center_axis',(0.,-1.,0.));
#3369=DIRECTION('ref_axis',(1.,0.,0.));
#3370=DIRECTION('',(0.,0.,1.));
#3371=DIRECTION('',(1.,0.,0.));
#3372=DIRECTION('',(0.,0.,-1.));
#3373=DIRECTION('',(1.,0.,0.));
#3374=DIRECTION('center_axis',(0.,0.,1.));
#3375=DIRECTION('ref_axis',(1.,0.,0.));
#3376=DIRECTION('center_axis',(0.,0.,-1.));
#3377=DIRECTION('ref_axis',(1.,0.,0.));
#3378=DIRECTION('',(0.,-1.,0.));
#3379=DIRECTION('',(-1.,0.,0.));
#3380=DIRECTION('',(1.,0.,0.));
#3381=DIRECTION('center_axis',(0.,-1.,0.));
#3382=DIRECTION('ref_axis',(1.,0.,0.));
#3383=DIRECTION('',(0.,0.,1.));
#3384=DIRECTION('',(1.,0.,0.));
#3385=DIRECTION('center_axis',(0.,1.,0.));
#3386=DIRECTION('ref_axis',(-1.,0.,0.));
#3387=DIRECTION('',(0.,0.,1.));
#3388=DIRECTION('',(-1.,0.,0.));
#3389=DIRECTION('',(0.,0.,1.));
#3390=DIRECTION('',(-1.,0.,0.));
#3391=DIRECTION('center_axis',(0.,0.,1.));
#3392=DIRECTION('ref_axis',(1.,0.,0.));
#3393=DIRECTION('',(0.,-1.,0.));
#3394=DIRECTION('',(0.,1.,0.));
#3395=DIRECTION('',(1.,0.,0.));
#3396=DIRECTION('center_axis',(0.,0.,1.));
#3397=DIRECTION('ref_axis',(1.,-3.55271367880049E-15,0.));
#3398=DIRECTION('center_axis',(0.,0.,1.));
#3399=DIRECTION('ref_axis',(0.707106781186548,0.707106781186548,0.));
#3400=DIRECTION('center_axis',(0.,0.,1.));
#3401=DIRECTION('ref_axis',(1.,-3.55271367880049E-15,0.));
#3402=DIRECTION('center_axis',(0.986393923832144,-0.164398987305354,0.));
#3403=DIRECTION('ref_axis',(0.164398987305354,0.986393923832144,0.));
#3404=DIRECTION('center_axis',(-0.164398987305357,0.986393923832144,2.92031265490346E-15));
#3405=DIRECTION('ref_axis',(0.986393923832144,0.164398987305357,0.));
#3406=DIRECTION('center_axis',(0.,0.,1.));
#3407=DIRECTION('ref_axis',(-3.55271367880049E-15,-1.,0.));
#3408=DIRECTION('center_axis',(0.,0.,1.));
#3409=DIRECTION('ref_axis',(0.707106781186548,-0.707106781186548,0.));
#3410=DIRECTION('center_axis',(0.,0.,1.));
#3411=DIRECTION('ref_axis',(-3.55271367880049E-15,-1.,0.));
#3412=DIRECTION('center_axis',(-0.164398987305354,-0.986393923832144,0.));
#3413=DIRECTION('ref_axis',(0.986393923832144,-0.164398987305354,0.));
#3414=DIRECTION('center_axis',(0.986393923832144,0.164398987305357,2.92031265490346E-15));
#3415=DIRECTION('ref_axis',(0.164398987305357,-0.986393923832144,0.));
#3416=DIRECTION('center_axis',(0.,1.,0.));
#3417=DIRECTION('ref_axis',(0.707106781186547,0.,0.707106781186547));
#3418=DIRECTION('',(0.,-1.,0.));
#3419=DIRECTION('',(0.,1.,0.));
#3420=DIRECTION('center_axis',(0.,0.,1.));
#3421=DIRECTION('ref_axis',(-1.,3.55271367880049E-15,0.));
#3422=DIRECTION('center_axis',(0.,0.,1.));
#3423=DIRECTION('ref_axis',(-0.707106781186548,-0.707106781186548,0.));
#3424=DIRECTION('center_axis',(0.,0.,1.));
#3425=DIRECTION('ref_axis',(-1.,3.55271367880049E-15,0.));
#3426=DIRECTION('center_axis',(-0.986393923832144,0.164398987305354,0.));
#3427=DIRECTION('ref_axis',(-0.164398987305354,-0.986393923832144,0.));
#3428=DIRECTION('center_axis',(0.164398987305357,-0.986393923832144,2.92031265490346E-15));
#3429=DIRECTION('ref_axis',(-0.986393923832144,-0.164398987305357,0.));
#3430=DIRECTION('center_axis',(1.,0.,0.));
#3431=DIRECTION('ref_axis',(0.,-0.707106781186547,0.707106781186547));
#3432=DIRECTION('',(-1.,0.,0.));
#3433=DIRECTION('',(1.,0.,0.));
#3434=DIRECTION('center_axis',(0.,0.,1.));
#3435=DIRECTION('ref_axis',(3.55271367880049E-15,1.,0.));
#3436=DIRECTION('center_axis',(0.,0.,1.));
#3437=DIRECTION('ref_axis',(-0.707106781186548,0.707106781186548,0.));
#3438=DIRECTION('center_axis',(0.,0.,1.));
#3439=DIRECTION('ref_axis',(3.55271367880049E-15,1.,0.));
#3440=DIRECTION('center_axis',(0.164398987305354,0.986393923832144,0.));
#3441=DIRECTION('ref_axis',(-0.986393923832144,0.164398987305354,0.));
#3442=DIRECTION('center_axis',(-0.986393923832144,-0.164398987305357,2.92031265490346E-15));
#3443=DIRECTION('ref_axis',(-0.164398987305357,0.986393923832144,0.));
#3444=DIRECTION('center_axis',(0.,-1.,0.));
#3445=DIRECTION('ref_axis',(-0.707106781186547,0.,0.707106781186547));
#3446=DIRECTION('',(0.,1.,0.));
#3447=DIRECTION('',(0.,-1.,0.));
#3448=DIRECTION('center_axis',(-1.,0.,0.));
#3449=DIRECTION('ref_axis',(0.,0.707106781186547,0.707106781186547));
#3450=DIRECTION('',(-1.,0.,0.));
#3451=DIRECTION('',(1.,0.,0.));
#3452=DIRECTION('center_axis',(0.,0.,1.));
#3453=DIRECTION('ref_axis',(0.707106781186548,-0.707106781186548,0.));
#3454=DIRECTION('',(0.,0.,-1.));
#3455=DIRECTION('center_axis',(0.,0.,1.));
#3456=DIRECTION('ref_axis',(0.707106781186548,-0.707106781186548,0.));
#3457=DIRECTION('',(0.,0.,1.));
#3458=DIRECTION('center_axis',(0.,0.,1.));
#3459=DIRECTION('ref_axis',(0.707106781186548,-0.707106781186548,0.));
#3460=DIRECTION('',(0.,0.,-1.));
#3461=DIRECTION('center_axis',(0.,0.,1.));
#3462=DIRECTION('ref_axis',(0.707106781186548,-0.707106781186548,0.));
#3463=DIRECTION('',(0.,0.,1.));
#3464=DIRECTION('center_axis',(0.,-1.,0.));
#3465=DIRECTION('ref_axis',(1.,0.,0.));
#3466=DIRECTION('',(0.,0.,1.));
#3467=DIRECTION('',(1.,0.,0.));
#3468=DIRECTION('center_axis',(0.,0.,1.));
#3469=DIRECTION('ref_axis',(-0.707106781186548,-0.707106781186548,0.));
#3470=DIRECTION('',(0.,0.,-1.));
#3471=DIRECTION('center_axis',(0.,0.,1.));
#3472=DIRECTION('ref_axis',(-0.707106781186548,-0.707106781186548,0.));
#3473=DIRECTION('',(0.,0.,1.));
#3474=DIRECTION('center_axis',(0.,0.,1.));
#3475=DIRECTION('ref_axis',(-0.707106781186548,-0.707106781186548,0.));
#3476=DIRECTION('',(0.,0.,-1.));
#3477=DIRECTION('center_axis',(0.,0.,1.));
#3478=DIRECTION('ref_axis',(-0.707106781186548,-0.707106781186548,0.));
#3479=DIRECTION('center_axis',(0.,0.,1.));
#3480=DIRECTION('ref_axis',(0.707106781186548,0.707106781186548,0.));
#3481=DIRECTION('',(0.,0.,-1.));
#3482=DIRECTION('center_axis',(0.,0.,1.));
#3483=DIRECTION('ref_axis',(0.707106781186548,0.707106781186548,0.));
#3484=DIRECTION('',(0.,0.,1.));
#3485=DIRECTION('center_axis',(-1.,0.,0.));
#3486=DIRECTION('ref_axis',(0.,-1.,0.));
#3487=DIRECTION('',(0.,0.,1.));
#3488=DIRECTION('',(0.,-1.,0.));
#3489=DIRECTION('center_axis',(0.,0.,1.));
#3490=DIRECTION('ref_axis',(-0.707106781186548,0.707106781186548,0.));
#3491=DIRECTION('',(0.,0.,-1.));
#3492=DIRECTION('center_axis',(0.,0.,1.));
#3493=DIRECTION('ref_axis',(-0.707106781186548,0.707106781186548,0.));
#3494=DIRECTION('',(0.,0.,1.));
#3495=DIRECTION('center_axis',(0.,0.,1.));
#3496=DIRECTION('ref_axis',(-0.707106781186548,0.707106781186548,0.));
#3497=DIRECTION('',(0.,0.,-1.));
#3498=DIRECTION('center_axis',(0.,0.,1.));
#3499=DIRECTION('ref_axis',(-0.707106781186548,0.707106781186548,0.));
#3500=DIRECTION('center_axis',(0.,0.,1.));
#3501=DIRECTION('ref_axis',(1.,0.,0.));
#3502=DIRECTION('center_axis',(0.,0.,1.));
#3503=DIRECTION('ref_axis',(1.,0.,0.));
#3504=DIRECTION('center_axis',(0.,0.,-1.));
#3505=DIRECTION('ref_axis',(1.,0.,0.));
#3506=DIRECTION('center_axis',(0.,0.,-1.));
#3507=DIRECTION('ref_axis',(1.,0.,0.));
#3508=DIRECTION('center_axis',(0.,0.,-1.));
#3509=DIRECTION('ref_axis',(1.,0.,0.));
#3510=DIRECTION('center_axis',(0.,0.,-1.));
#3511=DIRECTION('ref_axis',(1.,0.,0.));
#3512=DIRECTION('center_axis',(0.,0.,-1.));
#3513=DIRECTION('ref_axis',(1.,0.,0.));
#3514=DIRECTION('center_axis',(0.,0.,-1.));
#3515=DIRECTION('ref_axis',(1.,0.,0.));
#3516=DIRECTION('center_axis',(0.,0.,-1.));
#3517=DIRECTION('ref_axis',(1.,0.,0.));
#3518=DIRECTION('center_axis',(0.,0.,1.));
#3519=DIRECTION('ref_axis',(1.,0.,0.));
#3520=DIRECTION('',(-1.,0.,0.));
#3521=DIRECTION('',(0.,1.,0.));
#3522=DIRECTION('',(1.,0.,0.));
#3523=DIRECTION('',(0.,-1.,0.));
#3524=DIRECTION('',(1.,0.,0.));
#3525=DIRECTION('',(0.,-1.,0.));
#3526=DIRECTION('',(-1.,0.,0.));
#3527=DIRECTION('',(0.,1.,0.));
#3528=DIRECTION('',(1.,0.,0.));
#3529=DIRECTION('',(0.,-1.,0.));
#3530=DIRECTION('',(-1.,0.,0.));
#3531=DIRECTION('',(0.,1.,0.));
#3532=DIRECTION('',(1.,0.,0.));
#3533=DIRECTION('',(0.,-1.,0.));
#3534=DIRECTION('',(-1.,0.,0.));
#3535=DIRECTION('',(0.,1.,0.));
#3536=DIRECTION('',(1.,0.,0.));
#3537=DIRECTION('',(0.,-1.,0.));
#3538=DIRECTION('',(-1.,0.,0.));
#3539=DIRECTION('',(0.,1.,0.));
#3540=DIRECTION('',(1.,0.,0.));
#3541=DIRECTION('',(0.,-1.,0.));
#3542=DIRECTION('',(-1.,0.,0.));
#3543=DIRECTION('',(0.,1.,0.));
#3544=DIRECTION('',(1.,0.,0.));
#3545=DIRECTION('',(0.,-1.,0.));
#3546=DIRECTION('',(-1.,0.,0.));
#3547=DIRECTION('',(0.,1.,0.));
#3548=DIRECTION('center_axis',(0.707106781186548,0.707106781186548,0.));
#3549=DIRECTION('ref_axis',(-0.707106781186548,0.707106781186548,0.));
#3550=DIRECTION('',(-0.707106781186548,0.707106781186548,0.));
#3551=DIRECTION('',(0.,0.,1.));
#3552=DIRECTION('',(-0.707106781186548,0.707106781186548,0.));
#3553=DIRECTION('center_axis',(0.,0.,1.));
#3554=DIRECTION('ref_axis',(1.,0.,0.));
#3555=DIRECTION('',(0.707106781186548,0.707106781186548,0.));
#3556=DIRECTION('',(0.707106781186548,-0.707106781186548,0.));
#3557=DIRECTION('center_axis',(0.707106781186548,-0.707106781186548,0.));
#3558=DIRECTION('ref_axis',(0.707106781186548,0.707106781186548,0.));
#3559=DIRECTION('',(0.707106781186548,0.707106781186548,0.));
#3560=DIRECTION('',(0.,0.,1.));
#3561=DIRECTION('center_axis',(-0.707106781186548,-0.707106781186548,0.));
#3562=DIRECTION('ref_axis',(0.707106781186548,-0.707106781186548,0.));
#3563=DIRECTION('',(0.707106781186548,-0.707106781186548,0.));
#3564=DIRECTION('center_axis',(0.707106781186548,0.707106781186548,0.));
#3565=DIRECTION('ref_axis',(-0.707106781186548,0.707106781186548,0.));
#3566=DIRECTION('',(-0.707106781186548,0.707106781186548,0.));
#3567=DIRECTION('',(0.,0.,1.));
#3568=DIRECTION('',(-0.707106781186548,0.707106781186548,0.));
#3569=DIRECTION('center_axis',(-0.707106781186548,-0.707106781186548,0.));
#3570=DIRECTION('ref_axis',(0.707106781186548,-0.707106781186548,0.));
#3571=DIRECTION('',(0.707106781186548,-0.707106781186548,0.));
#3572=DIRECTION('',(0.,0.,1.));
#3573=DIRECTION('',(0.707106781186548,-0.707106781186548,0.));
#3574=DIRECTION('center_axis',(-0.707106781186548,0.707106781186548,0.));
#3575=DIRECTION('ref_axis',(-0.707106781186548,-0.707106781186548,0.));
#3576=DIRECTION('',(-0.707106781186548,-0.707106781186548,0.));
#3577=DIRECTION('',(-0.707106781186548,-0.707106781186548,0.));
#3578=DIRECTION('center_axis',(0.,0.,1.));
#3579=DIRECTION('ref_axis',(1.,0.,0.));
#3580=DIRECTION('center_axis',(0.707106781186548,-0.707106781186548,0.));
#3581=DIRECTION('ref_axis',(0.707106781186548,0.707106781186548,0.));
#3582=DIRECTION('',(0.,0.,1.));
#3583=DIRECTION('',(0.707106781186548,0.707106781186548,0.));
#3584=DIRECTION('',(0.,0.,1.));
#3585=DIRECTION('',(0.707106781186548,0.707106781186548,0.));
#3586=DIRECTION('center_axis',(0.,0.,1.));
#3587=DIRECTION('ref_axis',(1.,0.,0.));
#3588=DIRECTION('',(0.707106781186548,-0.707106781186548,0.));
#3589=DIRECTION('',(-0.707106781186548,-0.707106781186548,0.));
#3590=DIRECTION('center_axis',(-0.707106781186548,-0.707106781186548,0.));
#3591=DIRECTION('ref_axis',(0.707106781186548,-0.707106781186548,0.));
#3592=DIRECTION('',(0.707106781186548,-0.707106781186548,0.));
#3593=DIRECTION('',(0.,0.,1.));
#3594=DIRECTION('center_axis',(-0.707106781186548,0.707106781186548,0.));
#3595=DIRECTION('ref_axis',(-0.707106781186548,-0.707106781186548,0.));
#3596=DIRECTION('',(-0.707106781186548,-0.707106781186548,0.));
#3597=DIRECTION('center_axis',(0.707106781186548,0.707106781186548,0.));
#3598=DIRECTION('ref_axis',(-0.707106781186548,0.707106781186548,0.));
#3599=DIRECTION('',(-0.707106781186548,0.707106781186548,0.));
#3600=DIRECTION('',(0.,0.,1.));
#3601=DIRECTION('',(-0.707106781186548,0.707106781186548,0.));
#3602=DIRECTION('',(0.,0.,1.));
#3603=DIRECTION('center_axis',(0.707106781186548,-0.707106781186548,0.));
#3604=DIRECTION('ref_axis',(0.707106781186548,0.707106781186548,0.));
#3605=DIRECTION('',(0.707106781186548,0.707106781186548,0.));
#3606=DIRECTION('',(0.707106781186548,0.707106781186548,0.));
#3607=DIRECTION('center_axis',(-0.707106781186548,0.707106781186548,0.));
#3608=DIRECTION('ref_axis',(-0.707106781186548,-0.707106781186548,0.));
#3609=DIRECTION('',(-0.707106781186548,-0.707106781186548,0.));
#3610=DIRECTION('',(-0.707106781186548,-0.707106781186548,0.));
#3611=DIRECTION('center_axis',(0.,0.,1.));
#3612=DIRECTION('ref_axis',(1.,0.,0.));
#3613=DIRECTION('center_axis',(0.,0.,1.));
#3614=DIRECTION('ref_axis',(0.707106781186548,0.707106781186548,0.));
#3615=DIRECTION('',(0.,0.,-1.));
#3616=DIRECTION('center_axis',(0.,0.,1.));
#3617=DIRECTION('ref_axis',(0.707106781186548,0.707106781186548,0.));
#3618=DIRECTION('center_axis',(0.,0.,1.));
#3619=DIRECTION('ref_axis',(1.,0.,0.));
#3620=DIRECTION('',(-1.,0.,0.));
#3621=DIRECTION('',(0.,1.,0.));
#3622=DIRECTION('center_axis',(0.,0.,1.));
#3623=DIRECTION('ref_axis',(1.,0.,0.));
#3624=DIRECTION('center_axis',(0.,0.,1.));
#3625=DIRECTION('ref_axis',(1.,0.,0.));
#3626=DIRECTION('center_axis',(0.,0.,1.));
#3627=DIRECTION('ref_axis',(1.,0.,0.));
#3628=DIRECTION('',(1.,0.,0.));
#3629=DIRECTION('',(0.,1.,0.));
#3630=DIRECTION('',(-1.,0.,0.));
#3631=DIRECTION('',(0.,-1.,0.));
#3632=DIRECTION('',(1.,0.,0.));
#3633=DIRECTION('center_axis',(0.,0.,1.));
#3634=DIRECTION('ref_axis',(1.,0.,0.));
#3635=DIRECTION('center_axis',(0.,0.,1.));
#3636=DIRECTION('ref_axis',(1.,0.,0.));
#3637=DIRECTION('center_axis',(0.,0.,1.));
#3638=DIRECTION('ref_axis',(1.,0.,0.));
#3639=DIRECTION('center_axis',(0.,0.,1.));
#3640=DIRECTION('ref_axis',(1.,0.,0.));
#3641=DIRECTION('center_axis',(0.,0.,1.));
#3642=DIRECTION('ref_axis',(1.,0.,0.));
#3643=DIRECTION('center_axis',(0.,0.,1.));
#3644=DIRECTION('ref_axis',(1.,0.,0.));
#3645=DIRECTION('center_axis',(0.,0.,1.));
#3646=DIRECTION('ref_axis',(1.,0.,0.));
#3647=DIRECTION('center_axis',(0.,0.,1.));
#3648=DIRECTION('ref_axis',(1.,0.,0.));
#3649=DIRECTION('',(-1.,0.,0.));
#3650=DIRECTION('',(0.,-1.,0.));
#3651=DIRECTION('',(1.,0.,0.));
#3652=DIRECTION('',(0.,1.,0.));
#3653=DIRECTION('',(0.,1.,0.));
#3654=DIRECTION('',(0.,1.,0.));
#3655=DIRECTION('',(0.,-1.,0.));
#3656=DIRECTION('',(-1.,0.,0.));
#3657=DIRECTION('',(0.,-1.,0.));
#3658=DIRECTION('',(0.,-1.,0.));
#3659=DIRECTION('center_axis',(0.,0.,1.));
#3660=DIRECTION('ref_axis',(1.,0.,0.));
#3661=DIRECTION('center_axis',(0.,0.,1.));
#3662=DIRECTION('ref_axis',(1.,0.,0.));
#3663=DIRECTION('center_axis',(0.,-1.,0.));
#3664=DIRECTION('ref_axis',(1.,0.,0.));
#3665=DIRECTION('',(0.,0.,1.));
#3666=DIRECTION('',(1.,0.,0.));
#3667=DIRECTION('',(0.,0.,1.));
#3668=DIRECTION('center_axis',(-1.,0.,0.));
#3669=DIRECTION('ref_axis',(0.,-1.,0.));
#3670=DIRECTION('',(0.,-1.,0.));
#3671=DIRECTION('',(0.,0.,1.));
#3672=DIRECTION('center_axis',(0.,1.,0.));
#3673=DIRECTION('ref_axis',(-1.,0.,0.));
#3674=DIRECTION('',(-1.,0.,0.));
#3675=DIRECTION('',(0.,0.,1.));
#3676=DIRECTION('center_axis',(1.,0.,0.));
#3677=DIRECTION('ref_axis',(0.,1.,0.));
#3678=DIRECTION('',(0.,1.,0.));
#3679=DIRECTION('center_axis',(0.,0.,1.));
#3680=DIRECTION('ref_axis',(1.,0.,0.));
#3681=DIRECTION('center_axis',(0.,-1.,0.));
#3682=DIRECTION('ref_axis',(1.,0.,0.));
#3683=DIRECTION('',(0.,0.,1.));
#3684=DIRECTION('',(1.,0.,0.));
#3685=DIRECTION('',(0.,0.,1.));
#3686=DIRECTION('center_axis',(-1.,0.,0.));
#3687=DIRECTION('ref_axis',(0.,-1.,0.));
#3688=DIRECTION('',(0.,-1.,0.));
#3689=DIRECTION('',(0.,0.,1.));
#3690=DIRECTION('center_axis',(0.,1.,0.));
#3691=DIRECTION('ref_axis',(-1.,0.,0.));
#3692=DIRECTION('',(-1.,0.,0.));
#3693=DIRECTION('',(0.,0.,1.));
#3694=DIRECTION('center_axis',(1.,0.,0.));
#3695=DIRECTION('ref_axis',(0.,1.,0.));
#3696=DIRECTION('',(0.,1.,0.));
#3697=DIRECTION('center_axis',(0.,0.,1.));
#3698=DIRECTION('ref_axis',(1.,0.,0.));
#3699=DIRECTION('center_axis',(0.,-1.,0.));
#3700=DIRECTION('ref_axis',(1.,0.,0.));
#3701=DIRECTION('',(0.,0.,1.));
#3702=DIRECTION('',(1.,0.,0.));
#3703=DIRECTION('',(0.,0.,1.));
#3704=DIRECTION('center_axis',(-1.,0.,0.));
#3705=DIRECTION('ref_axis',(0.,-1.,0.));
#3706=DIRECTION('',(0.,-1.,0.));
#3707=DIRECTION('',(0.,0.,1.));
#3708=DIRECTION('center_axis',(0.,1.,0.));
#3709=DIRECTION('ref_axis',(-1.,0.,0.));
#3710=DIRECTION('',(-1.,0.,0.));
#3711=DIRECTION('',(0.,0.,1.));
#3712=DIRECTION('center_axis',(1.,0.,0.));
#3713=DIRECTION('ref_axis',(0.,1.,0.));
#3714=DIRECTION('',(0.,1.,0.));
#3715=DIRECTION('center_axis',(0.,0.,1.));
#3716=DIRECTION('ref_axis',(1.,0.,0.));
#3717=DIRECTION('center_axis',(0.,-1.,0.));
#3718=DIRECTION('ref_axis',(1.,0.,0.));
#3719=DIRECTION('',(0.,0.,1.));
#3720=DIRECTION('',(1.,0.,0.));
#3721=DIRECTION('',(0.,0.,1.));
#3722=DIRECTION('center_axis',(-1.,0.,0.));
#3723=DIRECTION('ref_axis',(0.,-1.,0.));
#3724=DIRECTION('',(0.,-1.,0.));
#3725=DIRECTION('',(0.,0.,1.));
#3726=DIRECTION('center_axis',(0.,1.,0.));
#3727=DIRECTION('ref_axis',(-1.,0.,0.));
#3728=DIRECTION('',(-1.,0.,0.));
#3729=DIRECTION('',(0.,0.,1.));
#3730=DIRECTION('center_axis',(1.,0.,0.));
#3731=DIRECTION('ref_axis',(0.,1.,0.));
#3732=DIRECTION('',(0.,1.,0.));
#3733=DIRECTION('center_axis',(0.,0.,1.));
#3734=DIRECTION('ref_axis',(1.,0.,0.));
#3735=DIRECTION('center_axis',(0.,-1.,0.));
#3736=DIRECTION('ref_axis',(1.,0.,0.));
#3737=DIRECTION('',(0.,0.,1.));
#3738=DIRECTION('',(1.,0.,0.));
#3739=DIRECTION('',(0.,0.,1.));
#3740=DIRECTION('center_axis',(-1.,0.,0.));
#3741=DIRECTION('ref_axis',(0.,-1.,0.));
#3742=DIRECTION('',(0.,-1.,0.));
#3743=DIRECTION('',(0.,0.,1.));
#3744=DIRECTION('center_axis',(0.,1.,0.));
#3745=DIRECTION('ref_axis',(-1.,0.,0.));
#3746=DIRECTION('',(-1.,0.,0.));
#3747=DIRECTION('',(0.,0.,1.));
#3748=DIRECTION('center_axis',(1.,0.,0.));
#3749=DIRECTION('ref_axis',(0.,1.,0.));
#3750=DIRECTION('',(0.,1.,0.));
#3751=DIRECTION('center_axis',(0.,0.,1.));
#3752=DIRECTION('ref_axis',(1.,0.,0.));
#3753=DIRECTION('center_axis',(0.,-1.,0.));
#3754=DIRECTION('ref_axis',(1.,0.,0.));
#3755=DIRECTION('',(0.,0.,1.));
#3756=DIRECTION('',(1.,0.,0.));
#3757=DIRECTION('',(0.,0.,1.));
#3758=DIRECTION('center_axis',(-1.,0.,0.));
#3759=DIRECTION('ref_axis',(0.,-1.,0.));
#3760=DIRECTION('',(0.,-1.,0.));
#3761=DIRECTION('',(0.,0.,1.));
#3762=DIRECTION('center_axis',(0.,1.,0.));
#3763=DIRECTION('ref_axis',(-1.,0.,0.));
#3764=DIRECTION('',(-1.,0.,0.));
#3765=DIRECTION('',(0.,0.,1.));
#3766=DIRECTION('center_axis',(1.,0.,0.));
#3767=DIRECTION('ref_axis',(0.,1.,0.));
#3768=DIRECTION('',(0.,1.,0.));
#3769=DIRECTION('center_axis',(0.,0.,1.));
#3770=DIRECTION('ref_axis',(1.,0.,0.));
#3771=DIRECTION('center_axis',(1.,0.,0.));
#3772=DIRECTION('ref_axis',(0.,1.,0.));
#3773=DIRECTION('center_axis',(0.,-0.707106781186548,0.707106781186548));
#3774=DIRECTION('ref_axis',(1.,0.,0.));
#3775=DIRECTION('',(0.577350269189626,-0.577350269189626,-0.577350269189626));
#3776=DIRECTION('',(1.,0.,0.));
#3777=DIRECTION('',(0.577350269189625,0.577350269189627,0.577350269189625));
#3778=DIRECTION('center_axis',(0.707106781186548,0.,0.707106781186548));
#3779=DIRECTION('ref_axis',(0.707106781186548,0.,-0.707106781186548));
#3780=DIRECTION('',(0.,1.,0.));
#3781=DIRECTION('',(-0.577350269189625,-0.577350269189627,0.577350269189625));
#3782=DIRECTION('center_axis',(-0.707106781186548,0.,0.707106781186548));
#3783=DIRECTION('ref_axis',(0.707106781186548,0.,0.707106781186548));
#3784=DIRECTION('',(0.,-1.,0.));
#3785=DIRECTION('',(0.577350269189627,-0.577350269189625,0.577350269189625));
#3786=DIRECTION('center_axis',(0.,0.707106781186548,0.707106781186548));
#3787=DIRECTION('ref_axis',(1.,0.,0.));
#3788=DIRECTION('',(-1.,0.,0.));
#3789=DIRECTION('center_axis',(1.,0.,0.));
#3790=DIRECTION('ref_axis',(0.,1.,0.));
#3791=DIRECTION('',(0.,0.,1.));
#3792=DIRECTION('',(0.,1.,0.));
#3793=DIRECTION('',(0.,0.,1.));
#3794=DIRECTION('center_axis',(0.,1.,0.));
#3795=DIRECTION('ref_axis',(-1.,0.,0.));
#3796=DIRECTION('',(0.,0.,1.));
#3797=DIRECTION('',(-1.,0.,0.));
#3798=DIRECTION('center_axis',(0.,0.,1.));
#3799=DIRECTION('ref_axis',(1.,0.,0.));
#3800=DIRECTION('',(0.707106781186547,8.65956056235493E-17,-0.707106781186548));
#3801=DIRECTION('center_axis',(0.,0.,-1.));
#3802=DIRECTION('ref_axis',(1.,0.,0.));
#3803=DIRECTION('center_axis',(0.,0.,1.));
#3804=DIRECTION('ref_axis',(1.,0.,0.));
#3805=DIRECTION('',(0.,0.,1.));
#3806=DIRECTION('center_axis',(0.,0.,1.));
#3807=DIRECTION('ref_axis',(1.,0.,0.));
#3808=DIRECTION('',(0.707106781186547,8.65956056235493E-17,-0.707106781186548));
#3809=DIRECTION('center_axis',(0.,1.,0.));
#3810=DIRECTION('ref_axis',(-1.,0.,0.));
#3811=DIRECTION('',(-1.,0.,0.));
#3812=DIRECTION('',(0.,0.,1.));
#3813=DIRECTION('',(0.,0.,1.));
#3814=DIRECTION('center_axis',(1.,0.,0.));
#3815=DIRECTION('ref_axis',(0.,1.,0.));
#3816=DIRECTION('',(0.,1.,0.));
#3817=DIRECTION('',(0.,0.,1.));
#3818=DIRECTION('center_axis',(0.,-1.,0.));
#3819=DIRECTION('ref_axis',(1.,0.,0.));
#3820=DIRECTION('',(1.,0.,0.));
#3821=DIRECTION('',(0.,0.,1.));
#3822=DIRECTION('center_axis',(-1.,0.,0.));
#3823=DIRECTION('ref_axis',(0.,-1.,0.));
#3824=DIRECTION('',(0.,-1.,0.));
#3825=DIRECTION('center_axis',(0.,0.,1.));
#3826=DIRECTION('ref_axis',(1.,0.,0.));
#3827=DIRECTION('center_axis',(0.,0.,1.));
#3828=DIRECTION('ref_axis',(1.,0.,0.));
#3829=DIRECTION('center_axis',(0.,0.,1.));
#3830=DIRECTION('ref_axis',(1.,0.,0.));
#3831=DIRECTION('',(1.,0.,0.));
#3832=DIRECTION('center_axis',(0.,1.,0.));
#3833=DIRECTION('ref_axis',(-1.,0.,0.));
#3834=DIRECTION('',(-1.,0.,0.));
#3835=DIRECTION('',(0.,0.,1.));
#3836=DIRECTION('',(0.,0.,1.));
#3837=DIRECTION('center_axis',(1.,0.,0.));
#3838=DIRECTION('ref_axis',(0.,1.,0.));
#3839=DIRECTION('',(0.,1.,0.));
#3840=DIRECTION('',(0.,0.,1.));
#3841=DIRECTION('center_axis',(0.,-1.,0.));
#3842=DIRECTION('ref_axis',(1.,0.,0.));
#3843=DIRECTION('',(1.,0.,0.));
#3844=DIRECTION('',(0.,0.,1.));
#3845=DIRECTION('center_axis',(-1.,0.,0.));
#3846=DIRECTION('ref_axis',(0.,-1.,0.));
#3847=DIRECTION('',(0.,-1.,0.));
#3848=DIRECTION('center_axis',(0.,0.,1.));
#3849=DIRECTION('ref_axis',(1.,0.,0.));
#3850=DIRECTION('center_axis',(0.,0.,1.));
#3851=DIRECTION('ref_axis',(1.,0.,0.));
#3852=DIRECTION('center_axis',(0.,0.,1.));
#3853=DIRECTION('ref_axis',(1.,0.,0.));
#3854=DIRECTION('',(0.,0.,1.));
#3855=DIRECTION('center_axis',(0.,0.,1.));
#3856=DIRECTION('ref_axis',(1.,0.,0.));
#3857=DIRECTION('center_axis',(0.,0.,1.));
#3858=DIRECTION('ref_axis',(1.,0.,0.));
#3859=DIRECTION('center_axis',(0.,0.,1.));
#3860=DIRECTION('ref_axis',(1.,0.,0.));
#3861=DIRECTION('center_axis',(0.,0.,1.));
#3862=DIRECTION('ref_axis',(1.,0.,0.));
#3863=DIRECTION('',(0.,0.,1.));
#3864=DIRECTION('center_axis',(0.,0.,1.));
#3865=DIRECTION('ref_axis',(1.,0.,0.));
#3866=DIRECTION('center_axis',(0.,0.,1.));
#3867=DIRECTION('ref_axis',(1.,0.,0.));
#3868=DIRECTION('center_axis',(0.,0.,1.));
#3869=DIRECTION('ref_axis',(1.,0.,0.));
#3870=DIRECTION('center_axis',(0.,0.,1.));
#3871=DIRECTION('ref_axis',(1.,0.,0.));
#3872=DIRECTION('',(0.,0.,1.));
#3873=DIRECTION('center_axis',(0.,0.,1.));
#3874=DIRECTION('ref_axis',(1.,0.,0.));
#3875=DIRECTION('center_axis',(0.,0.,1.));
#3876=DIRECTION('ref_axis',(1.,0.,0.));
#3877=DIRECTION('center_axis',(0.,0.,1.));
#3878=DIRECTION('ref_axis',(1.,0.,0.));
#3879=DIRECTION('center_axis',(0.,0.,1.));
#3880=DIRECTION('ref_axis',(1.,0.,0.));
#3881=DIRECTION('',(0.,0.,1.));
#3882=DIRECTION('center_axis',(0.,0.,1.));
#3883=DIRECTION('ref_axis',(1.,0.,0.));
#3884=DIRECTION('center_axis',(0.,0.,1.));
#3885=DIRECTION('ref_axis',(1.,0.,0.));
#3886=DIRECTION('center_axis',(0.,0.,1.));
#3887=DIRECTION('ref_axis',(1.,0.,0.));
#3888=DIRECTION('',(0.,0.,-1.));
#3889=DIRECTION('center_axis',(0.,0.,1.));
#3890=DIRECTION('ref_axis',(1.,0.,0.));
#3891=DIRECTION('center_axis',(0.,0.,1.));
#3892=DIRECTION('ref_axis',(1.,0.,0.));
#3893=DIRECTION('center_axis',(0.,0.,1.));
#3894=DIRECTION('ref_axis',(1.,0.,0.));
#3895=DIRECTION('',(0.,0.,-1.));
#3896=DIRECTION('center_axis',(0.,0.,1.));
#3897=DIRECTION('ref_axis',(1.,0.,0.));
#3898=DIRECTION('center_axis',(0.,0.,1.));
#3899=DIRECTION('ref_axis',(1.,0.,0.));
#3900=DIRECTION('center_axis',(0.,0.,1.));
#3901=DIRECTION('ref_axis',(1.,0.,0.));
#3902=DIRECTION('',(0.,0.,-1.));
#3903=DIRECTION('center_axis',(0.,0.,1.));
#3904=DIRECTION('ref_axis',(1.,0.,0.));
#3905=DIRECTION('center_axis',(0.,0.,1.));
#3906=DIRECTION('ref_axis',(1.,0.,0.));
#3907=DIRECTION('center_axis',(0.,0.,1.));
#3908=DIRECTION('ref_axis',(1.,0.,0.));
#3909=DIRECTION('',(0.,0.,-1.));
#3910=DIRECTION('center_axis',(0.,0.,1.));
#3911=DIRECTION('ref_axis',(1.,0.,0.));
#3912=DIRECTION('center_axis',(0.,0.,1.));
#3913=DIRECTION('ref_axis',(1.,0.,0.));
#3914=DIRECTION('center_axis',(0.,0.,1.));
#3915=DIRECTION('ref_axis',(1.,0.,0.));
#3916=DIRECTION('center_axis',(0.,0.,1.));
#3917=DIRECTION('ref_axis',(1.,0.,0.));
#3918=DIRECTION('',(0.,0.,1.));
#3919=DIRECTION('center_axis',(0.,0.,1.));
#3920=DIRECTION('ref_axis',(1.,0.,0.));
#3921=DIRECTION('center_axis',(0.,0.,1.));
#3922=DIRECTION('ref_axis',(1.,0.,0.));
#3923=DIRECTION('',(0.,0.,1.));
#3924=DIRECTION('center_axis',(0.,0.,1.));
#3925=DIRECTION('ref_axis',(1.,0.,0.));
#3926=DIRECTION('center_axis',(0.,0.,1.));
#3927=DIRECTION('ref_axis',(1.,0.,0.));
#3928=DIRECTION('',(0.,0.,1.));
#3929=DIRECTION('center_axis',(0.,0.,1.));
#3930=DIRECTION('ref_axis',(1.,0.,0.));
#3931=DIRECTION('center_axis',(0.,0.,1.));
#3932=DIRECTION('ref_axis',(1.,0.,0.));
#3933=DIRECTION('',(0.,0.,1.));
#3934=DIRECTION('center_axis',(0.,0.,1.));
#3935=DIRECTION('ref_axis',(1.,0.,0.));
#3936=DIRECTION('center_axis',(0.,0.,1.));
#3937=DIRECTION('ref_axis',(1.,0.,0.));
#3938=DIRECTION('',(0.,0.,1.));
#3939=DIRECTION('center_axis',(0.,0.,1.));
#3940=DIRECTION('ref_axis',(1.,0.,0.));
#3941=DIRECTION('center_axis',(0.,0.,1.));
#3942=DIRECTION('ref_axis',(1.,0.,0.));
#3943=DIRECTION('',(0.,0.,1.));
#3944=DIRECTION('center_axis',(0.,0.,1.));
#3945=DIRECTION('ref_axis',(1.,0.,0.));
#3946=DIRECTION('center_axis',(0.,0.,1.));
#3947=DIRECTION('ref_axis',(1.,0.,0.));
#3948=DIRECTION('',(0.,0.,1.));
#3949=DIRECTION('center_axis',(0.,0.,1.));
#3950=DIRECTION('ref_axis',(1.,0.,0.));
#3951=DIRECTION('',(0.,0.,1.));
#3952=DIRECTION('center_axis',(0.,0.,1.));
#3953=DIRECTION('ref_axis',(1.,0.,0.));
#3954=DIRECTION('center_axis',(0.,0.,1.));
#3955=DIRECTION('ref_axis',(1.,0.,0.));
#3956=DIRECTION('center_axis',(0.,0.,1.));
#3957=DIRECTION('ref_axis',(1.,0.,0.));
#3958=DIRECTION('center_axis',(0.,0.,1.));
#3959=DIRECTION('ref_axis',(1.,0.,0.));
#3960=DIRECTION('',(0.,0.,1.));
#3961=DIRECTION('center_axis',(0.,0.,-1.));
#3962=DIRECTION('ref_axis',(1.,0.,0.));
#3963=DIRECTION('center_axis',(0.,0.,1.));
#3964=DIRECTION('ref_axis',(1.,0.,0.));
#3965=DIRECTION('center_axis',(0.,0.,1.));
#3966=DIRECTION('ref_axis',(1.,0.,0.));
#3967=DIRECTION('',(0.,0.,-1.));
#3968=DIRECTION('center_axis',(0.,0.,1.));
#3969=DIRECTION('ref_axis',(1.,0.,0.));
#3970=DIRECTION('center_axis',(0.,0.,1.));
#3971=DIRECTION('ref_axis',(1.,0.,0.));
#3972=DIRECTION('center_axis',(0.,0.,1.));
#3973=DIRECTION('ref_axis',(1.,0.,0.));
#3974=DIRECTION('center_axis',(0.,0.,-1.));
#3975=DIRECTION('ref_axis',(1.,0.,0.));
#3976=DIRECTION('',(0.,0.,-1.));
#3977=DIRECTION('center_axis',(0.,0.,-1.));
#3978=DIRECTION('ref_axis',(1.,0.,0.));
#3979=DIRECTION('center_axis',(0.,0.,1.));
#3980=DIRECTION('ref_axis',(1.,0.,0.));
#3981=DIRECTION('center_axis',(0.,0.,1.));
#3982=DIRECTION('ref_axis',(1.,0.,0.));
#3983=DIRECTION('',(0.,0.,-1.));
#3984=DIRECTION('center_axis',(0.,0.,1.));
#3985=DIRECTION('ref_axis',(1.,0.,0.));
#3986=DIRECTION('center_axis',(0.,0.,1.));
#3987=DIRECTION('ref_axis',(1.,0.,0.));
#3988=DIRECTION('center_axis',(0.,0.,1.));
#3989=DIRECTION('ref_axis',(1.,0.,0.));
#3990=DIRECTION('center_axis',(0.,0.,1.));
#3991=DIRECTION('ref_axis',(1.,0.,0.));
#3992=DIRECTION('center_axis',(0.,0.,1.));
#3993=DIRECTION('ref_axis',(1.,0.,0.));
#3994=DIRECTION('center_axis',(0.,0.,-1.));
#3995=DIRECTION('ref_axis',(1.,0.,0.));
#3996=DIRECTION('',(0.,0.,-1.));
#3997=DIRECTION('center_axis',(0.,0.,-1.));
#3998=DIRECTION('ref_axis',(1.,0.,0.));
#3999=DIRECTION('center_axis',(0.,0.,1.));
#4000=DIRECTION('ref_axis',(1.,0.,0.));
#4001=DIRECTION('center_axis',(0.,0.,1.));
#4002=DIRECTION('ref_axis',(1.,0.,0.));
#4003=DIRECTION('',(0.,0.,-1.));
#4004=DIRECTION('center_axis',(0.,0.,1.));
#4005=DIRECTION('ref_axis',(1.,0.,0.));
#4006=DIRECTION('center_axis',(0.,0.,1.));
#4007=DIRECTION('ref_axis',(1.,0.,0.));
#4008=DIRECTION('center_axis',(0.,0.,1.));
#4009=DIRECTION('ref_axis',(1.,0.,0.));
#4010=DIRECTION('center_axis',(0.,0.,1.));
#4011=DIRECTION('ref_axis',(1.,0.,0.));
#4012=DIRECTION('center_axis',(0.,0.,1.));
#4013=DIRECTION('ref_axis',(1.,0.,0.));
#4014=DIRECTION('center_axis',(0.,0.,-1.));
#4015=DIRECTION('ref_axis',(1.,0.,0.));
#4016=DIRECTION('',(0.,0.,-1.));
#4017=DIRECTION('center_axis',(0.,0.,-1.));
#4018=DIRECTION('ref_axis',(1.,0.,0.));
#4019=DIRECTION('center_axis',(0.,0.,1.));
#4020=DIRECTION('ref_axis',(1.,0.,0.));
#4021=DIRECTION('center_axis',(0.,0.,1.));
#4022=DIRECTION('ref_axis',(1.,0.,0.));
#4023=DIRECTION('',(0.,0.,-1.));
#4024=DIRECTION('center_axis',(0.,0.,1.));
#4025=DIRECTION('ref_axis',(1.,0.,0.));
#4026=DIRECTION('center_axis',(0.,0.,1.));
#4027=DIRECTION('ref_axis',(1.,0.,0.));
#4028=DIRECTION('center_axis',(0.,0.,1.));
#4029=DIRECTION('ref_axis',(1.,0.,0.));
#4030=DIRECTION('center_axis',(0.,0.,1.));
#4031=DIRECTION('ref_axis',(1.,0.,0.));
#4032=DIRECTION('center_axis',(0.,0.,1.));
#4033=DIRECTION('ref_axis',(1.,0.,0.));
#4034=DIRECTION('center_axis',(0.,0.,-1.));
#4035=DIRECTION('ref_axis',(1.,0.,0.));
#4036=DIRECTION('',(0.,0.,-1.));
#4037=DIRECTION('center_axis',(0.,0.,-1.));
#4038=DIRECTION('ref_axis',(1.,0.,0.));
#4039=DIRECTION('center_axis',(0.,0.,1.));
#4040=DIRECTION('ref_axis',(1.,0.,0.));
#4041=DIRECTION('center_axis',(0.,0.,1.));
#4042=DIRECTION('ref_axis',(1.,0.,0.));
#4043=DIRECTION('',(0.,0.,-1.));
#4044=DIRECTION('center_axis',(0.,0.,1.));
#4045=DIRECTION('ref_axis',(1.,0.,0.));
#4046=DIRECTION('center_axis',(0.,0.,1.));
#4047=DIRECTION('ref_axis',(1.,0.,0.));
#4048=DIRECTION('center_axis',(0.,0.,1.));
#4049=DIRECTION('ref_axis',(1.,0.,0.));
#4050=DIRECTION('center_axis',(0.,0.,1.));
#4051=DIRECTION('ref_axis',(1.,0.,0.));
#4052=DIRECTION('center_axis',(0.,0.,1.));
#4053=DIRECTION('ref_axis',(1.,0.,0.));
#4054=DIRECTION('center_axis',(0.,0.,1.));
#4055=DIRECTION('ref_axis',(1.,0.,0.));
#4056=DIRECTION('',(0.,0.,1.));
#4057=DIRECTION('center_axis',(0.,0.,-1.));
#4058=DIRECTION('ref_axis',(1.,0.,0.));
#4059=DIRECTION('center_axis',(0.,0.,1.));
#4060=DIRECTION('ref_axis',(1.,0.,0.));
#4061=DIRECTION('center_axis',(0.,0.,1.));
#4062=DIRECTION('ref_axis',(1.,0.,0.));
#4063=DIRECTION('',(0.,0.,1.));
#4064=DIRECTION('center_axis',(0.,0.,-1.));
#4065=DIRECTION('ref_axis',(1.,0.,0.));
#4066=DIRECTION('center_axis',(0.,0.,1.));
#4067=DIRECTION('ref_axis',(1.,0.,0.));
#4068=DIRECTION('center_axis',(0.,0.,1.));
#4069=DIRECTION('ref_axis',(1.,0.,0.));
#4070=DIRECTION('',(0.,0.,1.));
#4071=DIRECTION('center_axis',(0.,0.,-1.));
#4072=DIRECTION('ref_axis',(1.,0.,0.));
#4073=DIRECTION('center_axis',(0.,0.,1.));
#4074=DIRECTION('ref_axis',(1.,0.,0.));
#4075=DIRECTION('center_axis',(0.,0.,1.));
#4076=DIRECTION('ref_axis',(1.,0.,0.));
#4077=DIRECTION('',(0.,0.,1.));
#4078=DIRECTION('center_axis',(0.,0.,-1.));
#4079=DIRECTION('ref_axis',(1.,0.,0.));
#4080=DIRECTION('center_axis',(0.,0.,1.));
#4081=DIRECTION('ref_axis',(1.,0.,0.));
#4082=DIRECTION('center_axis',(0.,0.,1.));
#4083=DIRECTION('ref_axis',(1.,0.,0.));
#4084=DIRECTION('',(-0.707106781186547,-8.65956056235493E-17,0.707106781186548));
#4085=DIRECTION('center_axis',(0.,0.,1.));
#4086=DIRECTION('ref_axis',(1.,0.,0.));
#4087=DIRECTION('center_axis',(0.,0.,1.));
#4088=DIRECTION('ref_axis',(1.,0.,0.));
#4089=DIRECTION('center_axis',(0.,0.,1.));
#4090=DIRECTION('ref_axis',(1.,0.,0.));
#4091=DIRECTION('',(-0.707106781186547,-8.65956056235493E-17,0.707106781186548));
#4092=DIRECTION('center_axis',(0.,0.,1.));
#4093=DIRECTION('ref_axis',(1.,0.,0.));
#4094=DIRECTION('center_axis',(0.,0.,1.));
#4095=DIRECTION('ref_axis',(1.,0.,0.));
#4096=DIRECTION('center_axis',(0.,0.,1.));
#4097=DIRECTION('ref_axis',(1.,0.,0.));
#4098=DIRECTION('',(-0.707106781186547,-8.65956056235493E-17,0.707106781186548));
#4099=DIRECTION('center_axis',(0.,0.,1.));
#4100=DIRECTION('ref_axis',(1.,0.,0.));
#4101=DIRECTION('center_axis',(0.,0.,1.));
#4102=DIRECTION('ref_axis',(1.,0.,0.));
#4103=DIRECTION('center_axis',(0.,0.,1.));
#4104=DIRECTION('ref_axis',(1.,0.,0.));
#4105=DIRECTION('',(-0.707106781186547,-8.65956056235493E-17,0.707106781186548));
#4106=DIRECTION('center_axis',(0.,0.,1.));
#4107=DIRECTION('ref_axis',(1.,0.,0.));
#4108=DIRECTION('center_axis',(0.,0.,1.));
#4109=DIRECTION('ref_axis',(1.,0.,0.));
#4110=DIRECTION('',(0.,0.,-1.));
#4111=DIRECTION('center_axis',(0.,0.,1.));
#4112=DIRECTION('ref_axis',(1.,0.,0.));
#4113=DIRECTION('center_axis',(0.,0.,1.));
#4114=DIRECTION('ref_axis',(1.,0.,0.));
#4115=DIRECTION('',(0.,0.,-1.));
#4116=DIRECTION('center_axis',(0.,0.,1.));
#4117=DIRECTION('ref_axis',(1.,0.,0.));
#4118=DIRECTION('center_axis',(0.,0.,1.));
#4119=DIRECTION('ref_axis',(1.,0.,0.));
#4120=DIRECTION('',(0.,0.,-1.));
#4121=DIRECTION('center_axis',(0.,0.,1.));
#4122=DIRECTION('ref_axis',(1.,0.,0.));
#4123=DIRECTION('center_axis',(0.,0.,1.));
#4124=DIRECTION('ref_axis',(1.,0.,0.));
#4125=DIRECTION('',(0.,0.,-1.));
#4126=DIRECTION('center_axis',(0.,0.,1.));
#4127=DIRECTION('ref_axis',(1.,0.,0.));
#4128=DIRECTION('center_axis',(0.,-1.,0.));
#4129=DIRECTION('ref_axis',(1.,0.,0.));
#4130=DIRECTION('',(1.,0.,0.));
#4131=DIRECTION('',(0.,0.,1.));
#4132=DIRECTION('center_axis',(-1.,0.,0.));
#4133=DIRECTION('ref_axis',(0.,-1.,0.));
#4134=DIRECTION('',(0.,-1.,0.));
#4135=DIRECTION('center_axis',(0.,1.,0.));
#4136=DIRECTION('ref_axis',(-1.,0.,0.));
#4137=DIRECTION('',(0.,0.,1.));
#4138=DIRECTION('',(-1.,0.,0.));
#4139=DIRECTION('',(0.,0.,1.));
#4140=DIRECTION('center_axis',(-1.,0.,0.));
#4141=DIRECTION('ref_axis',(0.,-1.,0.));
#4142=DIRECTION('',(0.,-1.,0.));
#4143=DIRECTION('center_axis',(0.,0.,1.));
#4144=DIRECTION('ref_axis',(1.,0.,0.));
#4145=DIRECTION('',(0.,-1.,0.));
#4146=DIRECTION('center_axis',(1.,0.,0.));
#4147=DIRECTION('ref_axis',(0.,1.,0.));
#4148=DIRECTION('',(0.,1.,0.));
#4149=DIRECTION('',(0.,0.,1.));
#4150=DIRECTION('',(0.,-1.,0.));
#4151=DIRECTION('',(0.,0.,-1.));
#4152=DIRECTION('center_axis',(1.,0.,0.));
#4153=DIRECTION('ref_axis',(0.,1.,0.));
#4154=DIRECTION('',(0.,0.,1.));
#4155=DIRECTION('center_axis',(0.,-1.,0.));
#4156=DIRECTION('ref_axis',(1.,0.,0.));
#4157=DIRECTION('',(1.,0.,0.));
#4158=DIRECTION('',(0.,0.,1.));
#4159=DIRECTION('center_axis',(-1.,0.,0.));
#4160=DIRECTION('ref_axis',(0.,-1.,0.));
#4161=DIRECTION('',(0.,-1.,0.));
#4162=DIRECTION('',(0.,0.,1.));
#4163=DIRECTION('center_axis',(0.,0.,1.));
#4164=DIRECTION('ref_axis',(1.,0.,0.));
#4165=DIRECTION('',(1.,0.,0.));
#4166=DIRECTION('center_axis',(0.,1.,0.));
#4167=DIRECTION('ref_axis',(-1.,0.,0.));
#4168=DIRECTION('',(-1.,0.,0.));
#4169=DIRECTION('',(0.,0.,1.));
#4170=DIRECTION('center_axis',(-1.,0.,0.));
#4171=DIRECTION('ref_axis',(0.,-1.,0.));
#4172=DIRECTION('',(0.,-1.,0.));
#4173=DIRECTION('center_axis',(0.,0.,1.));
#4174=DIRECTION('ref_axis',(1.,0.,0.));
#4175=DIRECTION('center_axis',(0.,1.,0.));
#4176=DIRECTION('ref_axis',(-1.,0.,0.));
#4177=CARTESIAN_POINT('',(0.,0.,0.));
#4178=CARTESIAN_POINT('Origin',(-2.8,2.8,2.55));
#4179=CARTESIAN_POINT('',(-4.1,2.8,2.55));
#4180=CARTESIAN_POINT('Origin',(-2.8,2.8,2.55));
#4181=CARTESIAN_POINT('',(-4.1,2.8,2.6));
#4182=CARTESIAN_POINT('',(-4.1,2.8,2.55));
#4183=CARTESIAN_POINT('Origin',(-2.8,2.8,2.6));
#4184=CARTESIAN_POINT('Origin',(-2.8,2.8,2.55));
#4185=CARTESIAN_POINT('',(-3.9,2.8,2.55));
#4186=CARTESIAN_POINT('Origin',(-2.8,2.8,2.55));
#4187=CARTESIAN_POINT('Origin',(2.8,-2.8,2.55));
#4188=CARTESIAN_POINT('',(1.5,-2.8,2.55));
#4189=CARTESIAN_POINT('Origin',(2.8,-2.8,2.55));
#4190=CARTESIAN_POINT('',(1.5,-2.8,2.6));
#4191=CARTESIAN_POINT('',(1.5,-2.8,2.55));
#4192=CARTESIAN_POINT('Origin',(2.8,-2.8,2.6));
#4193=CARTESIAN_POINT('Origin',(2.8,-2.8,2.55));
#4194=CARTESIAN_POINT('',(1.7,-2.8,2.55));
#4195=CARTESIAN_POINT('Origin',(2.8,-2.8,2.55));
#4196=CARTESIAN_POINT('Origin',(2.8,2.8,2.55));
#4197=CARTESIAN_POINT('',(1.5,2.8,2.55));
#4198=CARTESIAN_POINT('Origin',(2.8,2.8,2.55));
#4199=CARTESIAN_POINT('',(1.5,2.8,2.6));
#4200=CARTESIAN_POINT('',(1.5,2.8,2.55));
#4201=CARTESIAN_POINT('Origin',(2.8,2.8,2.6));
#4202=CARTESIAN_POINT('Origin',(2.8,2.8,2.55));
#4203=CARTESIAN_POINT('',(1.7,2.8,2.55));
#4204=CARTESIAN_POINT('Origin',(2.8,2.8,2.55));
#4205=CARTESIAN_POINT('Origin',(-2.8,-2.8,2.55));
#4206=CARTESIAN_POINT('',(-4.1,-2.8,2.55));
#4207=CARTESIAN_POINT('Origin',(-2.8,-2.8,2.55));
#4208=CARTESIAN_POINT('',(-4.1,-2.8,2.6));
#4209=CARTESIAN_POINT('',(-4.1,-2.8,2.55));
#4210=CARTESIAN_POINT('Origin',(-2.8,-2.8,2.6));
#4211=CARTESIAN_POINT('Origin',(-2.8,-2.8,2.55));
#4212=CARTESIAN_POINT('',(-3.9,-2.8,2.55));
#4213=CARTESIAN_POINT('Origin',(-2.8,-2.8,2.55));
#4214=CARTESIAN_POINT('Origin',(2.47,-1.71,2.085));
#4215=CARTESIAN_POINT('',(2.47,-1.9,2.2));
#4216=CARTESIAN_POINT('',(2.47,-1.2,2.2));
#4217=CARTESIAN_POINT('',(2.47,-0.855,2.2));
#4218=CARTESIAN_POINT('',(2.47,-1.9,2.045));
#4219=CARTESIAN_POINT('',(2.47,-1.9,2.045));
#4220=CARTESIAN_POINT('',(2.47,-1.2,2.045));
#4221=CARTESIAN_POINT('',(2.47,-1.9,2.045));
#4222=CARTESIAN_POINT('',(2.47,-1.2,2.085));
#4223=CARTESIAN_POINT('Origin',(0.,-2.6,2.03));
#4224=CARTESIAN_POINT('',(-0.75,-2.6,2.03));
#4225=CARTESIAN_POINT('Origin',(0.,-2.6,2.03));
#4226=CARTESIAN_POINT('',(-0.75,-2.6,2.5));
#4227=CARTESIAN_POINT('',(-0.75,-2.6,2.03));
#4228=CARTESIAN_POINT('Origin',(0.,-2.6,2.5));
#4229=CARTESIAN_POINT('Origin',(-3.3,-1.71,2.19));
#4230=CARTESIAN_POINT('',(2.47,-1.71,2.205));
#4231=CARTESIAN_POINT('',(2.47,-1.71,2.48));
#4232=CARTESIAN_POINT('',(2.47,-1.71,2.19));
#4233=CARTESIAN_POINT('',(-2.47,-1.71,2.205));
#4234=CARTESIAN_POINT('',(-1.65,-1.71,2.205));
#4235=CARTESIAN_POINT('',(-2.47,-1.71,2.2));
#4236=CARTESIAN_POINT('',(-2.47,-1.71,2.1375));
#4237=CARTESIAN_POINT('',(-3.3,-1.71,2.2));
#4238=CARTESIAN_POINT('',(-1.65,-1.71,2.2));
#4239=CARTESIAN_POINT('',(-3.3,-1.71,2.48));
#4240=CARTESIAN_POINT('',(-3.3,-1.71,2.19));
#4241=CARTESIAN_POINT('',(-3.3,-1.71,2.48));
#4242=CARTESIAN_POINT('Origin',(-2.47,-1.9,2.045));
#4243=CARTESIAN_POINT('',(-2.47,-1.9,2.045));
#4244=CARTESIAN_POINT('',(-2.47,-1.9,2.2));
#4245=CARTESIAN_POINT('',(-2.47,-1.9,2.045));
#4246=CARTESIAN_POINT('',(-0.565685424949238,-1.9,2.045));
#4247=CARTESIAN_POINT('',(-2.47,-1.9,2.045));
#4248=CARTESIAN_POINT('',(-0.565685424949238,-1.9,2.2));
#4249=CARTESIAN_POINT('',(-0.565685424949238,-1.9,1.93));
#4250=CARTESIAN_POINT('',(-1.235,-1.9,2.2));
#4251=CARTESIAN_POINT('Origin',(0.,-1.55,2.045));
#4252=CARTESIAN_POINT('',(0.565685424949238,-1.9,2.045));
#4253=CARTESIAN_POINT('Origin',(0.,-2.6,2.045));
#4254=CARTESIAN_POINT('',(-2.47,-1.2,2.045));
#4255=CARTESIAN_POINT('',(-2.47,-1.2,2.045));
#4256=CARTESIAN_POINT('',(2.47,-1.2,2.045));
#4257=CARTESIAN_POINT('',(-2.47,-1.9,2.045));
#4258=CARTESIAN_POINT('Origin',(-2.47,-1.9,2.045));
#4259=CARTESIAN_POINT('',(0.565685424949238,-1.9,2.2));
#4260=CARTESIAN_POINT('',(0.565685424949238,-1.9,1.93));
#4261=CARTESIAN_POINT('',(-1.235,-1.9,2.2));
#4262=CARTESIAN_POINT('Origin',(2.47,1.9,2.045));
#4263=CARTESIAN_POINT('',(2.47,1.9,2.045));
#4264=CARTESIAN_POINT('',(2.47,1.9,2.2));
#4265=CARTESIAN_POINT('',(2.47,1.9,2.045));
#4266=CARTESIAN_POINT('',(-2.47,1.9,2.045));
#4267=CARTESIAN_POINT('',(2.47,1.9,2.045));
#4268=CARTESIAN_POINT('',(-2.47,1.9,2.2));
#4269=CARTESIAN_POINT('',(-2.47,1.9,2.045));
#4270=CARTESIAN_POINT('',(1.235,1.9,2.2));
#4271=CARTESIAN_POINT('Origin',(0.,1.55,2.045));
#4272=CARTESIAN_POINT('',(-2.47,1.2,2.045));
#4273=CARTESIAN_POINT('',(-2.47,1.9,2.045));
#4274=CARTESIAN_POINT('',(2.47,1.2,2.045));
#4275=CARTESIAN_POINT('',(2.47,1.2,2.045));
#4276=CARTESIAN_POINT('',(-2.47,1.2,2.045));
#4277=CARTESIAN_POINT('Ctrl Pts',(4.25,4.25,2.6));
#4278=CARTESIAN_POINT('Ctrl Pts',(4.31731984257692,4.26121997376282,2.6));
#4279=CARTESIAN_POINT('Ctrl Pts',(4.42913781071662,4.2798563017861,2.56067644734662));
#4280=CARTESIAN_POINT('Ctrl Pts',(4.51513472036989,4.29418912006165,2.45252359914663));
#4281=CARTESIAN_POINT('Ctrl Pts',(4.54492425963832,4.29915404327305,2.36731265725421));
#4282=CARTESIAN_POINT('Ctrl Pts',(4.55,4.3,2.32243994752564));
#4283=CARTESIAN_POINT('Ctrl Pts',(4.55,4.3,2.3));
#4284=CARTESIAN_POINT('Ctrl Pts',(4.25,4.25,2.6));
#4285=CARTESIAN_POINT('Ctrl Pts',(4.306634153279,4.27190566306074,2.6));
#4286=CARTESIAN_POINT('Ctrl Pts',(4.40124612300388,4.30830664561481,2.5759533402584));
#4287=CARTESIAN_POINT('Ctrl Pts',(4.50017016472745,4.35096345048414,2.48114403298843));
#4288=CARTESIAN_POINT('Ctrl Pts',(4.54235318459761,4.37103434844076,2.3841836558404));
#4289=CARTESIAN_POINT('Ctrl Pts',(4.55,4.37479982508547,2.32812039692936));
#4290=CARTESIAN_POINT('Ctrl Pts',(4.55,4.37479982508547,2.3));
#4291=CARTESIAN_POINT('Ctrl Pts',(4.25,4.25,2.6));
#4292=CARTESIAN_POINT('Ctrl Pts',(4.28793419700763,4.29060561933211,2.6));
#4293=CARTESIAN_POINT('Ctrl Pts',(4.35143368846038,4.35871641463135,2.58734354583268));
#4294=CARTESIAN_POINT('Ctrl Pts',(4.43653111669312,4.45023471427359,2.50494082002596));
#4295=CARTESIAN_POINT('Ctrl Pts',(4.47895489190477,4.4955482806983,2.39877523473483));
#4296=CARTESIAN_POINT('Ctrl Pts',(4.48714153618282,4.50426939624873,2.33300317663911));
#4297=CARTESIAN_POINT('Ctrl Pts',(4.48714153618282,4.50426939624873,2.3));
#4298=CARTESIAN_POINT('Ctrl Pts',(4.25,4.25,2.6));
#4299=CARTESIAN_POINT('Ctrl Pts',(4.26923424073626,4.30930557560348,2.6));
#4300=CARTESIAN_POINT('Ctrl Pts',(4.30139365978329,4.40842773015258,2.5721851319211));
#4301=CARTESIAN_POINT('Ctrl Pts',(4.33690829184403,4.50405515095478,2.47379605604324));
#4302=CARTESIAN_POINT('Ctrl Pts',(4.35304944504314,4.54298025495194,2.37981039259681));
#4303=CARTESIAN_POINT('Ctrl Pts',(4.3560998688141,4.55,2.32663946178067));
#4304=CARTESIAN_POINT('Ctrl Pts',(4.3560998688141,4.55,2.3));
#4305=CARTESIAN_POINT('Ctrl Pts',(4.25,4.25,2.6));
#4306=CARTESIAN_POINT('Ctrl Pts',(4.26121997376282,4.31731984257692,2.6));
#4307=CARTESIAN_POINT('Ctrl Pts',(4.2798563017861,4.42913781071662,2.56067644734662));
#4308=CARTESIAN_POINT('Ctrl Pts',(4.29418912006165,4.5151347203699,2.45252359914663));
#4309=CARTESIAN_POINT('Ctrl Pts',(4.29915404327305,4.54492425963832,2.36731265725421));
#4310=CARTESIAN_POINT('Ctrl Pts',(4.3,4.55,2.32243994752564));
#4311=CARTESIAN_POINT('Ctrl Pts',(4.3,4.55,2.3));
#4312=CARTESIAN_POINT('',(4.55,4.3,2.3));
#4313=CARTESIAN_POINT('',(4.51595320997279,4.42595320997279,2.3));
#4314=CARTESIAN_POINT('Origin',(4.3,4.3,2.3));
#4315=CARTESIAN_POINT('',(4.42595320997279,4.51595320997279,2.3));
#4316=CARTESIAN_POINT('Origin',(4.3,4.3,2.3));
#4317=CARTESIAN_POINT('',(4.3,4.55,2.3));
#4318=CARTESIAN_POINT('Origin',(4.3,4.3,2.3));
#4319=CARTESIAN_POINT('',(4.25,4.25,2.6));
#4320=CARTESIAN_POINT('Origin',(4.25,4.25,2.3));
#4321=CARTESIAN_POINT('Origin',(4.25,4.25,2.3));
#4322=CARTESIAN_POINT('Ctrl Pts',(4.25,-4.25,2.6));
#4323=CARTESIAN_POINT('Ctrl Pts',(4.26121997376282,-4.31731984257692,2.6));
#4324=CARTESIAN_POINT('Ctrl Pts',(4.2798563017861,-4.42913781071662,2.56067644734662));
#4325=CARTESIAN_POINT('Ctrl Pts',(4.29418912006165,-4.51513472036989,2.45252359914663));
#4326=CARTESIAN_POINT('Ctrl Pts',(4.29915404327305,-4.54492425963832,2.36731265725421));
#4327=CARTESIAN_POINT('Ctrl Pts',(4.3,-4.55,2.32243994752564));
#4328=CARTESIAN_POINT('Ctrl Pts',(4.3,-4.55,2.3));
#4329=CARTESIAN_POINT('Ctrl Pts',(4.25,-4.25,2.6));
#4330=CARTESIAN_POINT('Ctrl Pts',(4.27190566306074,-4.306634153279,2.6));
#4331=CARTESIAN_POINT('Ctrl Pts',(4.30830664561481,-4.40124612300388,2.5759533402584));
#4332=CARTESIAN_POINT('Ctrl Pts',(4.35096345048414,-4.50017016472745,2.48114403298843));
#4333=CARTESIAN_POINT('Ctrl Pts',(4.37103434844076,-4.54235318459761,2.3841836558404));
#4334=CARTESIAN_POINT('Ctrl Pts',(4.37479982508547,-4.55,2.32812039692936));
#4335=CARTESIAN_POINT('Ctrl Pts',(4.37479982508547,-4.55,2.3));
#4336=CARTESIAN_POINT('Ctrl Pts',(4.25,-4.25,2.6));
#4337=CARTESIAN_POINT('Ctrl Pts',(4.29060561933211,-4.28793419700763,2.6));
#4338=CARTESIAN_POINT('Ctrl Pts',(4.35871641463135,-4.35143368846038,2.58734354583268));
#4339=CARTESIAN_POINT('Ctrl Pts',(4.45023471427359,-4.43653111669312,2.50494082002596));
#4340=CARTESIAN_POINT('Ctrl Pts',(4.4955482806983,-4.47895489190477,2.39877523473483));
#4341=CARTESIAN_POINT('Ctrl Pts',(4.50426939624873,-4.48714153618282,2.33300317663911));
#4342=CARTESIAN_POINT('Ctrl Pts',(4.50426939624873,-4.48714153618282,2.3));
#4343=CARTESIAN_POINT('Ctrl Pts',(4.25,-4.25,2.6));
#4344=CARTESIAN_POINT('Ctrl Pts',(4.30930557560348,-4.26923424073626,2.6));
#4345=CARTESIAN_POINT('Ctrl Pts',(4.40842773015258,-4.30139365978329,2.5721851319211));
#4346=CARTESIAN_POINT('Ctrl Pts',(4.50405515095478,-4.33690829184403,2.47379605604324));
#4347=CARTESIAN_POINT('Ctrl Pts',(4.54298025495194,-4.35304944504314,2.37981039259681));
#4348=CARTESIAN_POINT('Ctrl Pts',(4.55,-4.3560998688141,2.32663946178067));
#4349=CARTESIAN_POINT('Ctrl Pts',(4.55,-4.3560998688141,2.3));
#4350=CARTESIAN_POINT('Ctrl Pts',(4.25,-4.25,2.6));
#4351=CARTESIAN_POINT('Ctrl Pts',(4.31731984257692,-4.26121997376282,2.6));
#4352=CARTESIAN_POINT('Ctrl Pts',(4.42913781071662,-4.2798563017861,2.56067644734662));
#4353=CARTESIAN_POINT('Ctrl Pts',(4.5151347203699,-4.29418912006165,2.45252359914663));
#4354=CARTESIAN_POINT('Ctrl Pts',(4.54492425963832,-4.29915404327305,2.36731265725421));
#4355=CARTESIAN_POINT('Ctrl Pts',(4.55,-4.3,2.32243994752564));
#4356=CARTESIAN_POINT('Ctrl Pts',(4.55,-4.3,2.3));
#4357=CARTESIAN_POINT('',(4.3,-4.55,2.3));
#4358=CARTESIAN_POINT('',(4.42595320997279,-4.51595320997279,2.3));
#4359=CARTESIAN_POINT('Origin',(4.3,-4.3,2.3));
#4360=CARTESIAN_POINT('',(4.51595320997279,-4.42595320997279,2.3));
#4361=CARTESIAN_POINT('Origin',(4.3,-4.3,2.3));
#4362=CARTESIAN_POINT('',(4.55,-4.3,2.3));
#4363=CARTESIAN_POINT('Origin',(4.3,-4.3,2.3));
#4364=CARTESIAN_POINT('',(4.25,-4.25,2.6));
#4365=CARTESIAN_POINT('Origin',(4.25,-4.25,2.3));
#4366=CARTESIAN_POINT('Origin',(4.25,-4.25,2.3));
#4367=CARTESIAN_POINT('Origin',(4.25,-2.275,2.3));
#4368=CARTESIAN_POINT('',(4.25,-2.275,2.6));
#4369=CARTESIAN_POINT('',(4.55,-2.275,2.3));
#4370=CARTESIAN_POINT('Ctrl Pts',(-4.25,-4.25,2.6));
#4371=CARTESIAN_POINT('Ctrl Pts',(-4.31731984257692,-4.26121997376282,2.6));
#4372=CARTESIAN_POINT('Ctrl Pts',(-4.42913781071662,-4.2798563017861,2.56067644734662));
#4373=CARTESIAN_POINT('Ctrl Pts',(-4.51513472036989,-4.29418912006165,2.45252359914663));
#4374=CARTESIAN_POINT('Ctrl Pts',(-4.54492425963832,-4.29915404327305,2.36731265725421));
#4375=CARTESIAN_POINT('Ctrl Pts',(-4.55,-4.3,2.32243994752564));
#4376=CARTESIAN_POINT('Ctrl Pts',(-4.55,-4.3,2.3));
#4377=CARTESIAN_POINT('Ctrl Pts',(-4.25,-4.25,2.6));
#4378=CARTESIAN_POINT('Ctrl Pts',(-4.306634153279,-4.27190566306074,2.6));
#4379=CARTESIAN_POINT('Ctrl Pts',(-4.40124612300388,-4.30830664561481,2.5759533402584));
#4380=CARTESIAN_POINT('Ctrl Pts',(-4.50017016472745,-4.35096345048414,2.48114403298843));
#4381=CARTESIAN_POINT('Ctrl Pts',(-4.54235318459761,-4.37103434844076,2.3841836558404));
#4382=CARTESIAN_POINT('Ctrl Pts',(-4.55,-4.37479982508547,2.32812039692936));
#4383=CARTESIAN_POINT('Ctrl Pts',(-4.55,-4.37479982508547,2.3));
#4384=CARTESIAN_POINT('Ctrl Pts',(-4.25,-4.25,2.6));
#4385=CARTESIAN_POINT('Ctrl Pts',(-4.28793419700763,-4.29060561933211,2.6));
#4386=CARTESIAN_POINT('Ctrl Pts',(-4.35143368846038,-4.35871641463135,2.58734354583268));
#4387=CARTESIAN_POINT('Ctrl Pts',(-4.43653111669312,-4.45023471427359,2.50494082002596));
#4388=CARTESIAN_POINT('Ctrl Pts',(-4.47895489190477,-4.4955482806983,2.39877523473483));
#4389=CARTESIAN_POINT('Ctrl Pts',(-4.48714153618282,-4.50426939624873,2.33300317663911));
#4390=CARTESIAN_POINT('Ctrl Pts',(-4.48714153618282,-4.50426939624873,2.3));
#4391=CARTESIAN_POINT('Ctrl Pts',(-4.25,-4.25,2.6));
#4392=CARTESIAN_POINT('Ctrl Pts',(-4.26923424073626,-4.30930557560348,2.6));
#4393=CARTESIAN_POINT('Ctrl Pts',(-4.30139365978329,-4.40842773015258,2.5721851319211));
#4394=CARTESIAN_POINT('Ctrl Pts',(-4.33690829184403,-4.50405515095478,2.47379605604324));
#4395=CARTESIAN_POINT('Ctrl Pts',(-4.35304944504314,-4.54298025495194,2.37981039259681));
#4396=CARTESIAN_POINT('Ctrl Pts',(-4.3560998688141,-4.55,2.32663946178067));
#4397=CARTESIAN_POINT('Ctrl Pts',(-4.3560998688141,-4.55,2.3));
#4398=CARTESIAN_POINT('Ctrl Pts',(-4.25,-4.25,2.6));
#4399=CARTESIAN_POINT('Ctrl Pts',(-4.26121997376282,-4.31731984257692,2.6));
#4400=CARTESIAN_POINT('Ctrl Pts',(-4.2798563017861,-4.42913781071662,2.56067644734662));
#4401=CARTESIAN_POINT('Ctrl Pts',(-4.29418912006165,-4.5151347203699,2.45252359914663));
#4402=CARTESIAN_POINT('Ctrl Pts',(-4.29915404327305,-4.54492425963832,2.36731265725421));
#4403=CARTESIAN_POINT('Ctrl Pts',(-4.3,-4.55,2.32243994752564));
#4404=CARTESIAN_POINT('Ctrl Pts',(-4.3,-4.55,2.3));
#4405=CARTESIAN_POINT('',(-4.55,-4.3,2.3));
#4406=CARTESIAN_POINT('',(-4.51595320997279,-4.42595320997279,2.3));
#4407=CARTESIAN_POINT('Origin',(-4.3,-4.3,2.3));
#4408=CARTESIAN_POINT('',(-4.42595320997279,-4.51595320997279,2.3));
#4409=CARTESIAN_POINT('Origin',(-4.3,-4.3,2.3));
#4410=CARTESIAN_POINT('',(-4.3,-4.55,2.3));
#4411=CARTESIAN_POINT('Origin',(-4.3,-4.3,2.3));
#4412=CARTESIAN_POINT('',(-4.25,-4.25,2.6));
#4413=CARTESIAN_POINT('Origin',(-4.25,-4.25,2.3));
#4414=CARTESIAN_POINT('Origin',(-4.25,-4.25,2.3));
#4415=CARTESIAN_POINT('Origin',(-2.275,-4.25,2.3));
#4416=CARTESIAN_POINT('',(-2.275,-4.25,2.6));
#4417=CARTESIAN_POINT('',(-2.275,-4.55,2.3));
#4418=CARTESIAN_POINT('Ctrl Pts',(-4.25,4.25,2.6));
#4419=CARTESIAN_POINT('Ctrl Pts',(-4.26121997376282,4.31731984257692,2.6));
#4420=CARTESIAN_POINT('Ctrl Pts',(-4.2798563017861,4.42913781071662,2.56067644734662));
#4421=CARTESIAN_POINT('Ctrl Pts',(-4.29418912006165,4.51513472036989,2.45252359914663));
#4422=CARTESIAN_POINT('Ctrl Pts',(-4.29915404327305,4.54492425963832,2.36731265725421));
#4423=CARTESIAN_POINT('Ctrl Pts',(-4.3,4.55,2.32243994752564));
#4424=CARTESIAN_POINT('Ctrl Pts',(-4.3,4.55,2.3));
#4425=CARTESIAN_POINT('Ctrl Pts',(-4.25,4.25,2.6));
#4426=CARTESIAN_POINT('Ctrl Pts',(-4.27190566306074,4.306634153279,2.6));
#4427=CARTESIAN_POINT('Ctrl Pts',(-4.30830664561481,4.40124612300388,2.5759533402584));
#4428=CARTESIAN_POINT('Ctrl Pts',(-4.35096345048414,4.50017016472745,2.48114403298843));
#4429=CARTESIAN_POINT('Ctrl Pts',(-4.37103434844076,4.54235318459761,2.3841836558404));
#4430=CARTESIAN_POINT('Ctrl Pts',(-4.37479982508547,4.55,2.32812039692936));
#4431=CARTESIAN_POINT('Ctrl Pts',(-4.37479982508547,4.55,2.3));
#4432=CARTESIAN_POINT('Ctrl Pts',(-4.25,4.25,2.6));
#4433=CARTESIAN_POINT('Ctrl Pts',(-4.29060561933211,4.28793419700763,2.6));
#4434=CARTESIAN_POINT('Ctrl Pts',(-4.35871641463135,4.35143368846038,2.58734354583268));
#4435=CARTESIAN_POINT('Ctrl Pts',(-4.45023471427359,4.43653111669312,2.50494082002596));
#4436=CARTESIAN_POINT('Ctrl Pts',(-4.4955482806983,4.47895489190477,2.39877523473483));
#4437=CARTESIAN_POINT('Ctrl Pts',(-4.50426939624873,4.48714153618282,2.33300317663911));
#4438=CARTESIAN_POINT('Ctrl Pts',(-4.50426939624873,4.48714153618282,2.3));
#4439=CARTESIAN_POINT('Ctrl Pts',(-4.25,4.25,2.6));
#4440=CARTESIAN_POINT('Ctrl Pts',(-4.30930557560348,4.26923424073626,2.6));
#4441=CARTESIAN_POINT('Ctrl Pts',(-4.40842773015258,4.30139365978329,2.5721851319211));
#4442=CARTESIAN_POINT('Ctrl Pts',(-4.50405515095478,4.33690829184403,2.47379605604324));
#4443=CARTESIAN_POINT('Ctrl Pts',(-4.54298025495194,4.35304944504314,2.37981039259681));
#4444=CARTESIAN_POINT('Ctrl Pts',(-4.55,4.3560998688141,2.32663946178067));
#4445=CARTESIAN_POINT('Ctrl Pts',(-4.55,4.3560998688141,2.3));
#4446=CARTESIAN_POINT('Ctrl Pts',(-4.25,4.25,2.6));
#4447=CARTESIAN_POINT('Ctrl Pts',(-4.31731984257692,4.26121997376282,2.6));
#4448=CARTESIAN_POINT('Ctrl Pts',(-4.42913781071662,4.2798563017861,2.56067644734662));
#4449=CARTESIAN_POINT('Ctrl Pts',(-4.5151347203699,4.29418912006165,2.45252359914663));
#4450=CARTESIAN_POINT('Ctrl Pts',(-4.54492425963832,4.29915404327305,2.36731265725421));
#4451=CARTESIAN_POINT('Ctrl Pts',(-4.55,4.3,2.32243994752564));
#4452=CARTESIAN_POINT('Ctrl Pts',(-4.55,4.3,2.3));
#4453=CARTESIAN_POINT('',(-4.3,4.55,2.3));
#4454=CARTESIAN_POINT('',(-4.42595320997279,4.51595320997279,2.3));
#4455=CARTESIAN_POINT('Origin',(-4.3,4.3,2.3));
#4456=CARTESIAN_POINT('',(-4.51595320997279,4.42595320997279,2.3));
#4457=CARTESIAN_POINT('Origin',(-4.3,4.3,2.3));
#4458=CARTESIAN_POINT('',(-4.55,4.3,2.3));
#4459=CARTESIAN_POINT('Origin',(-4.3,4.3,2.3));
#4460=CARTESIAN_POINT('',(-4.25,4.25,2.6));
#4461=CARTESIAN_POINT('Origin',(-4.25,4.25,2.3));
#4462=CARTESIAN_POINT('Origin',(-4.25,4.25,2.3));
#4463=CARTESIAN_POINT('Origin',(-4.25,2.275,2.3));
#4464=CARTESIAN_POINT('',(-4.25,2.275,2.6));
#4465=CARTESIAN_POINT('',(-4.55,2.275,2.3));
#4466=CARTESIAN_POINT('Origin',(2.275,4.25,2.3));
#4467=CARTESIAN_POINT('',(2.275,4.55,2.3));
#4468=CARTESIAN_POINT('',(2.275,4.25,2.6));
#4469=CARTESIAN_POINT('Origin',(4.3,-4.3,2.2));
#4470=CARTESIAN_POINT('',(4.51595320997279,-4.42595320997279,2.2));
#4471=CARTESIAN_POINT('',(4.51595320997279,-4.42595320997279,2.2));
#4472=CARTESIAN_POINT('',(4.55,-4.3,2.2));
#4473=CARTESIAN_POINT('Origin',(4.3,-4.3,2.2));
#4474=CARTESIAN_POINT('',(4.55,-4.3,2.2));
#4475=CARTESIAN_POINT('Origin',(4.3,-4.3,2.2));
#4476=CARTESIAN_POINT('',(4.3,-4.55,2.2));
#4477=CARTESIAN_POINT('',(4.3,-4.55,2.2));
#4478=CARTESIAN_POINT('',(4.42595320997279,-4.51595320997279,2.2));
#4479=CARTESIAN_POINT('Origin',(4.3,-4.3,2.2));
#4480=CARTESIAN_POINT('',(4.42595320997279,-4.51595320997279,2.2));
#4481=CARTESIAN_POINT('Origin',(-4.55,-4.55,2.2));
#4482=CARTESIAN_POINT('',(-4.3,-4.55,2.2));
#4483=CARTESIAN_POINT('',(-4.3,-4.55,2.2));
#4484=CARTESIAN_POINT('',(-4.55,-4.55,2.2));
#4485=CARTESIAN_POINT('Origin',(-4.3,-4.3,2.2));
#4486=CARTESIAN_POINT('',(-4.55,-4.3,2.2));
#4487=CARTESIAN_POINT('',(-4.55,-4.3,2.2));
#4488=CARTESIAN_POINT('',(-4.51595320997279,-4.42595320997279,2.2));
#4489=CARTESIAN_POINT('Origin',(-4.3,-4.3,2.2));
#4490=CARTESIAN_POINT('',(-4.51595320997279,-4.42595320997279,2.2));
#4491=CARTESIAN_POINT('Origin',(-4.3,-4.3,2.2));
#4492=CARTESIAN_POINT('',(-4.42595320997279,-4.51595320997279,2.2));
#4493=CARTESIAN_POINT('',(-4.42595320997279,-4.51595320997279,2.2));
#4494=CARTESIAN_POINT('Origin',(-4.3,-4.3,2.2));
#4495=CARTESIAN_POINT('Origin',(4.3,4.3,2.2));
#4496=CARTESIAN_POINT('',(4.42595320997279,4.51595320997279,2.2));
#4497=CARTESIAN_POINT('',(4.42595320997279,4.51595320997279,2.2));
#4498=CARTESIAN_POINT('',(4.3,4.55,2.2));
#4499=CARTESIAN_POINT('Origin',(4.3,4.3,2.2));
#4500=CARTESIAN_POINT('',(4.3,4.55,2.2));
#4501=CARTESIAN_POINT('Origin',(-4.55,4.55,2.2));
#4502=CARTESIAN_POINT('',(-4.55,4.3,2.2));
#4503=CARTESIAN_POINT('',(-4.55,4.3,2.2));
#4504=CARTESIAN_POINT('',(-4.55,4.55,2.2));
#4505=CARTESIAN_POINT('Origin',(-4.3,4.3,2.2));
#4506=CARTESIAN_POINT('',(-4.3,4.55,2.2));
#4507=CARTESIAN_POINT('',(-4.3,4.55,2.2));
#4508=CARTESIAN_POINT('',(-4.42595320997279,4.51595320997279,2.2));
#4509=CARTESIAN_POINT('Origin',(-4.3,4.3,2.2));
#4510=CARTESIAN_POINT('',(-4.42595320997279,4.51595320997279,2.2));
#4511=CARTESIAN_POINT('Origin',(-4.3,4.3,2.2));
#4512=CARTESIAN_POINT('',(-4.51595320997279,4.42595320997279,2.2));
#4513=CARTESIAN_POINT('',(-4.51595320997279,4.42595320997279,2.2));
#4514=CARTESIAN_POINT('Origin',(-4.3,4.3,2.2));
#4515=CARTESIAN_POINT('Origin',(0.,0.,2.6));
#4516=CARTESIAN_POINT('',(-0.3175,2.4,2.6));
#4517=CARTESIAN_POINT('Origin',(0.,2.4,2.6));
#4518=CARTESIAN_POINT('',(0.09,3.10358983848622,2.6));
#4519=CARTESIAN_POINT('Origin',(0.2,3.10358983848622,2.6));
#4520=CARTESIAN_POINT('',(-0.51,3.45,2.6));
#4521=CARTESIAN_POINT('Origin',(-0.4,3.45,2.6));
#4522=CARTESIAN_POINT('',(-0.31,3.79641016151378,2.6));
#4523=CARTESIAN_POINT('Origin',(-0.2,3.79641016151378,2.6));
#4524=CARTESIAN_POINT('',(0.29,3.45,2.6));
#4525=CARTESIAN_POINT('Origin',(0.4,3.45,2.6));
#4526=CARTESIAN_POINT('',(0.09,3.79641016151378,2.6));
#4527=CARTESIAN_POINT('Origin',(0.2,3.79641016151378,2.6));
#4528=CARTESIAN_POINT('',(-0.11,3.45,2.6));
#4529=CARTESIAN_POINT('Origin',(0.,3.45,2.6));
#4530=CARTESIAN_POINT('',(-0.31,3.10358983848622,2.6));
#4531=CARTESIAN_POINT('Origin',(-0.2,3.10358983848622,2.6));
#4532=CARTESIAN_POINT('',(-0.85,-2.6,2.6));
#4533=CARTESIAN_POINT('Origin',(0.,-2.6,2.6));
#4534=CARTESIAN_POINT('',(1.555,1.555,2.6));
#4535=CARTESIAN_POINT('',(-1.555,1.555,2.6));
#4536=CARTESIAN_POINT('',(0.7375,1.555,2.6));
#4537=CARTESIAN_POINT('',(1.555,-1.555,2.6));
#4538=CARTESIAN_POINT('',(1.555,-0.7375,2.6));
#4539=CARTESIAN_POINT('',(-1.555,-1.555,2.6));
#4540=CARTESIAN_POINT('',(-0.7375,-1.555,2.6));
#4541=CARTESIAN_POINT('',(-1.555,0.7375,2.6));
#4542=CARTESIAN_POINT('',(-2.57,1.,2.6));
#4543=CARTESIAN_POINT('',(-2.43,1.,2.6));
#4544=CARTESIAN_POINT('',(-1.215,1.,2.6));
#4545=CARTESIAN_POINT('',(-2.43,-1.,2.6));
#4546=CARTESIAN_POINT('',(-2.43,-0.5,2.6));
#4547=CARTESIAN_POINT('',(-2.57,-1.,2.6));
#4548=CARTESIAN_POINT('',(-1.285,-1.,2.6));
#4549=CARTESIAN_POINT('',(-2.57,0.5,2.6));
#4550=CARTESIAN_POINT('',(-1.97,1.,2.6));
#4551=CARTESIAN_POINT('',(-1.83,1.,2.6));
#4552=CARTESIAN_POINT('',(-0.915,1.,2.6));
#4553=CARTESIAN_POINT('',(-1.83,-1.,2.6));
#4554=CARTESIAN_POINT('',(-1.83,-0.5,2.6));
#4555=CARTESIAN_POINT('',(-1.97,-1.,2.6));
#4556=CARTESIAN_POINT('',(-0.985,-1.,2.6));
#4557=CARTESIAN_POINT('',(-1.97,0.5,2.6));
#4558=CARTESIAN_POINT('',(2.43,1.,2.6));
#4559=CARTESIAN_POINT('',(2.57,1.,2.6));
#4560=CARTESIAN_POINT('',(1.285,1.,2.6));
#4561=CARTESIAN_POINT('',(2.57,-1.,2.6));
#4562=CARTESIAN_POINT('',(2.57,-0.5,2.6));
#4563=CARTESIAN_POINT('',(2.43,-1.,2.6));
#4564=CARTESIAN_POINT('',(1.215,-1.,2.6));
#4565=CARTESIAN_POINT('',(2.43,0.5,2.6));
#4566=CARTESIAN_POINT('',(2.13,1.,2.6));
#4567=CARTESIAN_POINT('',(2.27,1.,2.6));
#4568=CARTESIAN_POINT('',(1.135,1.,2.6));
#4569=CARTESIAN_POINT('',(2.27,-1.,2.6));
#4570=CARTESIAN_POINT('',(2.27,-0.5,2.6));
#4571=CARTESIAN_POINT('',(2.13,-1.,2.6));
#4572=CARTESIAN_POINT('',(1.065,-1.,2.6));
#4573=CARTESIAN_POINT('',(2.13,0.5,2.6));
#4574=CARTESIAN_POINT('',(1.83,1.,2.6));
#4575=CARTESIAN_POINT('',(1.97,1.,2.6));
#4576=CARTESIAN_POINT('',(0.985,1.,2.6));
#4577=CARTESIAN_POINT('',(1.97,-1.,2.6));
#4578=CARTESIAN_POINT('',(1.97,-0.5,2.6));
#4579=CARTESIAN_POINT('',(1.83,-1.,2.6));
#4580=CARTESIAN_POINT('',(0.915,-1.,2.6));
#4581=CARTESIAN_POINT('',(1.83,0.5,2.6));
#4582=CARTESIAN_POINT('',(-2.27,1.,2.6));
#4583=CARTESIAN_POINT('',(-2.13,1.,2.6));
#4584=CARTESIAN_POINT('',(-1.065,1.,2.6));
#4585=CARTESIAN_POINT('',(-2.13,-1.,2.6));
#4586=CARTESIAN_POINT('',(-2.13,-0.5,2.6));
#4587=CARTESIAN_POINT('',(-2.27,-1.,2.6));
#4588=CARTESIAN_POINT('',(-1.135,-1.,2.6));
#4589=CARTESIAN_POINT('',(-2.27,0.5,2.6));
#4590=CARTESIAN_POINT('Origin',(-4.4,4.49,2.2));
#4591=CARTESIAN_POINT('',(-4.4,4.49,2.2));
#4592=CARTESIAN_POINT('',(-2.1775,2.2675,2.2));
#4593=CARTESIAN_POINT('',(-4.4,4.49,2.3));
#4594=CARTESIAN_POINT('',(-4.4,4.49,2.2));
#4595=CARTESIAN_POINT('',(-4.4,4.49,2.3));
#4596=CARTESIAN_POINT('Origin',(-4.49,4.49,2.3));
#4597=CARTESIAN_POINT('',(-4.49,4.4,2.3));
#4598=CARTESIAN_POINT('',(-4.49,4.4,2.3));
#4599=CARTESIAN_POINT('',(-4.58,4.49,2.3));
#4600=CARTESIAN_POINT('Origin',(-4.49,4.4,2.2));
#4601=CARTESIAN_POINT('',(-4.49,4.4,2.2));
#4602=CARTESIAN_POINT('',(-4.4675,4.4225,2.2));
#4603=CARTESIAN_POINT('',(-4.49,4.4,2.2));
#4604=CARTESIAN_POINT('Origin',(-4.58,4.49,2.2));
#4605=CARTESIAN_POINT('',(-2.3125,2.2225,2.2));
#4606=CARTESIAN_POINT('Origin',(4.58,-4.49,2.2));
#4607=CARTESIAN_POINT('',(4.49,-4.4,2.3));
#4608=CARTESIAN_POINT('',(4.58,-4.49,2.3));
#4609=CARTESIAN_POINT('',(4.49,-4.4,2.2));
#4610=CARTESIAN_POINT('',(4.49,-4.4,2.2));
#4611=CARTESIAN_POINT('',(2.3125,-2.2225,2.2));
#4612=CARTESIAN_POINT('Origin',(4.4,-4.49,2.2));
#4613=CARTESIAN_POINT('',(4.4,-4.49,2.2));
#4614=CARTESIAN_POINT('',(2.1775,-2.2675,2.2));
#4615=CARTESIAN_POINT('',(4.4,-4.49,2.3));
#4616=CARTESIAN_POINT('',(4.4,-4.49,2.2));
#4617=CARTESIAN_POINT('',(4.4,-4.49,2.3));
#4618=CARTESIAN_POINT('Origin',(4.49,-4.4,2.2));
#4619=CARTESIAN_POINT('',(4.4675,-4.4225,2.2));
#4620=CARTESIAN_POINT('',(4.49,-4.4,2.3));
#4621=CARTESIAN_POINT('Origin',(4.49,-4.49,2.3));
#4622=CARTESIAN_POINT('Origin',(4.49,4.4,2.2));
#4623=CARTESIAN_POINT('',(4.51595320997279,4.42595320997279,2.2));
#4624=CARTESIAN_POINT('',(4.51595320997279,4.42595320997279,2.2));
#4625=CARTESIAN_POINT('',(4.49,4.4,2.2));
#4626=CARTESIAN_POINT('',(2.2675,2.1775,2.2));
#4627=CARTESIAN_POINT('',(4.49,4.4,2.3));
#4628=CARTESIAN_POINT('',(4.49,4.4,2.2));
#4629=CARTESIAN_POINT('',(4.49,4.4,2.3));
#4630=CARTESIAN_POINT('Origin',(4.49,4.49,2.3));
#4631=CARTESIAN_POINT('',(4.4,4.49,2.3));
#4632=CARTESIAN_POINT('',(4.4,4.49,2.3));
#4633=CARTESIAN_POINT('',(4.49,4.58,2.3));
#4634=CARTESIAN_POINT('Origin',(4.4,4.49,2.2));
#4635=CARTESIAN_POINT('',(4.4,4.49,2.2));
#4636=CARTESIAN_POINT('',(4.4225,4.4675,2.2));
#4637=CARTESIAN_POINT('',(4.4,4.49,2.2));
#4638=CARTESIAN_POINT('Origin',(4.49,4.58,2.2));
#4639=CARTESIAN_POINT('',(2.2225,2.3125,2.2));
#4640=CARTESIAN_POINT('Origin',(-4.4,-4.49,2.2));
#4641=CARTESIAN_POINT('',(-4.4,-4.49,2.2));
#4642=CARTESIAN_POINT('',(-4.49,-4.4,2.2));
#4643=CARTESIAN_POINT('',(-4.4225,-4.4675,2.2));
#4644=CARTESIAN_POINT('',(-4.4,-4.49,2.3));
#4645=CARTESIAN_POINT('',(-4.4,-4.49,2.2));
#4646=CARTESIAN_POINT('',(-4.49,-4.4,2.3));
#4647=CARTESIAN_POINT('',(-4.4,-4.49,2.3));
#4648=CARTESIAN_POINT('',(-4.49,-4.4,2.2));
#4649=CARTESIAN_POINT('Origin',(-4.49,-4.58,2.2));
#4650=CARTESIAN_POINT('',(-4.49,-4.58,2.3));
#4651=CARTESIAN_POINT('',(-2.2225,-2.3125,2.2));
#4652=CARTESIAN_POINT('Origin',(-4.49,-4.4,2.2));
#4653=CARTESIAN_POINT('',(-2.2675,-2.1775,2.2));
#4654=CARTESIAN_POINT('',(-4.49,-4.4,2.3));
#4655=CARTESIAN_POINT('Origin',(-4.49,-4.49,2.3));
#4656=CARTESIAN_POINT('Origin',(4.3,4.3,2.2));
#4657=CARTESIAN_POINT('',(4.55,4.3,2.2));
#4658=CARTESIAN_POINT('',(4.55,4.3,2.2));
#4659=CARTESIAN_POINT('Origin',(4.3,4.3,2.2));
#4660=CARTESIAN_POINT('Origin',(0.,0.,2.2));
#4661=CARTESIAN_POINT('',(4.55,4.55,2.2));
#4662=CARTESIAN_POINT('',(4.55,-4.55,2.2));
#4663=CARTESIAN_POINT('',(3.955,4.215,2.2));
#4664=CARTESIAN_POINT('Origin',(4.215,4.215,2.2));
#4665=CARTESIAN_POINT('',(-4.475,4.215,2.2));
#4666=CARTESIAN_POINT('Origin',(-4.215,4.215,2.2));
#4667=CARTESIAN_POINT('',(-0.2575,2.4,2.2));
#4668=CARTESIAN_POINT('Origin',(0.,2.4,2.2));
#4669=CARTESIAN_POINT('',(0.218574929943944,4.115,2.2));
#4670=CARTESIAN_POINT('',(1.,4.115,2.2));
#4671=CARTESIAN_POINT('',(-0.5,4.115,2.2));
#4672=CARTESIAN_POINT('',(1.,4.235,2.2));
#4673=CARTESIAN_POINT('',(1.,2.0575,2.2));
#4674=CARTESIAN_POINT('',(-1.,4.235,2.2));
#4675=CARTESIAN_POINT('',(0.5,4.235,2.2));
#4676=CARTESIAN_POINT('',(-1.,4.115,2.2));
#4677=CARTESIAN_POINT('',(-1.,2.1175,2.2));
#4678=CARTESIAN_POINT('',(-0.218574929943944,4.115,2.2));
#4679=CARTESIAN_POINT('',(-0.5,4.115,2.2));
#4680=CARTESIAN_POINT('',(-0.7,3.45,2.2));
#4681=CARTESIAN_POINT('Origin',(0.,3.45,2.2));
#4682=CARTESIAN_POINT('Origin',(0.,3.45,2.2));
#4683=CARTESIAN_POINT('',(-3.625,2.8,2.2));
#4684=CARTESIAN_POINT('Origin',(-2.8,2.8,2.2));
#4685=CARTESIAN_POINT('',(1.975,-2.8,2.2));
#4686=CARTESIAN_POINT('Origin',(2.8,-2.8,2.2));
#4687=CARTESIAN_POINT('',(1.975,2.8,2.2));
#4688=CARTESIAN_POINT('Origin',(2.8,2.8,2.2));
#4689=CARTESIAN_POINT('',(-3.625,-2.8,2.2));
#4690=CARTESIAN_POINT('Origin',(-2.8,-2.8,2.2));
#4691=CARTESIAN_POINT('',(3.955,-4.215,2.2));
#4692=CARTESIAN_POINT('Origin',(4.215,-4.215,2.2));
#4693=CARTESIAN_POINT('',(-4.475,-4.215,2.2));
#4694=CARTESIAN_POINT('Origin',(-4.215,-4.215,2.2));
#4695=CARTESIAN_POINT('',(1.,-4.115,2.2));
#4696=CARTESIAN_POINT('',(-1.,-4.115,2.2));
#4697=CARTESIAN_POINT('',(0.5,-4.115,2.2));
#4698=CARTESIAN_POINT('',(-1.,-4.235,2.2));
#4699=CARTESIAN_POINT('',(-1.,-2.0575,2.2));
#4700=CARTESIAN_POINT('',(1.,-4.235,2.2));
#4701=CARTESIAN_POINT('',(-0.5,-4.235,2.2));
#4702=CARTESIAN_POINT('',(1.,-2.1175,2.2));
#4703=CARTESIAN_POINT('',(2.47,1.2,2.2));
#4704=CARTESIAN_POINT('',(2.47,-0.855,2.2));
#4705=CARTESIAN_POINT('',(2.47,0.6,2.2));
#4706=CARTESIAN_POINT('',(-2.47,1.71,2.2));
#4707=CARTESIAN_POINT('',(-2.47,0.95,2.2));
#4708=CARTESIAN_POINT('',(-3.3,1.71,2.2));
#4709=CARTESIAN_POINT('',(1.235,1.71,2.2));
#4710=CARTESIAN_POINT('',(-3.3,0.855,2.2));
#4711=CARTESIAN_POINT('',(-2.47,-0.6,2.2));
#4712=CARTESIAN_POINT('',(-0.9,-2.6,2.2));
#4713=CARTESIAN_POINT('Origin',(0.,-2.6,2.2));
#4714=CARTESIAN_POINT('Origin',(0.,-2.6,2.2));
#4715=CARTESIAN_POINT('Origin',(-2.27,-1.,2.55));
#4716=CARTESIAN_POINT('',(-2.13,-1.,2.55));
#4717=CARTESIAN_POINT('',(-2.13,-1.,2.55));
#4718=CARTESIAN_POINT('',(-2.27,-1.,2.55));
#4719=CARTESIAN_POINT('',(-2.27,-1.,2.55));
#4720=CARTESIAN_POINT('',(-2.27,-1.,2.55));
#4721=CARTESIAN_POINT('Origin',(-2.27,1.,2.55));
#4722=CARTESIAN_POINT('',(-2.27,1.,2.55));
#4723=CARTESIAN_POINT('',(-2.27,1.,2.55));
#4724=CARTESIAN_POINT('',(-2.27,1.,2.55));
#4725=CARTESIAN_POINT('Origin',(-2.13,1.,2.55));
#4726=CARTESIAN_POINT('',(-2.13,1.,2.55));
#4727=CARTESIAN_POINT('',(-2.13,1.,2.55));
#4728=CARTESIAN_POINT('',(-2.13,1.,2.55));
#4729=CARTESIAN_POINT('Origin',(-2.13,-1.,2.55));
#4730=CARTESIAN_POINT('',(-2.13,-1.,2.55));
#4731=CARTESIAN_POINT('Origin',(-2.2,0.,2.55));
#4732=CARTESIAN_POINT('Origin',(1.83,-1.,2.55));
#4733=CARTESIAN_POINT('',(1.97,-1.,2.55));
#4734=CARTESIAN_POINT('',(1.97,-1.,2.55));
#4735=CARTESIAN_POINT('',(1.83,-1.,2.55));
#4736=CARTESIAN_POINT('',(1.83,-1.,2.55));
#4737=CARTESIAN_POINT('',(1.83,-1.,2.55));
#4738=CARTESIAN_POINT('Origin',(1.83,1.,2.55));
#4739=CARTESIAN_POINT('',(1.83,1.,2.55));
#4740=CARTESIAN_POINT('',(1.83,1.,2.55));
#4741=CARTESIAN_POINT('',(1.83,1.,2.55));
#4742=CARTESIAN_POINT('Origin',(1.97,1.,2.55));
#4743=CARTESIAN_POINT('',(1.97,1.,2.55));
#4744=CARTESIAN_POINT('',(1.97,1.,2.55));
#4745=CARTESIAN_POINT('',(1.97,1.,2.55));
#4746=CARTESIAN_POINT('Origin',(1.97,-1.,2.55));
#4747=CARTESIAN_POINT('',(1.97,-1.,2.55));
#4748=CARTESIAN_POINT('Origin',(1.9,0.,2.55));
#4749=CARTESIAN_POINT('Origin',(2.13,-1.,2.55));
#4750=CARTESIAN_POINT('',(2.27,-1.,2.55));
#4751=CARTESIAN_POINT('',(2.27,-1.,2.55));
#4752=CARTESIAN_POINT('',(2.13,-1.,2.55));
#4753=CARTESIAN_POINT('',(2.13,-1.,2.55));
#4754=CARTESIAN_POINT('',(2.13,-1.,2.55));
#4755=CARTESIAN_POINT('Origin',(2.13,1.,2.55));
#4756=CARTESIAN_POINT('',(2.13,1.,2.55));
#4757=CARTESIAN_POINT('',(2.13,1.,2.55));
#4758=CARTESIAN_POINT('',(2.13,1.,2.55));
#4759=CARTESIAN_POINT('Origin',(2.27,1.,2.55));
#4760=CARTESIAN_POINT('',(2.27,1.,2.55));
#4761=CARTESIAN_POINT('',(2.27,1.,2.55));
#4762=CARTESIAN_POINT('',(2.27,1.,2.55));
#4763=CARTESIAN_POINT('Origin',(2.27,-1.,2.55));
#4764=CARTESIAN_POINT('',(2.27,-1.,2.55));
#4765=CARTESIAN_POINT('Origin',(2.2,0.,2.55));
#4766=CARTESIAN_POINT('Origin',(2.43,-1.,2.55));
#4767=CARTESIAN_POINT('',(2.57,-1.,2.55));
#4768=CARTESIAN_POINT('',(2.57,-1.,2.55));
#4769=CARTESIAN_POINT('',(2.43,-1.,2.55));
#4770=CARTESIAN_POINT('',(2.43,-1.,2.55));
#4771=CARTESIAN_POINT('',(2.43,-1.,2.55));
#4772=CARTESIAN_POINT('Origin',(2.43,1.,2.55));
#4773=CARTESIAN_POINT('',(2.43,1.,2.55));
#4774=CARTESIAN_POINT('',(2.43,1.,2.55));
#4775=CARTESIAN_POINT('',(2.43,1.,2.55));
#4776=CARTESIAN_POINT('Origin',(2.57,1.,2.55));
#4777=CARTESIAN_POINT('',(2.57,1.,2.55));
#4778=CARTESIAN_POINT('',(2.57,1.,2.55));
#4779=CARTESIAN_POINT('',(2.57,1.,2.55));
#4780=CARTESIAN_POINT('Origin',(2.57,-1.,2.55));
#4781=CARTESIAN_POINT('',(2.57,-1.,2.55));
#4782=CARTESIAN_POINT('Origin',(2.5,0.,2.55));
#4783=CARTESIAN_POINT('Origin',(-1.97,-1.,2.55));
#4784=CARTESIAN_POINT('',(-1.83,-1.,2.55));
#4785=CARTESIAN_POINT('',(-1.83,-1.,2.55));
#4786=CARTESIAN_POINT('',(-1.97,-1.,2.55));
#4787=CARTESIAN_POINT('',(-1.97,-1.,2.55));
#4788=CARTESIAN_POINT('',(-1.97,-1.,2.55));
#4789=CARTESIAN_POINT('Origin',(-1.97,1.,2.55));
#4790=CARTESIAN_POINT('',(-1.97,1.,2.55));
#4791=CARTESIAN_POINT('',(-1.97,1.,2.55));
#4792=CARTESIAN_POINT('',(-1.97,1.,2.55));
#4793=CARTESIAN_POINT('Origin',(-1.83,1.,2.55));
#4794=CARTESIAN_POINT('',(-1.83,1.,2.55));
#4795=CARTESIAN_POINT('',(-1.83,1.,2.55));
#4796=CARTESIAN_POINT('',(-1.83,1.,2.55));
#4797=CARTESIAN_POINT('Origin',(-1.83,-1.,2.55));
#4798=CARTESIAN_POINT('',(-1.83,-1.,2.55));
#4799=CARTESIAN_POINT('Origin',(-1.9,0.,2.55));
#4800=CARTESIAN_POINT('Origin',(-2.57,-1.,2.55));
#4801=CARTESIAN_POINT('',(-2.43,-1.,2.55));
#4802=CARTESIAN_POINT('',(-2.43,-1.,2.55));
#4803=CARTESIAN_POINT('',(-2.57,-1.,2.55));
#4804=CARTESIAN_POINT('',(-2.57,-1.,2.55));
#4805=CARTESIAN_POINT('',(-2.57,-1.,2.55));
#4806=CARTESIAN_POINT('Origin',(-2.57,1.,2.55));
#4807=CARTESIAN_POINT('',(-2.57,1.,2.55));
#4808=CARTESIAN_POINT('',(-2.57,1.,2.55));
#4809=CARTESIAN_POINT('',(-2.57,1.,2.55));
#4810=CARTESIAN_POINT('Origin',(-2.43,1.,2.55));
#4811=CARTESIAN_POINT('',(-2.43,1.,2.55));
#4812=CARTESIAN_POINT('',(-2.43,1.,2.55));
#4813=CARTESIAN_POINT('',(-2.43,1.,2.55));
#4814=CARTESIAN_POINT('Origin',(-2.43,-1.,2.55));
#4815=CARTESIAN_POINT('',(-2.43,-1.,2.55));
#4816=CARTESIAN_POINT('Origin',(-2.5,0.,2.55));
#4817=CARTESIAN_POINT('Origin',(4.55,-4.55,2.2));
#4818=CARTESIAN_POINT('Origin',(0.7375,1.515,2.56));
#4819=CARTESIAN_POINT('',(-1.475,1.475,2.52));
#4820=CARTESIAN_POINT('',(-1.555,1.555,2.6));
#4821=CARTESIAN_POINT('',(1.475,1.475,2.52));
#4822=CARTESIAN_POINT('',(0.7375,1.475,2.52));
#4823=CARTESIAN_POINT('',(1.475,1.475,2.52));
#4824=CARTESIAN_POINT('Origin',(-1.515,0.7375,2.56));
#4825=CARTESIAN_POINT('',(-1.475,-1.475,2.52));
#4826=CARTESIAN_POINT('',(-1.475,0.7375,2.52));
#4827=CARTESIAN_POINT('',(-1.475,-1.475,2.52));
#4828=CARTESIAN_POINT('Origin',(1.515,-0.7375,2.56));
#4829=CARTESIAN_POINT('',(1.475,-1.475,2.52));
#4830=CARTESIAN_POINT('',(1.475,-0.7375,2.52));
#4831=CARTESIAN_POINT('',(1.475,-1.475,2.52));
#4832=CARTESIAN_POINT('Origin',(-0.7375,-1.515,2.56));
#4833=CARTESIAN_POINT('',(-0.7375,-1.475,2.52));
#4834=CARTESIAN_POINT('Origin',(1.475,-1.475,2.47));
#4835=CARTESIAN_POINT('',(1.475,1.475,2.48));
#4836=CARTESIAN_POINT('',(1.475,1.475,2.47));
#4837=CARTESIAN_POINT('',(1.475,-1.475,2.48));
#4838=CARTESIAN_POINT('',(1.475,-0.7375,2.48));
#4839=CARTESIAN_POINT('',(1.475,-1.475,2.47));
#4840=CARTESIAN_POINT('Origin',(1.475,1.475,2.47));
#4841=CARTESIAN_POINT('',(-1.475,1.475,2.48));
#4842=CARTESIAN_POINT('',(-1.475,1.475,2.47));
#4843=CARTESIAN_POINT('',(0.53,1.475,2.48));
#4844=CARTESIAN_POINT('Origin',(0.,2.4,2.57));
#4845=CARTESIAN_POINT('',(-0.2575,2.4,2.54));
#4846=CARTESIAN_POINT('',(-0.2875,2.4,2.57));
#4847=CARTESIAN_POINT('Origin',(0.,2.4,2.54));
#4848=CARTESIAN_POINT('Origin',(0.,2.4,2.19));
#4849=CARTESIAN_POINT('',(-0.2575,2.4,2.19));
#4850=CARTESIAN_POINT('Origin',(0.,-2.6,2.55));
#4851=CARTESIAN_POINT('',(-0.8,-2.6,2.55));
#4852=CARTESIAN_POINT('Origin',(1.,-4.115,1.9));
#4853=CARTESIAN_POINT('',(1.,-4.115,1.9));
#4854=CARTESIAN_POINT('',(-1.,-4.115,1.9));
#4855=CARTESIAN_POINT('',(1.,-4.115,1.9));
#4856=CARTESIAN_POINT('',(-1.,-4.115,1.9));
#4857=CARTESIAN_POINT('',(1.,-4.115,1.9));
#4858=CARTESIAN_POINT('Origin',(1.,-4.235,1.9));
#4859=CARTESIAN_POINT('',(1.,-4.235,1.9));
#4860=CARTESIAN_POINT('',(1.,-4.235,1.9));
#4861=CARTESIAN_POINT('',(1.,-4.235,1.9));
#4862=CARTESIAN_POINT('Origin',(-1.,-4.235,1.9));
#4863=CARTESIAN_POINT('',(-1.,-4.235,1.9));
#4864=CARTESIAN_POINT('',(-1.,-4.235,1.9));
#4865=CARTESIAN_POINT('',(-1.,-4.235,1.9));
#4866=CARTESIAN_POINT('Origin',(-1.,-4.115,1.9));
#4867=CARTESIAN_POINT('',(-1.,-4.115,1.9));
#4868=CARTESIAN_POINT('Origin',(0.,-4.175,1.9));
#4869=CARTESIAN_POINT('Origin',(0.,4.175,2.2));
#4870=CARTESIAN_POINT('Origin',(0.,3.45,2.2));
#4871=CARTESIAN_POINT('',(-1.,4.115,2.2));
#4872=CARTESIAN_POINT('Origin',(1.,4.235,1.9));
#4873=CARTESIAN_POINT('',(1.,4.235,1.9));
#4874=CARTESIAN_POINT('',(-1.,4.235,1.9));
#4875=CARTESIAN_POINT('',(1.,4.235,1.9));
#4876=CARTESIAN_POINT('',(-1.,4.235,1.9));
#4877=CARTESIAN_POINT('',(1.,4.235,1.9));
#4878=CARTESIAN_POINT('Origin',(1.,4.115,1.9));
#4879=CARTESIAN_POINT('',(1.,4.115,1.9));
#4880=CARTESIAN_POINT('',(1.,4.115,1.9));
#4881=CARTESIAN_POINT('',(1.,4.115,1.9));
#4882=CARTESIAN_POINT('Origin',(-1.,4.115,1.9));
#4883=CARTESIAN_POINT('',(-1.,4.115,1.9));
#4884=CARTESIAN_POINT('',(-1.,4.115,1.9));
#4885=CARTESIAN_POINT('',(-1.,4.115,1.9));
#4886=CARTESIAN_POINT('Origin',(-1.,4.235,1.9));
#4887=CARTESIAN_POINT('',(-1.,4.235,1.9));
#4888=CARTESIAN_POINT('Origin',(0.,4.175,1.9));
#4889=CARTESIAN_POINT('Origin',(-4.215,4.215,0.2));
#4890=CARTESIAN_POINT('',(-4.335,4.215,0.2));
#4891=CARTESIAN_POINT('Origin',(-4.215,4.215,0.2));
#4892=CARTESIAN_POINT('',(-4.335,4.215,1.2));
#4893=CARTESIAN_POINT('',(-4.335,4.215,0.2));
#4894=CARTESIAN_POINT('Origin',(-4.215,4.215,1.2));
#4895=CARTESIAN_POINT('Origin',(-4.215,4.215,1.2));
#4896=CARTESIAN_POINT('Origin',(4.215,-4.215,0.2));
#4897=CARTESIAN_POINT('',(4.095,-4.215,0.2));
#4898=CARTESIAN_POINT('Origin',(4.215,-4.215,0.2));
#4899=CARTESIAN_POINT('',(4.095,-4.215,1.2));
#4900=CARTESIAN_POINT('',(4.095,-4.215,0.2));
#4901=CARTESIAN_POINT('Origin',(4.215,-4.215,1.2));
#4902=CARTESIAN_POINT('Origin',(4.215,-4.215,1.2));
#4903=CARTESIAN_POINT('Origin',(4.215,4.215,0.2));
#4904=CARTESIAN_POINT('',(4.095,4.215,0.2));
#4905=CARTESIAN_POINT('Origin',(4.215,4.215,0.2));
#4906=CARTESIAN_POINT('',(4.095,4.215,1.2));
#4907=CARTESIAN_POINT('',(4.095,4.215,0.2));
#4908=CARTESIAN_POINT('Origin',(4.215,4.215,1.2));
#4909=CARTESIAN_POINT('Origin',(4.215,4.215,1.2));
#4910=CARTESIAN_POINT('Origin',(-4.215,-4.215,0.2));
#4911=CARTESIAN_POINT('',(-4.335,-4.215,0.2));
#4912=CARTESIAN_POINT('Origin',(-4.215,-4.215,0.2));
#4913=CARTESIAN_POINT('',(-4.335,-4.215,1.2));
#4914=CARTESIAN_POINT('',(-4.335,-4.215,0.2));
#4915=CARTESIAN_POINT('Origin',(-4.215,-4.215,1.2));
#4916=CARTESIAN_POINT('Origin',(-4.215,-4.215,1.2));
#4917=CARTESIAN_POINT('Origin',(-4.215,-4.215,0.2));
#4918=CARTESIAN_POINT('',(-4.475,-4.215,0.2));
#4919=CARTESIAN_POINT('',(-4.475,-4.215,0.2));
#4920=CARTESIAN_POINT('Origin',(-4.215,-4.215,0.2));
#4921=CARTESIAN_POINT('Origin',(-4.215,-4.215,0.2));
#4922=CARTESIAN_POINT('Origin',(4.215,4.215,0.2));
#4923=CARTESIAN_POINT('',(3.955,4.215,0.2));
#4924=CARTESIAN_POINT('',(3.955,4.215,0.2));
#4925=CARTESIAN_POINT('Origin',(4.215,4.215,0.2));
#4926=CARTESIAN_POINT('Origin',(4.215,4.215,0.2));
#4927=CARTESIAN_POINT('Origin',(4.215,-4.215,0.2));
#4928=CARTESIAN_POINT('',(3.955,-4.215,0.2));
#4929=CARTESIAN_POINT('',(3.955,-4.215,0.2));
#4930=CARTESIAN_POINT('Origin',(4.215,-4.215,0.2));
#4931=CARTESIAN_POINT('Origin',(4.215,-4.215,0.2));
#4932=CARTESIAN_POINT('Origin',(-4.215,4.215,0.2));
#4933=CARTESIAN_POINT('',(-4.475,4.215,0.2));
#4934=CARTESIAN_POINT('',(-4.475,4.215,0.2));
#4935=CARTESIAN_POINT('Origin',(-4.215,4.215,0.2));
#4936=CARTESIAN_POINT('Origin',(-4.215,4.215,0.2));
#4937=CARTESIAN_POINT('Origin',(-0.2,3.10358983848622,2.51));
#4938=CARTESIAN_POINT('',(-0.31,3.10358983848622,2.52));
#4939=CARTESIAN_POINT('Origin',(-0.2,3.10358983848622,2.52));
#4940=CARTESIAN_POINT('',(-0.31,3.10358983848622,2.51));
#4941=CARTESIAN_POINT('Origin',(0.,3.45,2.51));
#4942=CARTESIAN_POINT('',(-0.11,3.45,2.52));
#4943=CARTESIAN_POINT('Origin',(0.,3.45,2.52));
#4944=CARTESIAN_POINT('',(-0.11,3.45,2.51));
#4945=CARTESIAN_POINT('Origin',(0.2,3.79641016151378,2.51));
#4946=CARTESIAN_POINT('',(0.09,3.79641016151378,2.52));
#4947=CARTESIAN_POINT('Origin',(0.2,3.79641016151378,2.52));
#4948=CARTESIAN_POINT('',(0.09,3.79641016151378,2.51));
#4949=CARTESIAN_POINT('Origin',(0.4,3.45,2.51));
#4950=CARTESIAN_POINT('',(0.29,3.45,2.52));
#4951=CARTESIAN_POINT('Origin',(0.4,3.45,2.52));
#4952=CARTESIAN_POINT('',(0.29,3.45,2.51));
#4953=CARTESIAN_POINT('Origin',(-0.2,3.79641016151378,2.51));
#4954=CARTESIAN_POINT('',(-0.31,3.79641016151378,2.52));
#4955=CARTESIAN_POINT('Origin',(-0.2,3.79641016151378,2.52));
#4956=CARTESIAN_POINT('',(-0.31,3.79641016151378,2.51));
#4957=CARTESIAN_POINT('Origin',(-0.4,3.45,2.51));
#4958=CARTESIAN_POINT('',(-0.51,3.45,2.52));
#4959=CARTESIAN_POINT('Origin',(-0.4,3.45,2.52));
#4960=CARTESIAN_POINT('',(-0.51,3.45,2.51));
#4961=CARTESIAN_POINT('Origin',(0.2,3.10358983848622,2.51));
#4962=CARTESIAN_POINT('',(0.09,3.10358983848622,2.52));
#4963=CARTESIAN_POINT('Origin',(0.2,3.10358983848622,2.52));
#4964=CARTESIAN_POINT('',(0.09,3.10358983848622,2.51));
#4965=CARTESIAN_POINT('Origin',(0.,3.45,2.19));
#4966=CARTESIAN_POINT('',(-0.7,3.45,2.52));
#4967=CARTESIAN_POINT('',(-0.7,3.45,2.19));
#4968=CARTESIAN_POINT('Origin',(0.,3.45,2.52));
#4969=CARTESIAN_POINT('Origin',(0.,3.45,2.52));
#4970=CARTESIAN_POINT('Origin',(0.,-2.6,1.92));
#4971=CARTESIAN_POINT('',(-0.51,-2.6,1.93));
#4972=CARTESIAN_POINT('Origin',(0.,-2.6,1.93));
#4973=CARTESIAN_POINT('',(-0.51,-2.6,2.03));
#4974=CARTESIAN_POINT('',(-0.51,-2.6,1.92));
#4975=CARTESIAN_POINT('Origin',(0.,-2.6,2.03));
#4976=CARTESIAN_POINT('Origin',(0.,-2.6,2.03));
#4977=CARTESIAN_POINT('Origin',(0.,-2.6,1.93));
#4978=CARTESIAN_POINT('',(-0.9,-2.6,1.93));
#4979=CARTESIAN_POINT('',(-0.9,-2.6,1.93));
#4980=CARTESIAN_POINT('Origin',(0.,-2.6,1.93));
#4981=CARTESIAN_POINT('Origin',(0.,-2.6,1.93));
#4982=CARTESIAN_POINT('Origin',(-2.8,-2.8,1.66));
#4983=CARTESIAN_POINT('',(-3.275,-2.8,1.8));
#4984=CARTESIAN_POINT('Origin',(-2.8,-2.8,1.8));
#4985=CARTESIAN_POINT('',(-3.275,-2.8,1.66));
#4986=CARTESIAN_POINT('',(-3.275,-2.8,1.66));
#4987=CARTESIAN_POINT('Origin',(-2.8,-2.8,1.66));
#4988=CARTESIAN_POINT('Origin',(-2.8,-2.8,1.66));
#4989=CARTESIAN_POINT('',(-3.4,-2.8,1.8));
#4990=CARTESIAN_POINT('Origin',(-2.8,-2.8,1.8));
#4991=CARTESIAN_POINT('',(-3.4,-2.8,1.66));
#4992=CARTESIAN_POINT('',(-3.4,-2.8,1.66));
#4993=CARTESIAN_POINT('Origin',(-2.8,-2.8,1.66));
#4994=CARTESIAN_POINT('Origin',(-2.8,-2.8,1.66));
#4995=CARTESIAN_POINT('Origin',(-2.8,-2.8,1.8));
#4996=CARTESIAN_POINT('',(-3.625,-2.8,1.8));
#4997=CARTESIAN_POINT('Origin',(-2.8,-2.8,1.8));
#4998=CARTESIAN_POINT('Origin',(2.8,2.8,1.66));
#4999=CARTESIAN_POINT('',(2.325,2.8,1.8));
#5000=CARTESIAN_POINT('Origin',(2.8,2.8,1.8));
#5001=CARTESIAN_POINT('',(2.325,2.8,1.66));
#5002=CARTESIAN_POINT('',(2.325,2.8,1.66));
#5003=CARTESIAN_POINT('Origin',(2.8,2.8,1.66));
#5004=CARTESIAN_POINT('Origin',(2.8,2.8,1.66));
#5005=CARTESIAN_POINT('',(2.2,2.8,1.8));
#5006=CARTESIAN_POINT('Origin',(2.8,2.8,1.8));
#5007=CARTESIAN_POINT('',(2.2,2.8,1.66));
#5008=CARTESIAN_POINT('',(2.2,2.8,1.66));
#5009=CARTESIAN_POINT('Origin',(2.8,2.8,1.66));
#5010=CARTESIAN_POINT('Origin',(2.8,2.8,1.66));
#5011=CARTESIAN_POINT('Origin',(2.8,2.8,1.8));
#5012=CARTESIAN_POINT('',(1.975,2.8,1.8));
#5013=CARTESIAN_POINT('Origin',(2.8,2.8,1.8));
#5014=CARTESIAN_POINT('Origin',(2.8,-2.8,1.66));
#5015=CARTESIAN_POINT('',(2.325,-2.8,1.8));
#5016=CARTESIAN_POINT('Origin',(2.8,-2.8,1.8));
#5017=CARTESIAN_POINT('',(2.325,-2.8,1.66));
#5018=CARTESIAN_POINT('',(2.325,-2.8,1.66));
#5019=CARTESIAN_POINT('Origin',(2.8,-2.8,1.66));
#5020=CARTESIAN_POINT('Origin',(2.8,-2.8,1.66));
#5021=CARTESIAN_POINT('',(2.2,-2.8,1.8));
#5022=CARTESIAN_POINT('Origin',(2.8,-2.8,1.8));
#5023=CARTESIAN_POINT('',(2.2,-2.8,1.66));
#5024=CARTESIAN_POINT('',(2.2,-2.8,1.66));
#5025=CARTESIAN_POINT('Origin',(2.8,-2.8,1.66));
#5026=CARTESIAN_POINT('Origin',(2.8,-2.8,1.66));
#5027=CARTESIAN_POINT('Origin',(2.8,-2.8,1.8));
#5028=CARTESIAN_POINT('',(1.975,-2.8,1.8));
#5029=CARTESIAN_POINT('Origin',(2.8,-2.8,1.8));
#5030=CARTESIAN_POINT('Origin',(-2.8,2.8,1.66));
#5031=CARTESIAN_POINT('',(-3.275,2.8,1.8));
#5032=CARTESIAN_POINT('Origin',(-2.8,2.8,1.8));
#5033=CARTESIAN_POINT('',(-3.275,2.8,1.66));
#5034=CARTESIAN_POINT('',(-3.275,2.8,1.66));
#5035=CARTESIAN_POINT('Origin',(-2.8,2.8,1.66));
#5036=CARTESIAN_POINT('Origin',(-2.8,2.8,1.66));
#5037=CARTESIAN_POINT('',(-3.4,2.8,1.8));
#5038=CARTESIAN_POINT('Origin',(-2.8,2.8,1.8));
#5039=CARTESIAN_POINT('',(-3.4,2.8,1.66));
#5040=CARTESIAN_POINT('',(-3.4,2.8,1.66));
#5041=CARTESIAN_POINT('Origin',(-2.8,2.8,1.66));
#5042=CARTESIAN_POINT('Origin',(-2.8,2.8,1.66));
#5043=CARTESIAN_POINT('Origin',(-2.8,2.8,1.8));
#5044=CARTESIAN_POINT('',(-3.625,2.8,1.8));
#5045=CARTESIAN_POINT('Origin',(-2.8,2.8,1.8));
#5046=CARTESIAN_POINT('Origin',(-2.8,2.8,1.79));
#5047=CARTESIAN_POINT('',(-3.025,2.8,1.8));
#5048=CARTESIAN_POINT('Origin',(-2.8,2.8,1.8));
#5049=CARTESIAN_POINT('',(-3.025,2.8,1.95));
#5050=CARTESIAN_POINT('',(-3.025,2.8,1.79));
#5051=CARTESIAN_POINT('Origin',(-2.8,2.8,1.95));
#5052=CARTESIAN_POINT('Origin',(2.8,-2.8,1.79));
#5053=CARTESIAN_POINT('',(2.575,-2.8,1.8));
#5054=CARTESIAN_POINT('Origin',(2.8,-2.8,1.8));
#5055=CARTESIAN_POINT('',(2.575,-2.8,1.95));
#5056=CARTESIAN_POINT('',(2.575,-2.8,1.79));
#5057=CARTESIAN_POINT('Origin',(2.8,-2.8,1.95));
#5058=CARTESIAN_POINT('Origin',(2.8,2.8,1.79));
#5059=CARTESIAN_POINT('',(2.575,2.8,1.8));
#5060=CARTESIAN_POINT('Origin',(2.8,2.8,1.8));
#5061=CARTESIAN_POINT('',(2.575,2.8,1.95));
#5062=CARTESIAN_POINT('',(2.575,2.8,1.79));
#5063=CARTESIAN_POINT('Origin',(2.8,2.8,1.95));
#5064=CARTESIAN_POINT('Origin',(-2.8,-2.8,1.79));
#5065=CARTESIAN_POINT('',(-3.025,-2.8,1.8));
#5066=CARTESIAN_POINT('Origin',(-2.8,-2.8,1.8));
#5067=CARTESIAN_POINT('',(-3.025,-2.8,1.95));
#5068=CARTESIAN_POINT('',(-3.025,-2.8,1.79));
#5069=CARTESIAN_POINT('Origin',(-2.8,-2.8,1.95));
#5070=CARTESIAN_POINT('Origin',(-2.8,2.8,1.95));
#5071=CARTESIAN_POINT('',(-3.3,2.8,1.95));
#5072=CARTESIAN_POINT('Origin',(-2.8,2.8,1.95));
#5073=CARTESIAN_POINT('',(-3.3,2.8,1.95));
#5074=CARTESIAN_POINT('Origin',(-2.8,2.8,1.95));
#5075=CARTESIAN_POINT('Origin',(2.8,-2.8,1.95));
#5076=CARTESIAN_POINT('',(2.3,-2.8,1.95));
#5077=CARTESIAN_POINT('Origin',(2.8,-2.8,1.95));
#5078=CARTESIAN_POINT('',(2.3,-2.8,1.95));
#5079=CARTESIAN_POINT('Origin',(2.8,-2.8,1.95));
#5080=CARTESIAN_POINT('Origin',(2.8,2.8,1.95));
#5081=CARTESIAN_POINT('',(2.3,2.8,1.95));
#5082=CARTESIAN_POINT('Origin',(2.8,2.8,1.95));
#5083=CARTESIAN_POINT('',(2.3,2.8,1.95));
#5084=CARTESIAN_POINT('Origin',(2.8,2.8,1.95));
#5085=CARTESIAN_POINT('Origin',(-2.8,-2.8,1.95));
#5086=CARTESIAN_POINT('',(-3.3,-2.8,1.95));
#5087=CARTESIAN_POINT('Origin',(-2.8,-2.8,1.95));
#5088=CARTESIAN_POINT('',(-3.3,-2.8,1.95));
#5089=CARTESIAN_POINT('Origin',(-2.8,-2.8,1.95));
#5090=CARTESIAN_POINT('Origin',(-2.8,-2.8,1.8));
#5091=CARTESIAN_POINT('',(-3.625,-2.8,1.8));
#5092=CARTESIAN_POINT('Origin',(-2.8,-2.8,1.8));
#5093=CARTESIAN_POINT('Origin',(2.8,2.8,1.8));
#5094=CARTESIAN_POINT('',(1.975,2.8,1.8));
#5095=CARTESIAN_POINT('Origin',(2.8,2.8,1.8));
#5096=CARTESIAN_POINT('Origin',(2.8,-2.8,1.8));
#5097=CARTESIAN_POINT('',(1.975,-2.8,1.8));
#5098=CARTESIAN_POINT('Origin',(2.8,-2.8,1.8));
#5099=CARTESIAN_POINT('Origin',(-2.8,2.8,1.8));
#5100=CARTESIAN_POINT('',(-3.625,2.8,1.8));
#5101=CARTESIAN_POINT('Origin',(-2.8,2.8,1.8));
#5102=CARTESIAN_POINT('Origin',(-1.475,-1.475,2.47));
#5103=CARTESIAN_POINT('',(-1.475,-1.475,2.48));
#5104=CARTESIAN_POINT('',(-0.945,-1.475,2.48));
#5105=CARTESIAN_POINT('',(-1.475,-1.475,2.47));
#5106=CARTESIAN_POINT('Origin',(-1.475,1.475,2.47));
#5107=CARTESIAN_POINT('',(-1.475,0.7375,2.48));
#5108=CARTESIAN_POINT('Origin',(2.47,-1.2,2.085));
#5109=CARTESIAN_POINT('',(-2.47,-1.2,2.205));
#5110=CARTESIAN_POINT('',(-2.47,-1.2,2.045));
#5111=CARTESIAN_POINT('',(2.47,-1.2,2.205));
#5112=CARTESIAN_POINT('',(2.47,-1.2,2.205));
#5113=CARTESIAN_POINT('',(2.47,-1.2,2.1375));
#5114=CARTESIAN_POINT('Origin',(-2.47,-1.2,2.085));
#5115=CARTESIAN_POINT('',(-2.47,-1.2,2.205));
#5116=CARTESIAN_POINT('Origin',(0.,-1.455,2.205));
#5117=CARTESIAN_POINT('',(2.47,-1.5825,2.205));
#5118=CARTESIAN_POINT('Origin',(2.47,-1.71,2.19));
#5119=CARTESIAN_POINT('',(2.47,1.71,2.48));
#5120=CARTESIAN_POINT('',(2.47,-1.71,2.48));
#5121=CARTESIAN_POINT('',(2.47,1.71,2.205));
#5122=CARTESIAN_POINT('',(2.47,1.71,2.19));
#5123=CARTESIAN_POINT('',(2.47,1.2,2.205));
#5124=CARTESIAN_POINT('',(2.47,-0.1275,2.205));
#5125=CARTESIAN_POINT('',(2.47,1.2,2.1375));
#5126=CARTESIAN_POINT('Origin',(2.47,1.2,2.085));
#5127=CARTESIAN_POINT('',(2.47,1.2,2.085));
#5128=CARTESIAN_POINT('Origin',(-2.47,1.2,2.085));
#5129=CARTESIAN_POINT('',(-2.47,1.2,2.205));
#5130=CARTESIAN_POINT('',(-2.47,1.2,2.205));
#5131=CARTESIAN_POINT('',(-2.47,1.2,2.085));
#5132=CARTESIAN_POINT('Origin',(-2.47,1.71,2.085));
#5133=CARTESIAN_POINT('',(-2.47,1.71,2.205));
#5134=CARTESIAN_POINT('',(-2.47,1.71,2.205));
#5135=CARTESIAN_POINT('',(-2.47,1.71,2.1375));
#5136=CARTESIAN_POINT('Origin',(0.,1.455,2.205));
#5137=CARTESIAN_POINT('',(1.235,1.71,2.205));
#5138=CARTESIAN_POINT('Origin',(2.47,1.71,2.19));
#5139=CARTESIAN_POINT('',(-3.3,1.71,2.48));
#5140=CARTESIAN_POINT('',(2.47,1.71,2.48));
#5141=CARTESIAN_POINT('',(-3.3,1.71,2.19));
#5142=CARTESIAN_POINT('Origin',(-3.3,1.71,2.19));
#5143=CARTESIAN_POINT('',(-3.3,1.71,2.48));
#5144=CARTESIAN_POINT('Origin',(-0.415,0.,2.48));
#5145=CARTESIAN_POINT('Origin',(4.55,4.55,2.2));
#5146=UNCERTAINTY_MEASURE_WITH_UNIT(LENGTH_MEASURE(0.001),#5150,
'DISTANCE_ACCURACY_VALUE',
'Maximum model space distance between geometric entities at asserted c
onnectivities');
#5147=UNCERTAINTY_MEASURE_WITH_UNIT(LENGTH_MEASURE(0.001),#5150,
'DISTANCE_ACCURACY_VALUE',
'Maximum model space distance between geometric entities at asserted c
onnectivities');
#5148=(
GEOMETRIC_REPRESENTATION_CONTEXT(3)
GLOBAL_UNCERTAINTY_ASSIGNED_CONTEXT((#5146))
GLOBAL_UNIT_ASSIGNED_CONTEXT((#5150,#5152,#5153))
REPRESENTATION_CONTEXT('','3D')
);
#5149=(
GEOMETRIC_REPRESENTATION_CONTEXT(3)
GLOBAL_UNCERTAINTY_ASSIGNED_CONTEXT((#5147))
GLOBAL_UNIT_ASSIGNED_CONTEXT((#5150,#5152,#5153))
REPRESENTATION_CONTEXT('','3D')
);
#5150=(
LENGTH_UNIT()
NAMED_UNIT(*)
SI_UNIT(.CENTI.,.METRE.)
);
#5151=(
LENGTH_UNIT()
NAMED_UNIT(*)
SI_UNIT($,.METRE.)
);
#5152=(
NAMED_UNIT(*)
PLANE_ANGLE_UNIT()
SI_UNIT($,.RADIAN.)
);
#5153=(
NAMED_UNIT(*)
SI_UNIT($,.STERADIAN.)
SOLID_ANGLE_UNIT()
);
#5154=SHAPE_DEFINITION_REPRESENTATION(#5155,#5156);
#5155=PRODUCT_DEFINITION_SHAPE('',$,#5158);
#5156=SHAPE_REPRESENTATION('',(#3000),#5148);
#5157=PRODUCT_DEFINITION_CONTEXT('part definition',#5162,'design');
#5158=PRODUCT_DEFINITION('Lid','Lid',#5159,#5157);
#5159=PRODUCT_DEFINITION_FORMATION('',$,#5164);
#5160=PRODUCT_RELATED_PRODUCT_CATEGORY('Lid','Lid',(#5164));
#5161=APPLICATION_PROTOCOL_DEFINITION('international standard',
'automotive_design',2009,#5162);
#5162=APPLICATION_CONTEXT(
'Core Data for Automotive Mechanical Design Process');
#5163=PRODUCT_CONTEXT('part definition',#5162,'mechanical');
#5164=PRODUCT('Lid','Lid',$,(#5163));
#5165=PRESENTATION_STYLE_ASSIGNMENT((#5167));
#5166=PRESENTATION_STYLE_ASSIGNMENT((#5168));
#5167=SURFACE_STYLE_USAGE(.BOTH.,#5169);
#5168=SURFACE_STYLE_USAGE(.BOTH.,#5170);
#5169=SURFACE_SIDE_STYLE('',(#5171));
#5170=SURFACE_SIDE_STYLE('',(#5172));
#5171=SURFACE_STYLE_FILL_AREA(#5173);
#5172=SURFACE_STYLE_FILL_AREA(#5174);
#5173=FILL_AREA_STYLE('Steel - Satin',(#5175));
#5174=FILL_AREA_STYLE('Tough 2000 (with Formlabs SLA 3D Printers)',(#5176));
#5175=FILL_AREA_STYLE_COLOUR('Steel - Satin',#5177);
#5176=FILL_AREA_STYLE_COLOUR(
'Tough 2000 (with Formlabs SLA 3D Printers)',#5178);
#5177=COLOUR_RGB('Steel - Satin',0.627450980392157,0.627450980392157,0.627450980392157);
#5178=COLOUR_RGB('Tough 2000 (with Formlabs SLA 3D Printers)',0.247058823529412,
0.247058823529412,0.247058823529412);
ENDSEC;
END-ISO-10303-21;
